old_path	new_path	reason
ios/chat/clickup-ios-chat-chat-06904e8e-9a1b-4ee8-98dd-3756f6927b9a.webp	ios/ai/clickup-ios-ai-chat-06904e8e-9a1b-4ee8-98dd-3756f6927b9a.webp	ClickUp Brain task-summary chat panel, not the Chat feature
ios/editors/clickup-ios-editors-docs-b4bcc6fa-1d5a-4420-bc42-d889fe388f8c.webp	ios/docs/clickup-ios-docs-docs-b4bcc6fa-1d5a-4420-bc42-d889fe388f8c.webp	Doc title with formatting toolbar and keyboard open
ios/editors/clickup-ios-editors-forms-19d00768-0372-4e61-b96e-01db5ad98611.webp	ios/dialogs/clickup-ios-dialogs-forms-19d00768-0372-4e61-b96e-01db5ad98611.webp	Duplicate List confirmation modal, not a form
ios/editors/clickup-ios-editors-forms-782436c8-4353-4dc0-aecc-75794a4d3b3c.webp	ios/collaboration/clickup-ios-collaboration-forms-782436c8-4353-4dc0-aecc-75794a4d3b3c.webp	Public share-link panel with permission toggles
ios/editors/clickup-ios-editors-forms-7ed3ef89-da66-40f1-b052-a9ed9f01db49.webp	ios/dialogs/clickup-ios-dialogs-forms-7ed3ef89-da66-40f1-b052-a9ed9f01db49.webp	Duplicate List confirmation modal, not a form
ios/editors/clickup-ios-editors-forms-aee9b213-5812-4d23-9c2e-61762a6802a6.webp	ios/dialogs/clickup-ios-dialogs-forms-aee9b213-5812-4d23-9c2e-61762a6802a6.webp	Duplicate List confirmation modal, not a form
ios/editors/clickup-ios-editors-notepad-3434dd8c-3963-4906-8b93-1783e0f81764.webp	ios/dialogs/clickup-ios-dialogs-notepad-3434dd8c-3963-4906-8b93-1783e0f81764.webp	Convert-to-task confirmation modal (Delete/Archive/Keep)
ios/editors/clickup-ios-editors-notepad-50b69716-9bbb-4425-bf29-2a4bbff18f60.webp	ios/menus/clickup-ios-menus-notepad-50b69716-9bbb-4425-bf29-2a4bbff18f60.webp	Bottom-sheet overflow menu (Rename/Convert/Archive/Delete)
ios/filters/clickup-ios-filters-filters-19b00eaa-f469-4634-a804-b1e33ac1fc70.webp	ios/dialogs/clickup-ios-dialogs-filters-19b00eaa-f469-4634-a804-b1e33ac1fc70.webp	Duplicate List confirmation modal, not a filter screen
ios/filters/clickup-ios-filters-sort-3fe0480a-8509-4e6a-82c8-b193dabfaef2.webp	ios/settings/clickup-ios-settings-sort-3fe0480a-8509-4e6a-82c8-b193dabfaef2.webp	Default launch page settings picker, not a sort control
ios/navigation/clickup-ios-navigation-favorites-0de9a4f7-8854-4775-b34a-b7ae1a835fd8.webp	ios/menus/clickup-ios-menus-favorites-0de9a4f7-8854-4775-b34a-b7ae1a835fd8.webp	Task Options overflow menu, not a favorites destination
ios/navigation/clickup-ios-navigation-favorites-1ca1bab7-0440-428f-ac6e-a1bd4d824789.webp	ios/menus/clickup-ios-menus-favorites-1ca1bab7-0440-428f-ac6e-a1bd4d824789.webp	List settings overflow menu, not a favorites destination
ios/navigation/clickup-ios-navigation-favorites-370898c6-d7ef-4941-b1e6-28f202cec19b.webp	ios/menus/clickup-ios-menus-favorites-370898c6-d7ef-4941-b1e6-28f202cec19b.webp	Task Options overflow menu, not a favorites destination
ios/navigation/clickup-ios-navigation-favorites-54ec7183-f0e1-46e4-b0c2-6dcc6fe580fb.webp	ios/menus/clickup-ios-menus-favorites-54ec7183-f0e1-46e4-b0c2-6dcc6fe580fb.webp	Task Options overflow menu, not a favorites destination
ios/navigation/clickup-ios-navigation-favorites-a47c10d9-9603-47bc-a5f7-67952eec3e10.webp	ios/menus/clickup-ios-menus-favorites-a47c10d9-9603-47bc-a5f7-67952eec3e10.webp	Task Options overflow menu, not a favorites destination
ios/navigation/clickup-ios-navigation-favorites-a8f682ae-9369-462b-9532-909e36c127e8.webp	ios/menus/clickup-ios-menus-favorites-a8f682ae-9369-462b-9532-909e36c127e8.webp	Task Options overflow menu, not a favorites destination
ios/navigation/clickup-ios-navigation-favorites-ecf32465-764a-4a7e-bfc7-b0f63859a7e4.webp	ios/menus/clickup-ios-menus-favorites-ecf32465-764a-4a7e-bfc7-b0f63859a7e4.webp	Task Options overflow menu, not a favorites destination
ios/navigation/clickup-ios-navigation-home-00e1f356-5dbc-43c4-b21d-1668bd553833.webp	ios/views/clickup-ios-views-home-00e1f356-5dbc-43c4-b21d-1668bd553833.webp	My Work rendered task/calendar list, not the Home destination
ios/navigation/clickup-ios-navigation-home-0494d348-c628-4602-93f9-d8dfa47221eb.webp	ios/views/clickup-ios-views-home-0494d348-c628-4602-93f9-d8dfa47221eb.webp	My Work rendered task/calendar list, not the Home destination
ios/navigation/clickup-ios-navigation-home-544b27c3-6617-4a6e-95c7-ea9e06902ea2.webp	ios/views/clickup-ios-views-home-544b27c3-6617-4a6e-95c7-ea9e06902ea2.webp	My Work rendered task/calendar list, not the Home destination
ios/navigation/clickup-ios-navigation-home-5ad6a44a-3e51-4056-9a30-f4eb3fac8af3.webp	ios/views/clickup-ios-views-home-5ad6a44a-3e51-4056-9a30-f4eb3fac8af3.webp	My Work rendered calendar week, not the Home destination
ios/navigation/clickup-ios-navigation-home-99d9d5ab-d435-4fa1-aad0-1588f34fb2b8.webp	ios/views/clickup-ios-views-home-99d9d5ab-d435-4fa1-aad0-1588f34fb2b8.webp	My Work rendered task/calendar list, not the Home destination
ios/navigation/clickup-ios-navigation-home-c3f7f860-8aec-40f8-92b4-6242c14a5c5e.webp	ios/states/clickup-ios-states-home-c3f7f860-8aec-40f8-92b4-6242c14a5c5e.webp	"No Favorites!" empty state
ios/navigation/clickup-ios-navigation-home-d9ff90b4-29aa-4618-841d-b4416c721316.webp	ios/menus/clickup-ios-menus-home-d9ff90b4-29aa-4618-841d-b4416c721316.webp	Global create-new action sheet (Track time/Notepad/Invite/Ask AI/Doc/Task)
ios/navigation/clickup-ios-navigation-home-ecb1790e-e9b8-494c-8022-224b41476d34.webp	ios/views/clickup-ios-views-home-ecb1790e-e9b8-494c-8022-224b41476d34.webp	My Work rendered task list, not the Home destination
ios/navigation/clickup-ios-navigation-search-3cae3bac-3163-4a7e-9e9e-9ddfe03829f2.webp	ios/tasks/clickup-ios-tasks-search-3cae3bac-3163-4a7e-9e9e-9ddfe03829f2.webp	"Pick a location" task-move picker, not a search screen
ios/navigation/clickup-ios-navigation-search-3e935320-0c53-4425-a261-e124b1a7976a.webp	ios/collaboration/clickup-ios-collaboration-search-3e935320-0c53-4425-a261-e124b1a7976a.webp	Watchers list (search person/team to watch), not a search screen
ios/navigation/clickup-ios-navigation-search-71211a74-3a8d-42f2-a3a7-641c30817acd.webp	ios/tasks/clickup-ios-tasks-search-71211a74-3a8d-42f2-a3a7-641c30817acd.webp	"Add to location" task-move picker, not a search screen
ios/navigation/clickup-ios-navigation-sidebar-7e852f3b-b33a-4ec3-ad7e-0b9af94513d2.webp	ios/tasks/clickup-ios-tasks-sidebar-7e852f3b-b33a-4ec3-ad7e-0b9af94513d2.webp	"Pick a location" task-move picker, not the sidebar
ios/navigation/clickup-ios-navigation-tab-bar-84795435-a488-43d6-94da-f8cc732ca48f.webp	ios/views/clickup-ios-views-tab-bar-84795435-a488-43d6-94da-f8cc732ca48f.webp	My Work rendered calendar week, not the tab bar
ios/notifications/clickup-ios-notifications-reminders-2ad13613-e5b6-4451-a0c0-0f451cb831cb.webp	ios/views/clickup-ios-views-reminders-2ad13613-e5b6-4451-a0c0-0f451cb831cb.webp	Rendered Overdue reminders list view
ios/settings/clickup-ios-settings-settings-782436c8-4353-4dc0-aecc-75794a4d5b3c.webp	ios/collaboration/clickup-ios-collaboration-settings-782436c8-4353-4dc0-aecc-75794a4d5b3c.webp	Public share-link panel, not app settings
ios/settings/clickup-ios-settings-settings-7f248abd-f90a-4477-a2a7-8b9aa0cbcc10.webp	ios/collaboration/clickup-ios-collaboration-settings-7f248abd-f90a-4477-a2a7-8b9aa0cbcc10.webp	Public share-link panel, not app settings
ios/tasks/clickup-ios-tasks-activity-348306ab-dd87-4526-a724-56361a873e93.webp	ios/collaboration/clickup-ios-collaboration-activity-348306ab-dd87-4526-a724-56361a873e93.webp	Task Comments thread, not the task-activity/detail surface
ios/tasks/clickup-ios-tasks-activity-c02787ae-2a69-4325-840e-e2fac38022e1.webp	ios/collaboration/clickup-ios-collaboration-activity-c02787ae-2a69-4325-840e-e2fac38022e1.webp	Task Comments thread (resolved), not the task-activity/detail surface
ios/tasks/clickup-ios-tasks-assignee-picker-b8505d68-ff6a-41dc-9afe-25872e6fba3a.webp	ios/collaboration/clickup-ios-collaboration-assignee-picker-b8505d68-ff6a-41dc-9afe-25872e6fba3a.webp	Watchers list, not an assignee picker
ios/tasks/clickup-ios-tasks-assignee-picker-bff91def-d964-4e4e-9d3e-483b2506a91e.webp	ios/collaboration/clickup-ios-collaboration-assignee-picker-bff91def-d964-4e4e-9d3e-483b2506a91e.webp	Share Permissions/Access Level panel, not an assignee picker
ios/tasks/clickup-ios-tasks-assignee-picker-c56fc912-5c96-44a8-ab2f-57a8c8147425.webp	ios/collaboration/clickup-ios-collaboration-assignee-picker-c56fc912-5c96-44a8-ab2f-57a8c8147425.webp	Comment "Assigned to Anyone" thread popup, not an assignee picker
ios/tasks/clickup-ios-tasks-assignee-picker-e73c5d81-3580-48c0-b710-e3909fb2cd60.webp	ios/collaboration/clickup-ios-collaboration-assignee-picker-e73c5d81-3580-48c0-b710-e3909fb2cd60.webp	Share Permissions panel (Private), not an assignee picker
ios/tasks/clickup-ios-tasks-assignee-picker-f576d175-79ca-479f-9070-316957e5f35b.webp	ios/collaboration/clickup-ios-collaboration-assignee-picker-f576d175-79ca-479f-9070-316957e5f35b.webp	Share Permissions panel (Limited), not an assignee picker
ios/tasks/clickup-ios-tasks-attachments-5ff80253-48a3-4c00-bbcf-8673b6010408.webp	ios/ai/clickup-ios-ai-attachments-5ff80253-48a3-4c00-bbcf-8673b6010408.webp	ClickUp Brain task-summary chat panel, not an attachments screen
ios/views/clickup-ios-views-list-view-479b3a03-5bac-4be3-98b7-b9fc2d8139c9.webp	ios/tasks/clickup-ios-tasks-list-view-479b3a03-5bac-4be3-98b7-b9fc2d8139c9.webp	Task Relationships panel, not a rendered list view
ios/views/clickup-ios-views-my-tasks-3a3b2c04-ff74-446b-8e26-c2b587e41979.webp	ios/tasks/clickup-ios-tasks-my-tasks-3a3b2c04-ff74-446b-8e26-c2b587e41979.webp	Task detail panel, not the My Work view
ios/views/clickup-ios-views-my-tasks-aaa1d09a-954d-479b-a590-aa2012ce885e.webp	ios/tasks/clickup-ios-tasks-my-tasks-aaa1d09a-954d-479b-a590-aa2012ce885e.webp	Task create/edit sheet, not the My Work view
ios/views/clickup-ios-views-my-tasks-bfc39794-f97a-4237-8940-970a6720e4b2.webp	ios/tasks/clickup-ios-tasks-my-tasks-bfc39794-f97a-4237-8940-970a6720e4b2.webp	Task Relationships panel, not the My Work view
ios/views/clickup-ios-views-my-tasks-f70f4ee9-1c26-4e8d-a8e6-2152260fac3d.webp	ios/tasks/clickup-ios-tasks-my-tasks-f70f4ee9-1c26-4e8d-a8e6-2152260fac3d.webp	Task detail panel, not the My Work view
ios/views/clickup-ios-views-my-tasks-fdf99039-e57d-452b-9b4e-c79e162cd8cc.webp	ios/tasks/clickup-ios-tasks-my-tasks-fdf99039-e57d-452b-9b4e-c79e162cd8cc.webp	Task Checklists panel, not the My Work view
ios/views/clickup-ios-views-view-switcher-7fe3bd0a-372b-4eac-9b50-1c06943a4211.webp	ios/collaboration/clickup-ios-collaboration-view-switcher-7fe3bd0a-372b-4eac-9b50-1c06943a4211.webp	Task Comments thread (resolved), not a view switcher
ios/views/clickup-ios-views-view-switcher-a27bca20-10f0-4fd3-b9b1-b742ce0ff1bb.webp	ios/tasks/clickup-ios-tasks-view-switcher-a27bca20-10f0-4fd3-b9b1-b742ce0ff1bb.webp	Task detail Layout/Options panel, not a view switcher
ios/views/clickup-ios-views-view-switcher-c9ded613-5ac2-4a10-845f-9270716fa62d.webp	ios/tasks/clickup-ios-tasks-view-switcher-c9ded613-5ac2-4a10-845f-9270716fa62d.webp	Task detail Layout/Options panel, not a view switcher
ios/views/clickup-ios-views-view-switcher-d0507715-f3c4-45cc-aa77-37c1f421bc6e.webp	ios/collaboration/clickup-ios-collaboration-view-switcher-d0507715-f3c4-45cc-aa77-37c1f421bc6e.webp	Publish-to-web share panel, not a view switcher
web/upgrade/clickup-web-upgrade-cancel-97dbb2bf-724c-4adb-a474-b0b718110b66.webp	web/settings/clickup-web-settings-cancel-97dbb2bf-724c-4adb-a474-b0b718110b66.webp	All Settings workspace-preferences page, not a cancellation/upgrade screen
web/upgrade/clickup-web-upgrade-paywall-6f2d4f5a-54cb-4ce5-bf7a-fe266baa89fa.webp	web/settings/clickup-web-settings-paywall-6f2d4f5a-54cb-4ce5-bf7a-fe266baa89fa.webp	Billing tab plan-comparison page under Settings, not a paywall interrupt
web/upgrade/clickup-web-upgrade-pricing-6f2d4f5a-54cb-4ce5-bf7a-fe266baa89fa.webp	web/settings/clickup-web-settings-pricing-6f2d4f5a-54cb-4ce5-bf7a-fe266baa89fa.webp	Same Billing tab plan-comparison page under Settings
web/upgrade/clickup-web-upgrade-pricing-a05c11ae-f16f-45f5-8a63-1fe42b17bc92.webp	web/database/clickup-web-database-pricing-a05c11ae-f16f-45f5-8a63-1fe42b17bc92.webp	Enable ClickApps configuration modal over a list view
web/upgrade/clickup-web-upgrade-promo-151b9d5e-a299-456b-9b7b-ce522d399c1e.webp	web/settings/clickup-web-settings-promo-151b9d5e-a299-456b-9b7b-ce522d399c1e.webp	Billing invoice/payment-method form under Settings
web/upgrade/clickup-web-upgrade-promo-3eb5e082-9800-4a83-bdc6-3bd37fecdc3e.webp	web/settings/clickup-web-settings-promo-3eb5e082-9800-4a83-bdc6-3bd37fecdc3e.webp	Billing invoice/payment-method form under Settings
web/upgrade/clickup-web-upgrade-promo-836f41ca-5ff9-4cd0-bcf4-7471ce3b1aa9.webp	web/settings/clickup-web-settings-promo-836f41ca-5ff9-4cd0-bcf4-7471ce3b1aa9.webp	Billing invoice/payment-method form under Settings
web/upgrade/clickup-web-upgrade-promo-c8211574-3ee4-4f07-93fa-b250eb2d5da7.webp	web/settings/clickup-web-settings-promo-c8211574-3ee4-4f07-93fa-b250eb2d5da7.webp	Billing invoice/payment-method form under Settings
web/upgrade/clickup-web-upgrade-promo-e5a22094-5dcb-4539-85f1-2a2b95aba427.webp	web/settings/clickup-web-settings-promo-e5a22094-5dcb-4539-85f1-2a2b95aba427.webp	Billing invoice/payment-method form under Settings
web/upgrade/clickup-web-upgrade-promo-f80af1b0-9f25-4537-ad8d-efbf02243804.webp	web/settings/clickup-web-settings-promo-f80af1b0-9f25-4537-ad8d-efbf02243804.webp	Billing invoice/payment-method form under Settings, card saved
web/filters/clickup-web-filters-group-by-0dd5afa1-323c-443d-9156-381875f8374d.webp	web/views/clickup-web-views-group-by-0dd5afa1-323c-443d-9156-381875f8374d.webp	Rendered List view grouped by status, group-by dropdown incidental
web/filters/clickup-web-filters-group-by-3da0d960-d8ff-4a14-b23c-a6d9049c9842.webp	web/views/clickup-web-views-group-by-3da0d960-d8ff-4a14-b23c-a6d9049c9842.webp	Rendered List view (Group: None)
web/filters/clickup-web-filters-group-by-4a1e7597-03a3-473c-8cd8-011e6b5de0e6.webp	web/views/clickup-web-views-group-by-4a1e7597-03a3-473c-8cd8-011e6b5de0e6.webp	Rendered List view grouped by status, dark mode
web/filters/clickup-web-filters-group-by-53f50eb9-da32-4a12-94af-7cc1bdf63b61.webp	web/views/clickup-web-views-group-by-53f50eb9-da32-4a12-94af-7cc1bdf63b61.webp	Rendered List view (CRM Accounts & Opportunities)
web/filters/clickup-web-filters-group-by-7ec1420c-57d6-4790-ad03-f23e95ce811e.webp	web/tasks/clickup-web-tasks-group-by-7ec1420c-57d6-4790-ad03-f23e95ce811e.webp	Task detail side panel (description, attachments) dominates
web/filters/clickup-web-filters-group-by-88b6b1cf-4dbc-41ee-9a58-7075dd42ea83.webp	web/views/clickup-web-views-group-by-88b6b1cf-4dbc-41ee-9a58-7075dd42ea83.webp	Rendered List view, folder-template toast incidental
web/filters/clickup-web-filters-group-by-8a714ab4-93a1-4c57-8cfd-fff72cb02f75.webp	web/database/clickup-web-database-group-by-8a714ab4-93a1-4c57-8cfd-fff72cb02f75.webp	"Edit Design Team statuses" workflow/status template editor
web/filters/clickup-web-filters-group-by-9aa78cb1-9207-4ace-bbf5-e21bbc48d967.webp	web/dashboards/clickup-web-dashboards-group-by-9aa78cb1-9207-4ace-bbf5-e21bbc48d967.webp	"Workload by Status" Dashboard card configuration
web/filters/clickup-web-filters-group-by-cdb1fd4b-343e-4558-ad06-1aacdc6b9566.webp	web/views/clickup-web-views-group-by-cdb1fd4b-343e-4558-ad06-1aacdc6b9566.webp	Rendered List view grouped by status (Design Resources)
web/filters/clickup-web-filters-group-by-ce51540b-f02f-4926-909c-adad6b67a10e.webp	web/dashboards/clickup-web-dashboards-group-by-ce51540b-f02f-4926-909c-adad6b67a10e.webp	"Create a Dashboard" template chooser
web/filters/clickup-web-filters-group-by-dad96764-4132-4ba1-a165-2a17eb1cef18.webp	web/views/clickup-web-views-group-by-dad96764-4132-4ba1-a165-2a17eb1cef18.webp	Rendered List view with a status color picker
web/filters/clickup-web-filters-group-by-fcd7d80b-ab9c-4d07-8429-1bd6d77fbc83.webp	web/views/clickup-web-views-group-by-fcd7d80b-ab9c-4d07-8429-1bd6d77fbc83.webp	Rendered List view (Open group), archive toast incidental
web/filters/clickup-web-filters-sort-0300b854-a1ec-4809-811e-8872504e6d31.webp	web/dashboards/clickup-web-dashboards-sort-0300b854-a1ec-4809-811e-8872504e6d31.webp	All Dashboards list with columns picker, not a sort/filter screen
web/filters/clickup-web-filters-sort-07424901-5870-49c2-bb9e-4d351f7baefc.webp	web/extra/clickup-web-extra-sort-07424901-5870-49c2-bb9e-4d351f7baefc.webp	Clips (screen recordings) grid, no existing group fits
web/filters/clickup-web-filters-sort-305171ca-3ad1-4991-8446-c550be1e1127.webp	web/extra/clickup-web-extra-sort-305171ca-3ad1-4991-8446-c550be1e1127.webp	Clips grid, no existing group fits
web/filters/clickup-web-filters-sort-30541bfc-8478-4372-a352-9a9cbf07aac8.webp	web/dashboards/clickup-web-dashboards-sort-30541bfc-8478-4372-a352-9a9cbf07aac8.webp	All Dashboards list with columns picker
web/filters/clickup-web-filters-sort-49c7a493-a4e2-4110-aaca-46b6c4859553.webp	web/dashboards/clickup-web-dashboards-sort-49c7a493-a4e2-4110-aaca-46b6c4859553.webp	All Dashboards list sorted by Date updated
web/filters/clickup-web-filters-sort-585b1a8e-ea1d-497a-93bd-fcb385c31854.webp	web/extra/clickup-web-extra-sort-585b1a8e-ea1d-497a-93bd-fcb385c31854.webp	Clips grid, no existing group fits
web/filters/clickup-web-filters-sort-6f429054-91b4-4fc4-bb7c-c013dd7f26e5.webp	web/collaboration/clickup-web-collaboration-sort-6f429054-91b4-4fc4-bb7c-c013dd7f26e5.webp	Team members table (roles, emails), not a sort/filter screen
web/filters/clickup-web-filters-sort-7587be5b-57f1-49c3-b571-58b7859abb59.webp	web/dashboards/clickup-web-dashboards-sort-7587be5b-57f1-49c3-b571-58b7859abb59.webp	All Dashboards list sorted by Date created
web/filters/clickup-web-filters-sort-80923a2d-f6ad-40f7-88c8-bb85726c1ac2.webp	web/docs/clickup-web-docs-sort-80923a2d-f6ad-40f7-88c8-bb85726c1ac2.webp	Docs list view (Doc cards), not a sort/filter screen
web/filters/clickup-web-filters-sort-84d812e5-4fe7-47ce-a9e0-35918ad42f40.webp	web/dashboards/clickup-web-dashboards-sort-84d812e5-4fe7-47ce-a9e0-35918ad42f40.webp	All Dashboards list, Sort dropdown open (Date created/updated/viewed/Name)
web/filters/clickup-web-filters-sort-a363f817-16ec-48d8-b638-8a336a4b9c9c.webp	web/dashboards/clickup-web-dashboards-sort-a363f817-16ec-48d8-b638-8a336a4b9c9c.webp	Dashboard "Add card" widget picker
web/filters/clickup-web-filters-sort-c0f8f0f5-2e13-4855-b340-cc1364ad247a.webp	web/views/clickup-web-views-sort-c0f8f0f5-2e13-4855-b340-cc1364ad247a.webp	Rendered List view (CRM Accounts & Opportunities)
web/filters/clickup-web-filters-sort-c9477c5f-10f3-4e17-9fd1-dd48245b122d.webp	web/database/clickup-web-database-sort-c9477c5f-10f3-4e17-9fd1-dd48245b122d.webp	"Default settings for views" required-views configuration modal
web/filters/clickup-web-filters-sort-cbbf234a-9399-4b50-802b-5759f60efeae.webp	web/views/clickup-web-views-sort-cbbf234a-9399-4b50-802b-5759f60efeae.webp	Rendered List view (Design Team, Open 11 tasks)
web/filters/clickup-web-filters-sort-ccfeaa37-a23f-4cda-9fa3-c4a709fffc83.webp	web/extra/clickup-web-extra-sort-ccfeaa37-a23f-4cda-9fa3-c4a709fffc83.webp	Clips grid, no existing group fits
web/filters/clickup-web-filters-sort-cd13cd94-378a-4421-800f-462b79571473.webp	web/extra/clickup-web-extra-sort-cd13cd94-378a-4421-800f-462b79571473.webp	Clips grid with a rename/download/delete context menu
web/filters/clickup-web-filters-sort-e1b401e0-7b5a-44f7-92a8-1baae793916a.webp	web/database/clickup-web-database-sort-e1b401e0-7b5a-44f7-92a8-1baae793916a.webp	"Default settings for views" configuration modal
web/filters/clickup-web-filters-sort-f29cc127-41de-441b-b4d4-1c84d9d0b838.webp	web/dashboards/clickup-web-dashboards-sort-f29cc127-41de-441b-b4d4-1c84d9d0b838.webp	Dashboard "Activity view" card configuration
web/notifications/clickup-web-notifications-banner-1de74873-d04f-4e55-9aa0-818722303b5b.webp	web/onboarding/clickup-web-onboarding-banner-1de74873-d04f-4e55-9aa0-818722303b5b.webp	"Get Started with Tasks & Views" video onboarding tour modal
web/notifications/clickup-web-notifications-banner-6b6e90a4-85da-4600-93bb-aecbba67188c.webp	web/onboarding/clickup-web-onboarding-banner-6b6e90a4-85da-4600-93bb-aecbba67188c.webp	"Explore Your Workspace" video onboarding tour modal
web/notifications/clickup-web-notifications-banner-6df96748-af8a-4a9b-9fad-f0620e259908.webp	web/settings/clickup-web-settings-banner-6df96748-af8a-4a9b-9fad-f0620e259908.webp	Billing plan-comparison page under Settings, not a notification
web/notifications/clickup-web-notifications-banner-6e73bf82-be8d-4e6a-8024-f25467a224bc.webp	web/settings/clickup-web-settings-banner-6e73bf82-be8d-4e6a-8024-f25467a224bc.webp	Billing plan-comparison page under Settings ("upgraded" banner incidental)
web/notifications/clickup-web-notifications-banner-6f2d4f5a-54cb-4ce5-bf7a-fe266baa89fa.webp	web/settings/clickup-web-settings-banner-6f2d4f5a-54cb-4ce5-bf7a-fe266baa89fa.webp	Billing tab plan page under Settings
web/notifications/clickup-web-notifications-banner-71a033be-3ec2-46a0-92a7-0d6b9724091f.webp	web/forms/clickup-web-forms-banner-71a033be-3ec2-46a0-92a7-0d6b9724091f.webp	Form-view submission confirmation ("Thank You!")
web/notifications/clickup-web-notifications-banner-7f83c61b-a654-42d8-b74f-663fda621ef3.webp	web/ai/clickup-web-ai-banner-7f83c61b-a654-42d8-b74f-663fda621ef3.webp	ClickUp Brain chat panel with suggested prompts
web/notifications/clickup-web-notifications-banner-92226a0f-a8de-466c-a995-fb5c238060a4.webp	web/marketing/clickup-web-marketing-banner-92226a0f-a8de-466c-a995-fb5c238060a4.webp	Feature-promo banner ("You, but better organized" calendar connect)
web/notifications/clickup-web-notifications-banner-b78f52e6-749c-48cd-a667-2a68e3310286.webp	web/marketing/clickup-web-marketing-banner-b78f52e6-749c-48cd-a667-2a68e3310286.webp	Feature-promo banner, same calendar-connect campaign
web/notifications/clickup-web-notifications-banner-fbde25a1-43dc-4baa-acb3-a3e3ad9b9985.webp	web/onboarding/clickup-web-onboarding-banner-fbde25a1-43dc-4baa-acb3-a3e3ad9b9985.webp	"Get Started with Tasks & Views" video onboarding tour modal
web/notifications/clickup-web-notifications-inbox-0b3a8bac-a1fd-43fe-a542-81621a337245.webp	web/chat/clickup-web-chat-inbox-0b3a8bac-a1fd-43fe-a542-81621a337245.webp	Chat channel Replies thread, not the Inbox destination
web/notifications/clickup-web-notifications-inbox-2fecc1b1-c892-4c78-b313-195e56aa1990.webp	web/collaboration/clickup-web-collaboration-inbox-2fecc1b1-c892-4c78-b313-195e56aa1990.webp	Assigned Comments list
web/notifications/clickup-web-notifications-inbox-473c3701-c880-4169-87bb-86954531b441.webp	web/collaboration/clickup-web-collaboration-inbox-473c3701-c880-4169-87bb-86954531b441.webp	Team activity feed log
web/notifications/clickup-web-notifications-inbox-7339030f-2aba-4f8a-b67f-0f076f9e0ebe.webp	web/navigation/clickup-web-navigation-inbox-7339030f-2aba-4f8a-b67f-0f076f9e0ebe.webp	Inbox destination (Primary/Other/Later/Cleared) with a status modal
web/notifications/clickup-web-notifications-inbox-b78f8479-52dd-48f1-9d9b-c0a8ecd29337.webp	web/menus/clickup-web-menus-inbox-b78f8479-52dd-48f1-9d9b-c0a8ecd29337.webp	Command-bar "Create Command" type picker overlay
web/notifications/clickup-web-notifications-inbox-c64ec457-7285-4a1f-886d-a149b8a0d49b.webp	web/states/clickup-web-states-inbox-c64ec457-7285-4a1f-886d-a149b8a0d49b.webp	"Inbox Zero" empty state
web/notifications/clickup-web-notifications-inbox-c69f479f-22e4-4e01-804a-f5f21245f760.webp	web/chat/clickup-web-chat-inbox-c69f479f-22e4-4e01-804a-f5f21245f760.webp	Chat channel Replies thread (unread)
web/notifications/clickup-web-notifications-inbox-c9546902-ceb4-41b0-8cb4-2df75268fda7.webp	web/chat/clickup-web-chat-inbox-c9546902-ceb4-41b0-8cb4-2df75268fda7.webp	Chat channel view with SyncUp/messages
web/notifications/clickup-web-notifications-inbox-ef0b3046-a8c1-4f17-a23e-014786919950.webp	web/navigation/clickup-web-navigation-inbox-ef0b3046-a8c1-4f17-a23e-014786919950.webp	Inbox destination with a status modal
web/notifications/clickup-web-notifications-inbox-f1374e47-4168-46b0-baab-445916244ac6.webp	web/navigation/clickup-web-navigation-inbox-f1374e47-4168-46b0-baab-445916244ac6.webp	Inbox destination, Primary tab with notifications listed
web/notifications/clickup-web-notifications-reminders-18c5bdb4-3358-4afd-86b5-370d041c7abf.webp	web/time-tracking/clickup-web-time-tracking-reminders-18c5bdb4-3358-4afd-86b5-370d041c7abf.webp	"Set Timesheet Deadline & Reminders" modal (Timesheet Approvals)
web/notifications/clickup-web-notifications-reminders-1ce8a341-0753-4b7c-bbb6-5aed549f3084.webp	web/views/clickup-web-views-reminders-1ce8a341-0753-4b7c-bbb6-5aed549f3084.webp	My Tasks aggregated home view, not a reminder
web/notifications/clickup-web-notifications-reminders-2497752f-71bd-4601-b4bf-2c3a5e56dee2.webp	web/views/clickup-web-views-reminders-2497752f-71bd-4601-b4bf-2c3a5e56dee2.webp	My Tasks aggregated home view
web/notifications/clickup-web-notifications-reminders-24bc3c08-c84a-4709-9789-9e0fbd1ab228.webp	web/tasks/clickup-web-tasks-reminders-24bc3c08-c84a-4709-9789-9e0fbd1ab228.webp	Task detail side panel dominates, reminder pane secondary
web/notifications/clickup-web-notifications-reminders-342d30e9-8082-4c31-8c3c-5bdd56e5023a.webp	web/views/clickup-web-views-reminders-342d30e9-8082-4c31-8c3c-5bdd56e5023a.webp	My Tasks aggregated home view with Agenda widget
web/notifications/clickup-web-notifications-reminders-3c66567f-4dd7-406e-9571-7fbfaac8d705.webp	web/time-tracking/clickup-web-time-tracking-reminders-3c66567f-4dd7-406e-9571-7fbfaac8d705.webp	"Set Timesheet Deadline & Reminders" modal
web/notifications/clickup-web-notifications-reminders-41b7cd0c-691a-4558-ab74-baf5664d1ac9.webp	web/menus/clickup-web-menus-reminders-41b7cd0c-691a-4558-ab74-baf5664d1ac9.webp	Workspace admin dropdown menu over My Tasks
web/notifications/clickup-web-notifications-reminders-49dee12c-6422-4f1c-abdb-0e377041abab.webp	web/views/clickup-web-views-reminders-49dee12c-6422-4f1c-abdb-0e377041abab.webp	My Tasks aggregated home view
web/notifications/clickup-web-notifications-reminders-5823c4a4-8dc2-486c-adc4-a4dd0a383d24.webp	web/views/clickup-web-views-reminders-5823c4a4-8dc2-486c-adc4-a4dd0a383d24.webp	My Tasks home-screen card picker (Add Cards)
web/notifications/clickup-web-notifications-reminders-81eba05f-ec09-46ca-9e8a-976fff37b768.webp	web/views/clickup-web-views-reminders-81eba05f-ec09-46ca-9e8a-976fff37b768.webp	My Tasks aggregated home view, dark mode
web/notifications/clickup-web-notifications-reminders-8d0b9d41-7212-492c-bacc-0d8b82a5ff5e.webp	web/views/clickup-web-views-reminders-8d0b9d41-7212-492c-bacc-0d8b82a5ff5e.webp	My Tasks aggregated home view, dark mode
web/notifications/clickup-web-notifications-reminders-9b73ff03-9158-441d-9dd2-abfc0589f59f.webp	web/views/clickup-web-views-reminders-9b73ff03-9158-441d-9dd2-abfc0589f59f.webp	My Tasks aggregated home view with empty Agenda
web/notifications/clickup-web-notifications-reminders-bb885231-830b-47f8-bc9f-6920ca4dc8e4.webp	web/views/clickup-web-views-reminders-bb885231-830b-47f8-bc9f-6920ca4dc8e4.webp	My Tasks aggregated home view with sidebar search typed
web/notifications/clickup-web-notifications-reminders-f67622ef-b2d6-46f6-8136-8188d82a090b.webp	web/time-tracking/clickup-web-time-tracking-reminders-f67622ef-b2d6-46f6-8136-8188d82a090b.webp	"Set Timesheet Deadline & Reminders" modal
web/notifications/clickup-web-notifications-toast-0fb49c55-6dcf-4245-bbf9-fbcc3eb5b006.webp	web/views/clickup-web-views-toast-0fb49c55-6dcf-4245-bbf9-fbcc3eb5b006.webp	Rendered List view, "Task created" toast incidental
web/notifications/clickup-web-notifications-toast-151b9d5e-a299-456b-9b7b-ce522d399c1e.webp	web/settings/clickup-web-settings-toast-151b9d5e-a299-456b-9b7b-ce522d399c1e.webp	Billing invoice form, "Invoice details updated" toast incidental
web/notifications/clickup-web-notifications-toast-188e8067-c46e-4b78-8dc1-c680892eefa3.webp	web/views/clickup-web-views-toast-188e8067-c46e-4b78-8dc1-c680892eefa3.webp	My Tasks home view, "Task created" toast incidental
web/notifications/clickup-web-notifications-toast-32a1dcca-206d-4468-9a99-d01c91866db2.webp	web/collaboration/clickup-web-collaboration-toast-32a1dcca-206d-4468-9a99-d01c91866db2.webp	"Invite people" modal
web/notifications/clickup-web-notifications-toast-59bc03be-ce82-40a9-b08a-0338fbae1af0.webp	web/onboarding/clickup-web-onboarding-toast-59bc03be-ce82-40a9-b08a-0338fbae1af0.webp	Workspace-creation "Invite people" onboarding step
web/notifications/clickup-web-notifications-toast-6c6c7f99-db72-4a1c-b266-1f2711c9e031.webp	web/docs/clickup-web-docs-toast-6c6c7f99-db72-4a1c-b266-1f2711c9e031.webp	Doc editor with a Project Overview template, toast incidental
web/notifications/clickup-web-notifications-toast-a72f2eef-2a5c-4e01-b664-3561e757520d.webp	web/settings/clickup-web-settings-toast-a72f2eef-2a5c-4e01-b664-3561e757520d.webp	Settings "Referrals" page
web/notifications/clickup-web-notifications-toast-cbcd3104-a720-4b99-8515-604294b6b40c.webp	web/views/clickup-web-views-toast-cbcd3104-a720-4b99-8515-604294b6b40c.webp	Rendered List view, "Moved tasks" toast incidental
web/empty-states/clickup-web-empty-states-empty-dashboard-272988b4-f63b-40d3-918f-93b3413fcde6.webp	web/dashboards/clickup-web-dashboards-empty-dashboard-272988b4-f63b-40d3-918f-93b3413fcde6.webp	"Choose a Dashboard template" chooser
web/empty-states/clickup-web-empty-states-empty-dashboard-2f68ef56-d0e6-4155-a311-3401469d695a.webp	web/dashboards/clickup-web-dashboards-empty-dashboard-2f68ef56-d0e6-4155-a311-3401469d695a.webp	Dashboard-creation "What data do you want to visualize?" modal
web/empty-states/clickup-web-empty-states-empty-dashboard-36caf732-142f-4398-8824-4a46337d7490.webp	web/dashboards/clickup-web-dashboards-empty-dashboard-36caf732-142f-4398-8824-4a46337d7490.webp	Dashboard "Add Card" widget picker
web/empty-states/clickup-web-empty-states-empty-dashboard-3f3c2432-3db0-4cfc-b469-2a088d38dde5.webp	web/reports/clickup-web-reports-empty-dashboard-3f3c2432-3db0-4cfc-b469-2a088d38dde5.webp	Goals empty state ("Make your goals a reality")
web/empty-states/clickup-web-empty-states-empty-dashboard-4d0df096-f928-4970-be90-b3b8f03a35e5.webp	web/views/clickup-web-views-empty-dashboard-4d0df096-f928-4970-be90-b3b8f03a35e5.webp	My Tasks aggregated home view with Add Cards panel
web/empty-states/clickup-web-empty-states-empty-dashboard-5823c4a4-8dc2-486c-adc4-a4dd0a383d24.webp	web/views/clickup-web-views-empty-dashboard-5823c4a4-8dc2-486c-adc4-a4dd0a383d24.webp	My Tasks aggregated home view
web/empty-states/clickup-web-empty-states-empty-dashboard-65a8b364-6b11-4694-b081-c1833a3e5b8f.webp	web/reports/clickup-web-reports-empty-dashboard-65a8b364-6b11-4694-b081-c1833a3e5b8f.webp	Goal detail "Create a Target" empty state
web/empty-states/clickup-web-empty-states-empty-dashboard-6b31e22a-bb00-43df-95a1-8a0d9f06f106.webp	web/dashboards/clickup-web-dashboards-empty-dashboard-6b31e22a-bb00-43df-95a1-8a0d9f06f106.webp	"Choose a Dashboard template" chooser
web/empty-states/clickup-web-empty-states-empty-dashboard-767af9d5-1cb6-4fe5-98d9-9b74f01fe53a.webp	web/views/clickup-web-views-empty-dashboard-767af9d5-1cb6-4fe5-98d9-9b74f01fe53a.webp	Space Overview tab rendered with real content
web/empty-states/clickup-web-empty-states-empty-dashboard-77b48df3-cf09-4e9d-8e19-d6fc58c86968.webp	web/ai/clickup-web-ai-empty-dashboard-77b48df3-cf09-4e9d-8e19-d6fc58c86968.webp	AI StandUp (Team StandUp) empty state, confirmed AI feature by a duplicate ai/brain harvest of the same screen id
web/empty-states/clickup-web-empty-states-empty-dashboard-9b73ff03-9158-441d-9dd2-abfc0589f59f.webp	web/views/clickup-web-views-empty-dashboard-9b73ff03-9158-441d-9dd2-abfc0589f59f.webp	My Tasks aggregated home view
web/empty-states/clickup-web-empty-states-empty-dashboard-c7c6bac2-ff3d-407b-8bd6-6c2596af0a8f.webp	web/automations/clickup-web-automations-empty-dashboard-c7c6bac2-ff3d-407b-8bd6-6c2596af0a8f.webp	Automations empty state ("Let's create your first Automation!")
web/empty-states/clickup-web-empty-states-empty-dashboard-cd02ce19-11be-459a-9194-27bc4af4ed0a.webp	web/forms/clickup-web-forms-empty-dashboard-cd02ce19-11be-459a-9194-27bc4af4ed0a.webp	Form builder (Build tab, Add question)
web/empty-states/clickup-web-empty-states-empty-dashboard-e92c7fd3-b76a-4be7-a17f-ed3a6e29646b.webp	web/views/clickup-web-views-empty-dashboard-e92c7fd3-b76a-4be7-a17f-ed3a6e29646b.webp	Space Overview tab, dark mode
web/empty-states/clickup-web-empty-states-empty-dashboard-ef9476da-5958-48c5-89ee-190c14ed4ef1.webp	web/collaboration/clickup-web-collaboration-empty-dashboard-ef9476da-5958-48c5-89ee-190c14ed4ef1.webp	Team Overview tab (members, feed)
web/empty-states/clickup-web-empty-states-empty-search-0205c61f-725d-45cf-bbad-7853486f926f.webp	web/views/clickup-web-views-empty-search-0205c61f-725d-45cf-bbad-7853486f926f.webp	Home dashboard (LineUp/Trending/My Work), not a search screen
web/empty-states/clickup-web-empty-states-empty-search-0266a2e5-b3bd-4661-b10c-085e00807e6e.webp	web/chat/clickup-web-chat-empty-search-0266a2e5-b3bd-4661-b10c-085e00807e6e.webp	Chat channel empty conversation starter
web/empty-states/clickup-web-empty-states-empty-search-03ec3406-c3f3-4cae-8622-6805162ae606.webp	web/views/clickup-web-views-empty-search-03ec3406-c3f3-4cae-8622-6805162ae606.webp	Home dashboard with Agenda panel
web/empty-states/clickup-web-empty-states-empty-search-054674b6-a899-4230-a6c3-ac4595ab89e7.webp	web/menus/clickup-web-menus-empty-search-054674b6-a899-4230-a6c3-ac4595ab89e7.webp	Search settings "Commands" configuration overlay
web/empty-states/clickup-web-empty-states-empty-search-10db4af3-29b6-4ac5-98d5-4a922ff169df.webp	web/whiteboard/clickup-web-whiteboard-empty-search-10db4af3-29b6-4ac5-98d5-4a922ff169df.webp	Image proofing/annotation canvas
web/empty-states/clickup-web-empty-states-empty-search-2e802c6b-9872-495c-b4dc-4729affae03e.webp	web/views/clickup-web-views-empty-search-2e802c6b-9872-495c-b4dc-4729affae03e.webp	Rendered (empty) List view, not a search screen
web/empty-states/clickup-web-empty-states-empty-search-41783e65-4e7e-41f7-968f-ab187287076f.webp	web/collaboration/clickup-web-collaboration-empty-search-41783e65-4e7e-41f7-968f-ab187287076f.webp	Team member search, no matching results
web/empty-states/clickup-web-empty-states-empty-search-49dee12c-6422-4f1c-abdb-0e377041abab.webp	web/views/clickup-web-views-empty-search-49dee12c-6422-4f1c-abdb-0e377041abab.webp	My Tasks aggregated home view
web/empty-states/clickup-web-empty-states-empty-search-5f4eeea2-2fdf-49cb-965d-66556a561dc7.webp	web/settings/clickup-web-settings-empty-search-5f4eeea2-2fdf-49cb-965d-66556a561dc7.webp	Settings Spreadsheets Importer, "Extraction completed" toast
web/empty-states/clickup-web-empty-states-empty-search-5f818b9c-e766-44e2-8646-528e2b81c7fa.webp	web/settings/clickup-web-settings-empty-search-5f818b9c-e766-44e2-8646-528e2b81c7fa.webp	Settings Spreadsheets Importer
web/empty-states/clickup-web-empty-states-empty-search-65473eb8-5d9f-4795-99e1-cb8b4bf1cdf7.webp	web/views/clickup-web-views-empty-search-65473eb8-5d9f-4795-99e1-cb8b4bf1cdf7.webp	Rendered (empty) List view
web/empty-states/clickup-web-empty-states-empty-search-70f13c0c-a8eb-4e38-b0fd-9462abbef1a7.webp	web/views/clickup-web-views-empty-search-70f13c0c-a8eb-4e38-b0fd-9462abbef1a7.webp	Rendered (empty) List view
web/empty-states/clickup-web-empty-states-empty-search-76af4864-46dc-4fec-897a-c4d5e9994295.webp	web/views/clickup-web-views-empty-search-76af4864-46dc-4fec-897a-c4d5e9994295.webp	My Tasks aggregated home view
web/empty-states/clickup-web-empty-states-empty-search-8f6b19bb-4ef4-44cb-8fb0-b5173f3fd2b3.webp	web/settings/clickup-web-settings-empty-search-8f6b19bb-4ef4-44cb-8fb0-b5173f3fd2b3.webp	Settings "Inaccessible Spaces" page
web/empty-states/clickup-web-empty-states-empty-search-aac327ba-34e1-42e2-8259-2d7449a46609.webp	web/views/clickup-web-views-empty-search-aac327ba-34e1-42e2-8259-2d7449a46609.webp	Rendered (empty) List view
web/empty-states/clickup-web-empty-states-empty-search-b23015c0-fdb9-4ee7-944a-4098127c1c6d.webp	web/whiteboard/clickup-web-whiteboard-empty-search-b23015c0-fdb9-4ee7-944a-4098127c1c6d.webp	Image proofing/annotation canvas
web/empty-states/clickup-web-empty-states-empty-search-d0a48481-1e01-4cac-bd0c-fb5b7f0bdf2a.webp	web/settings/clickup-web-settings-empty-search-d0a48481-1e01-4cac-bd0c-fb5b7f0bdf2a.webp	Settings Trash page
web/empty-states/clickup-web-empty-states-empty-search-d652c7a8-4fca-405b-9384-6c29693244e3.webp	web/time-tracking/clickup-web-time-tracking-empty-search-d652c7a8-4fca-405b-9384-6c29693244e3.webp	Timesheet Approvals "Manage Approvers" modal
web/empty-states/clickup-web-empty-states-empty-search-f4c6c3d6-c331-49ca-bdd9-79a48ce29309.webp	web/collaboration/clickup-web-collaboration-empty-search-f4c6c3d6-c331-49ca-bdd9-79a48ce29309.webp	"Mentions" panel empty state
web/empty-states/clickup-web-empty-states-empty-state-0a9d8456-f4dc-4ccb-9335-1c0fa5cc7c4c.webp	web/menus/clickup-web-menus-empty-state-0a9d8456-f4dc-4ccb-9335-1c0fa5cc7c4c.webp	Global "+ Create" menu
web/empty-states/clickup-web-empty-states-empty-state-132dc714-53b4-4600-8815-7ffa36c1c1d2.webp	web/views/clickup-web-views-empty-state-132dc714-53b4-4600-8815-7ffa36c1c1d2.webp	My Tasks home with Personal List and Priorities cards
web/empty-states/clickup-web-empty-states-empty-state-15526a57-5058-4a4c-ac7c-cc91dc10951b.webp	web/database/clickup-web-database-empty-state-15526a57-5058-4a4c-ac7c-cc91dc10951b.webp	Import Statuses/Views/Automations/Custom Fields configuration
web/empty-states/clickup-web-empty-states-empty-state-188e8067-c46e-4b78-8dc1-c680892eefa3.webp	web/views/clickup-web-views-empty-state-188e8067-c46e-4b78-8dc1-c680892eefa3.webp	My Tasks aggregated home view
web/empty-states/clickup-web-empty-states-empty-state-1ce8a341-0753-4b7c-bbb6-5aed549f3084.webp	web/views/clickup-web-views-empty-state-1ce8a341-0753-4b7c-bbb6-5aed549f3084.webp	My Tasks aggregated home view
web/empty-states/clickup-web-empty-states-empty-state-1e5b6f93-1dae-491d-ad87-b8f53b4a117e.webp	web/collaboration/clickup-web-collaboration-empty-state-1e5b6f93-1dae-491d-ad87-b8f53b4a117e.webp	Task assignee/invite picker
web/empty-states/clickup-web-empty-states-empty-state-2497752f-71bd-4601-b4bf-2c3a5e56dee2.webp	web/views/clickup-web-views-empty-state-2497752f-71bd-4601-b4bf-2c3a5e56dee2.webp	My Tasks aggregated home view
web/empty-states/clickup-web-empty-states-empty-state-2ac76974-067b-4818-816b-e6ddf0638f9d.webp	web/dashboards/clickup-web-dashboards-empty-state-2ac76974-067b-4818-816b-e6ddf0638f9d.webp	Dashboard "Tasks Due This Week" with activity cards
web/empty-states/clickup-web-empty-states-empty-state-2b31b650-507e-4a92-9c4f-d72428104a7f.webp	web/menus/clickup-web-menus-empty-state-2b31b650-507e-4a92-9c4f-d72428104a7f.webp	Space right-click context menu
web/empty-states/clickup-web-empty-states-empty-state-399fb901-303d-4b0d-a9e9-196885bcbd5e.webp	web/time-tracking/clickup-web-time-tracking-empty-state-399fb901-303d-4b0d-a9e9-196885bcbd5e.webp	Timesheet Approvals "No submissions to review"
web/empty-states/clickup-web-empty-states-empty-state-3f3c2432-3db0-4cfc-b469-2a088d38dde5.webp	web/reports/clickup-web-reports-empty-state-3f3c2432-3db0-4cfc-b469-2a088d38dde5.webp	Goals empty state (duplicate of empty-dashboard-3f3c2432)
web/empty-states/clickup-web-empty-states-empty-state-41b7cd0c-691a-4558-ab74-baf5664d1ac9.webp	web/menus/clickup-web-menus-empty-state-41b7cd0c-691a-4558-ab74-baf5664d1ac9.webp	Workspace admin dropdown menu over My Tasks
web/empty-states/clickup-web-empty-states-empty-state-49dee12c-6422-4f1c-abdb-0e377041abab.webp	web/views/clickup-web-views-empty-state-49dee12c-6422-4f1c-abdb-0e377041abab.webp	My Tasks aggregated home view
web/empty-states/clickup-web-empty-states-empty-state-5d2daf30-0498-43bd-a7cb-4b894ddd8ac2.webp	web/views/clickup-web-views-empty-state-5d2daf30-0498-43bd-a7cb-4b894ddd8ac2.webp	My Tasks aggregated home view
web/empty-states/clickup-web-empty-states-empty-state-76af4864-46dc-4fec-897a-c4d5e9994295.webp	web/views/clickup-web-views-empty-state-76af4864-46dc-4fec-897a-c4d5e9994295.webp	My Tasks aggregated home view (duplicate of empty-search-76af4864)
web/empty-states/clickup-web-empty-states-empty-state-81eba05f-ec09-46ca-9e8a-976fff37b768.webp	web/views/clickup-web-views-empty-state-81eba05f-ec09-46ca-9e8a-976fff37b768.webp	My Tasks aggregated home view
web/empty-states/clickup-web-empty-states-empty-state-8d0b9d41-7212-492c-bacc-0d8b82a5ff5e.webp	web/views/clickup-web-views-empty-state-8d0b9d41-7212-492c-bacc-0d8b82a5ff5e.webp	My Tasks aggregated home view
web/empty-states/clickup-web-empty-states-empty-state-9b73ff03-9158-441d-9dd2-abfc0589f59f.webp	web/views/clickup-web-views-empty-state-9b73ff03-9158-441d-9dd2-abfc0589f59f.webp	My Tasks aggregated home view
web/empty-states/clickup-web-empty-states-empty-state-a1d39a24-0fab-4233-9408-d541a20d64bf.webp	web/menus/clickup-web-menus-empty-state-a1d39a24-0fab-4233-9408-d541a20d64bf.webp	Sidebar section dropdown menu over My Tasks
web/empty-states/clickup-web-empty-states-empty-state-bb885231-830b-47f8-bc9f-6920ca4dc8e4.webp	web/views/clickup-web-views-empty-state-bb885231-830b-47f8-bc9f-6920ca4dc8e4.webp	My Tasks aggregated home view
web/empty-states/clickup-web-empty-states-empty-state-bb922357-d45f-48b4-8d47-0b77df7f5735.webp	web/database/clickup-web-database-empty-state-bb922357-d45f-48b4-8d47-0b77df7f5735.webp	Task tag picker (no tags created)
web/empty-states/clickup-web-empty-states-empty-state-d0a48481-1e01-4cac-bd0c-fb5b7f0bdf2a.webp	web/settings/clickup-web-settings-empty-state-d0a48481-1e01-4cac-bd0c-fb5b7f0bdf2a.webp	Settings Trash page (duplicate of empty-search-d0a48481)
web/empty-states/clickup-web-empty-states-empty-state-d1520e15-6661-4dff-9838-f8d7d23441e3.webp	web/navigation/clickup-web-navigation-empty-state-d1520e15-6661-4dff-9838-f8d7d23441e3.webp	Sidebar "Add to section" customization
web/empty-states/clickup-web-empty-states-empty-state-d492b685-d010-4de6-b9e7-85453e533fbf.webp	web/navigation/clickup-web-navigation-empty-state-d492b685-d010-4de6-b9e7-85453e533fbf.webp	Sidebar "Add to section" customization
web/empty-states/clickup-web-empty-states-empty-state-e254937b-3b28-4a32-9398-6fe2333a11e9.webp	web/views/clickup-web-views-empty-state-e254937b-3b28-4a32-9398-6fe2333a11e9.webp	Rendered (empty) List view, Personal Space
web/empty-states/clickup-web-empty-states-empty-state-f602ab77-1370-4a6d-9d41-0ac7a7cf75f2.webp	web/views/clickup-web-views-empty-state-f602ab77-1370-4a6d-9d41-0ac7a7cf75f2.webp	My Tasks aggregated home view with sidebar search open (same screen id also seen in ai/brain and the untouched navigation/home file)
web/empty-states/clickup-web-empty-states-error-state-17b55b7b-17c5-46a4-8398-6955c4c684d4.webp	web/reports/clickup-web-reports-error-state-17b55b7b-17c5-46a4-8398-6955c4c684d4.webp	Goal Target creation validation error
web/empty-states/clickup-web-empty-states-error-state-2626bbc6-4550-4841-9b14-118dcd4cbb5c.webp	web/reports/clickup-web-reports-error-state-2626bbc6-4550-4841-9b14-118dcd4cbb5c.webp	Goal-name validation error
web/empty-states/clickup-web-empty-states-error-state-2f68ef56-d0e6-4155-a311-3401469d695a.webp	web/dashboards/clickup-web-dashboards-error-state-2f68ef56-d0e6-4155-a311-3401469d695a.webp	Dashboard-creation modal (duplicate of empty-dashboard-2f68ef56)
web/empty-states/clickup-web-empty-states-error-state-44466483-7016-4bc0-82df-7795b35c7515.webp	web/settings/clickup-web-settings-error-state-44466483-7016-4bc0-82df-7795b35c7515.webp	App Center Gmail integration setup instructions
web/empty-states/clickup-web-empty-states-error-state-513023bc-fd07-46aa-acdd-9512a44afe4b.webp	web/dashboards/clickup-web-dashboards-error-state-513023bc-fd07-46aa-acdd-9512a44afe4b.webp	Dashboard "Add card" Task List preview with a validation error
web/empty-states/clickup-web-empty-states-error-state-6516b0ae-d90c-49f8-ab74-6f63d4d2ceaa.webp	web/settings/clickup-web-settings-error-state-6516b0ae-d90c-49f8-ab74-6f63d4d2ceaa.webp	Security & Permissions 2FA warning modal
web/empty-states/clickup-web-empty-states-error-state-99f57cf6-8843-4f70-8739-9ff1a96233f6.webp	web/onboarding/clickup-web-onboarding-error-state-99f57cf6-8843-4f70-8739-9ff1a96233f6.webp	Login screen, incorrect-password error
web/empty-states/clickup-web-empty-states-loading-e37f9235-7899-474c-a6de-02f68f982ecf.webp	web/dashboards/clickup-web-dashboards-loading-e37f9235-7899-474c-a6de-02f68f982ecf.webp	Dashboard widgets loading
web/empty-states/clickup-web-empty-states-loading-f12102f4-568f-47ea-b9a0-0dba70f586f9.webp	web/settings/clickup-web-settings-loading-f12102f4-568f-47ea-b9a0-0dba70f586f9.webp	Settings import "Getting started" progress
web/ai/clickup-web-ai-agents-0fe2bd7b-a6f6-4611-9be4-2051a6f6312d.webp	web/automations/clickup-web-automations-agents-0fe2bd7b-a6f6-4611-9be4-2051a6f6312d.webp	Automation rule builder ("UI Revamp Status Update")
web/ai/clickup-web-ai-agents-1021a77d-4fff-4282-b053-442fe4c88893.webp	web/automations/clickup-web-automations-agents-1021a77d-4fff-4282-b053-442fe4c88893.webp	Automation rule builder ("Auto-Assign and Update Status")
web/ai/clickup-web-ai-agents-3d1d8c14-c6ae-44c3-a6fb-04a6e896935f.webp	web/automations/clickup-web-automations-agents-3d1d8c14-c6ae-44c3-a6fb-04a6e896935f.webp	Automation rule builder (Send Email Report)
web/ai/clickup-web-ai-agents-3f70b74f-2e7b-42a4-81f7-f9750a39722c.webp	web/automations/clickup-web-automations-agents-3f70b74f-2e7b-42a4-81f7-f9750a39722c.webp	Automation rule builder (Priority condition)
web/ai/clickup-web-ai-agents-68c32d59-758f-49e3-b0dd-494ace7574dc.webp	web/automations/clickup-web-automations-agents-68c32d59-758f-49e3-b0dd-494ace7574dc.webp	Automation rule builder (Send Email Report)
web/ai/clickup-web-ai-agents-88da3ba0-5a75-455d-b287-a3d066ec8e87.webp	web/automations/clickup-web-automations-agents-88da3ba0-5a75-455d-b287-a3d066ec8e87.webp	Automation rule builder (Send Email Report)
web/ai/clickup-web-ai-agents-92b59974-0c99-47af-a55f-2739690a67ec.webp	web/automations/clickup-web-automations-agents-92b59974-0c99-47af-a55f-2739690a67ec.webp	Automations "Manage" list (active rule)
web/ai/clickup-web-ai-agents-949dcb96-9436-46aa-85e4-dbe55ef2e9e0.webp	web/automations/clickup-web-automations-agents-949dcb96-9436-46aa-85e4-dbe55ef2e9e0.webp	Automation rule builder (Send Email Report)
web/ai/clickup-web-ai-agents-a33570e2-4678-4ec4-ba92-431683678c53.webp	web/automations/clickup-web-automations-agents-a33570e2-4678-4ec4-ba92-431683678c53.webp	Automation rule builder (Priority condition)
web/ai/clickup-web-ai-agents-a46d689b-a3fc-46fc-bba6-652fde9bdbe6.webp	web/automations/clickup-web-automations-agents-a46d689b-a3fc-46fc-bba6-652fde9bdbe6.webp	Automation trigger "Created by" source picker
web/ai/clickup-web-ai-agents-ee88615b-80bc-44f8-83a1-d261162c7f4e.webp	web/automations/clickup-web-automations-agents-ee88615b-80bc-44f8-83a1-d261162c7f4e.webp	"Name this scheduled report" automation modal
web/ai/clickup-web-ai-agents-d01a2c55-de90-4fb4-9cc4-b1c5384cb934.webp	web/dashboards/clickup-web-dashboards-agents-d01a2c55-de90-4fb4-9cc4-b1c5384cb934.webp	Dashboard "Workload by Status" card configuration
web/ai/clickup-web-ai-agents-f7541092-0855-42d2-a3c4-95541dc3d081.webp	web/dashboards/clickup-web-dashboards-agents-f7541092-0855-42d2-a3c4-95541dc3d081.webp	Dashboard "Workload by Status" card configuration
web/ai/clickup-web-ai-agents-fb338c7a-2e9c-412b-bcdb-99f26c2073d2.webp	web/database/clickup-web-database-agents-fb338c7a-2e9c-412b-bcdb-99f26c2073d2.webp	Custom Field creation panel ("Summary" field)
web/ai/clickup-web-ai-ai-assistant-1c903fb6-5c68-48ac-8a0f-08510bf4efa0.webp	web/tasks/clickup-web-tasks-ai-assistant-1c903fb6-5c68-48ac-8a0f-08510bf4efa0.webp	Plain task detail panel, no AI panel active
web/ai/clickup-web-ai-ai-assistant-c523e9bc-0eca-41d1-96e3-f0af66f2db3f.webp	web/database/clickup-web-database-ai-assistant-c523e9bc-0eca-41d1-96e3-f0af66f2db3f.webp	Custom Field creation panel ("Task Summary" field)
web/ai/clickup-web-ai-ai-assistant-e670b3b0-4a98-4226-8e72-4e07c6958894.webp	web/docs/clickup-web-docs-ai-assistant-e670b3b0-4a98-4226-8e72-4e07c6958894.webp	Blank Doc editor page, AI helper chips secondary
web/ai/clickup-web-ai-ai-assistant-fb7a54bb-c035-4286-9a40-d81ddacc3c32.webp	web/tasks/clickup-web-tasks-ai-assistant-fb7a54bb-c035-4286-9a40-d81ddacc3c32.webp	Generic new-task creation modal
web/ai/clickup-web-ai-brain-4cffa09e-5c07-47bc-9b8e-3cbe54003186.webp	web/tasks/clickup-web-tasks-brain-4cffa09e-5c07-47bc-9b8e-3cbe54003186.webp	Plain task detail panel, no AI panel active
web/ai/clickup-web-ai-brain-cbfe9a71-f5e4-48c4-b9d9-d195b8a41922.webp	web/docs/clickup-web-docs-brain-cbfe9a71-f5e4-48c4-b9d9-d195b8a41922.webp	Doc content page (Project Overview Template)
web/ai/clickup-web-ai-brain-d7312d9a-a63a-4c6a-8c5a-f481305e4f4e.webp	web/whiteboard/clickup-web-whiteboard-brain-d7312d9a-a63a-4c6a-8c5a-f481305e4f4e.webp	Whiteboard/Mind Map canvas with sticky notes
web/ai/clickup-web-ai-brain-f602ab77-1370-4a6d-9d41-0ac7a7cf75f2.webp	web/views/clickup-web-views-brain-f602ab77-1370-4a6d-9d41-0ac7a7cf75f2.webp	My Tasks aggregated home view (same screen id also in empty-states and untouched navigation/home)
web/menus/clickup-web-menus-bulk-action-bar-5c131ec2-b561-4d01-9d4e-42ef661cc48a.webp	web/ai/clickup-web-ai-bulk-action-bar-5c131ec2-b561-4d01-9d4e-42ef661cc48a.webp	AI Assignee suggestion panel over a selected task
web/menus/clickup-web-menus-bulk-action-bar-706ea792-d02e-48f9-8ded-ac107ad8d0d0.webp	web/ai/clickup-web-ai-bulk-action-bar-706ea792-d02e-48f9-8ded-ac107ad8d0d0.webp	AI Assignee suggestion panel, prompt filled
web/menus/clickup-web-menus-bulk-action-bar-7ceffea0-7489-4926-b5c1-99e411343af0.webp	web/ai/clickup-web-ai-bulk-action-bar-7ceffea0-7489-4926-b5c1-99e411343af0.webp	AI Assignee suggestion panel over a selected task
web/menus/clickup-web-menus-bulk-action-bar-9eeb568a-a106-4829-b4a5-d9678708d41e.webp	web/dialogs/clickup-web-dialogs-bulk-action-bar-9eeb568a-a106-4829-b4a5-d9678708d41e.webp	Archive confirmation dialog
web/menus/clickup-web-menus-column-menu-0300b854-a1ec-4809-811e-8872504e6d31.webp	web/dashboards/clickup-web-dashboards-column-menu-0300b854-a1ec-4809-811e-8872504e6d31.webp	All Dashboards list with a columns picker, not a column menu
web/menus/clickup-web-menus-column-menu-48776cc6-9631-49ca-a614-2e58ce73cc52.webp	web/tasks/clickup-web-tasks-column-menu-48776cc6-9631-49ca-a614-2e58ce73cc52.webp	List view with an inline "Assign" tooltip on a new task row
web/menus/clickup-web-menus-column-menu-5f4eeea2-2fdf-49cb-965d-66556a561dc7.webp	web/settings/clickup-web-settings-column-menu-5f4eeea2-2fdf-49cb-965d-66556a561dc7.webp	Settings Spreadsheets Importer
web/menus/clickup-web-menus-column-menu-5f818b9c-e766-44e2-8646-528e2b81c7fa.webp	web/settings/clickup-web-settings-column-menu-5f818b9c-e766-44e2-8646-528e2b81c7fa.webp	Settings Spreadsheets Importer
web/menus/clickup-web-menus-column-menu-6f429054-91b4-4fc4-bb7c-c013dd7f26e5.webp	web/collaboration/clickup-web-collaboration-column-menu-6f429054-91b4-4fc4-bb7c-c013dd7f26e5.webp	Team members table
web/menus/clickup-web-menus-column-menu-7587be5b-57f1-49c3-b571-58b7859abb59.webp	web/dashboards/clickup-web-dashboards-column-menu-7587be5b-57f1-49c3-b571-58b7859abb59.webp	All Dashboards list, not a column menu
web/menus/clickup-web-menus-column-menu-7af9f887-2b17-460a-a592-2fd87ca17f1f.webp	web/database/clickup-web-database-column-menu-7af9f887-2b17-460a-a592-2fd87ca17f1f.webp	Sprint Points field/column value picker
web/menus/clickup-web-menus-column-menu-84d812e5-4fe7-47ce-a9e0-35918ad42f40.webp	web/dashboards/clickup-web-dashboards-column-menu-84d812e5-4fe7-47ce-a9e0-35918ad42f40.webp	All Dashboards list with a sort picker
web/menus/clickup-web-menus-column-menu-c6892d98-c93c-468d-a244-e9cf7fec2ced.webp	web/tasks/clickup-web-tasks-column-menu-c6892d98-c93c-468d-a244-e9cf7fec2ced.webp	Move-tasks/Add-to list picker
web/menus/clickup-web-menus-column-menu-cbcd3104-a720-4b99-8515-604294b6b40c.webp	web/views/clickup-web-views-column-menu-cbcd3104-a720-4b99-8515-604294b6b40c.webp	Rendered List view, "Moved tasks" toast incidental
web/menus/clickup-web-menus-column-menu-da62204a-3851-402e-b6e8-a27a153dbe4f.webp	web/settings/clickup-web-settings-column-menu-da62204a-3851-402e-b6e8-a27a153dbe4f.webp	Settings Trash page
web/menus/clickup-web-menus-column-menu-ed18b66d-cbcd-45c1-aa28-b191c0fa0573.webp	web/settings/clickup-web-settings-column-menu-ed18b66d-cbcd-45c1-aa28-b191c0fa0573.webp	Settings Spreadsheets Importer preview table
web/menus/clickup-web-menus-confirm-delete-2017e33e-b3cd-4fae-abc0-7eec2b59f031.webp	web/settings/clickup-web-settings-confirm-delete-2017e33e-b3cd-4fae-abc0-7eec2b59f031.webp	App Center ClickApps page with a disable-AI warning dialog
web/menus/clickup-web-menus-confirm-delete-7266b502-d0a5-40bc-b4e9-a1bb81015ec1.webp	web/dialogs/clickup-web-dialogs-confirm-delete-7266b502-d0a5-40bc-b4e9-a1bb81015ec1.webp	Trash "Delete all items forever?" confirmation dialog
web/menus/clickup-web-menus-confirm-delete-9eeb568a-a106-4829-b4a5-d9678708d41e.webp	web/dialogs/clickup-web-dialogs-confirm-delete-9eeb568a-a106-4829-b4a5-d9678708d41e.webp	Archive confirmation dialog
web/menus/clickup-web-menus-create-menu-08243684-6ba1-4cee-af17-8d21078d95b0.webp	web/database/clickup-web-database-create-menu-08243684-6ba1-4cee-af17-8d21078d95b0.webp	Custom Field creation panel
web/menus/clickup-web-menus-create-menu-0cac19da-9b3a-457c-ab62-56ec3f9b1a09.webp	web/forms/clickup-web-forms-create-menu-0cac19da-9b3a-457c-ab62-56ec3f9b1a09.webp	Form builder question-type picker
web/menus/clickup-web-menus-create-menu-332f4a17-76d8-4dae-9179-227f08296e21.webp	web/settings/clickup-web-settings-create-menu-332f4a17-76d8-4dae-9179-227f08296e21.webp	"Create a Space" workspace-structure modal
web/menus/clickup-web-menus-create-menu-60c11a94-c839-4363-8848-d402eb462e3e.webp	web/dashboards/clickup-web-dashboards-create-menu-60c11a94-c839-4363-8848-d402eb462e3e.webp	Dashboard template chooser + data-source modal
web/menus/clickup-web-menus-create-menu-67624540-96b2-48d6-b884-d43546e106f0.webp	web/database/clickup-web-database-create-menu-67624540-96b2-48d6-b884-d43546e106f0.webp	Custom Field creation panel ("Design Status")
web/menus/clickup-web-menus-create-menu-b096a075-68b5-450d-9f25-830857445eaf.webp	web/forms/clickup-web-forms-create-menu-b096a075-68b5-450d-9f25-830857445eaf.webp	Form builder question-type picker
web/menus/clickup-web-menus-create-menu-b31fa6a1-4ddd-49ba-8b8b-8a2ee9aecaab.webp	web/database/clickup-web-database-create-menu-b31fa6a1-4ddd-49ba-8b8b-8a2ee9aecaab.webp	Custom Field creation panel ("Task Summary")
web/menus/clickup-web-menus-create-menu-b50c0675-3e54-4be6-b090-9eafd195bc81.webp	web/forms/clickup-web-forms-create-menu-b50c0675-3e54-4be6-b090-9eafd195bc81.webp	"Create a new Form" template chooser
web/menus/clickup-web-menus-create-menu-c523e9bc-0eca-41d1-96e3-f0af66f2db3f.webp	web/database/clickup-web-database-create-menu-c523e9bc-0eca-41d1-96e3-f0af66f2db3f.webp	Custom Field creation panel ("Task Summary")
web/menus/clickup-web-menus-create-menu-c8931775-29e6-4974-9ecf-bbb9e4f44588.webp	web/forms/clickup-web-forms-create-menu-c8931775-29e6-4974-9ecf-bbb9e4f44588.webp	Form "Where do you want submissions saved?" picker
web/menus/clickup-web-menus-create-menu-d6356f57-678a-4211-85df-4db6430c3a2b.webp	web/forms/clickup-web-forms-create-menu-d6356f57-678a-4211-85df-4db6430c3a2b.webp	Form "Where do you want submissions saved?" picker
web/menus/clickup-web-menus-date-range-2bdc0b7c-352f-4209-9c63-5253e4bed75d.webp	web/forms/clickup-web-forms-date-range-2bdc0b7c-352f-4209-9c63-5253e4bed75d.webp	Public Feedback Form page
web/menus/clickup-web-menus-date-range-3e7df50a-8ae4-4537-a3cf-7e91fcd288ae.webp	web/views/clickup-web-views-date-range-3e7df50a-8ae4-4537-a3cf-7e91fcd288ae.webp	Planner Calendar week view with a view-length picker
web/menus/clickup-web-menus-date-range-41e2b803-107e-44ad-95bf-63c11f49a411.webp	web/reports/clickup-web-reports-date-range-41e2b803-107e-44ad-95bf-63c11f49a411.webp	Team Workload gantt-style report
web/menus/clickup-web-menus-date-range-4d6380fa-fec0-426a-b5f7-7cf55a1a31ac.webp	web/ai/clickup-web-ai-date-range-4d6380fa-fec0-426a-b5f7-7cf55a1a31ac.webp	AI Agent tools picker
web/menus/clickup-web-menus-date-range-7adaedae-0166-41aa-a924-8f183b5b468a.webp	web/tasks/clickup-web-tasks-date-range-7adaedae-0166-41aa-a924-8f183b5b468a.webp	Task creation modal with a due-date picker
web/menus/clickup-web-menus-date-range-7dd69f59-594e-48bb-aa6e-38a15599bbd9.webp	web/forms/clickup-web-forms-date-range-7dd69f59-594e-48bb-aa6e-38a15599bbd9.webp	Public Feedback Form, filled
web/menus/clickup-web-menus-date-range-7f50212b-0cd6-4c46-a7a4-50b64c8ab2ab.webp	web/ai/clickup-web-ai-date-range-7f50212b-0cd6-4c46-a7a4-50b64c8ab2ab.webp	Planner Calendar with the AI Notetaker settings panel
web/menus/clickup-web-menus-date-range-8a3f9590-05c1-4db2-8acd-4987eaf7c3b0.webp	web/forms/clickup-web-forms-date-range-8a3f9590-05c1-4db2-8acd-4987eaf7c3b0.webp	Public Feedback Form with a date picker open
web/menus/clickup-web-menus-date-range-98a6bd8e-10a0-4551-9e32-f7cea81920db.webp	web/forms/clickup-web-forms-date-range-98a6bd8e-10a0-4551-9e32-f7cea81920db.webp	Public Feedback Form with a satisfaction dropdown open
web/menus/clickup-web-menus-date-range-9dd0b1bc-8dcc-45dd-9540-07fd6abfb72b.webp	web/time-tracking/clickup-web-time-tracking-date-range-9dd0b1bc-8dcc-45dd-9540-07fd6abfb72b.webp	Team member weekly Timesheet table
web/menus/clickup-web-menus-date-range-aafa4d34-4bb1-41bb-8763-5c01c067b101.webp	web/forms/clickup-web-forms-date-range-aafa4d34-4bb1-41bb-8763-5c01c067b101.webp	Public Feedback Form with a required-field error
web/menus/clickup-web-menus-date-range-ab18af48-7579-4515-b5f6-d6f5dfb6214d.webp	web/reports/clickup-web-reports-date-range-ab18af48-7579-4515-b5f6-d6f5dfb6214d.webp	Goal-creation wizard, Owner step
web/menus/clickup-web-menus-date-range-b26915c0-01e1-444d-a4fd-9ba7a4bb523a.webp	web/views/clickup-web-views-date-range-b26915c0-01e1-444d-a4fd-9ba7a4bb523a.webp	Planner Calendar with a New Event creation popup
web/menus/clickup-web-menus-date-range-b2ce22b0-1359-4352-8be5-fc0f57ea3ddb.webp	web/forms/clickup-web-forms-date-range-b2ce22b0-1359-4352-8be5-fc0f57ea3ddb.webp	Public Feedback Form, satisfaction selected
web/menus/clickup-web-menus-date-range-b75adbdd-33cd-43d3-b800-662b75ffea8a.webp	web/reports/clickup-web-reports-date-range-b75adbdd-33cd-43d3-b800-662b75ffea8a.webp	Goal-creation wizard, Owner selected
web/menus/clickup-web-menus-date-range-d0803e9d-5069-4d61-a8a5-b96e16a668b0.webp	web/reports/clickup-web-reports-date-range-d0803e9d-5069-4d61-a8a5-b96e16a668b0.webp	Team Analytics bar chart and activity card
web/menus/clickup-web-menus-more-menu-17264b62-ae09-4fb4-a72a-a55a4003a2f5.webp	web/ai/clickup-web-ai-more-menu-17264b62-ae09-4fb4-a72a-a55a4003a2f5.webp	Task detail with an AI rewrite popup
web/menus/clickup-web-menus-more-menu-3a27221c-19ac-45f1-9f52-ad844afe7b5f.webp	web/navigation/clickup-web-navigation-more-menu-3a27221c-19ac-45f1-9f52-ad844afe7b5f.webp	"Customize" sidebar navigation panel
web/menus/clickup-web-menus-more-menu-5aa858a2-5d36-402c-add8-346247fc2eb4.webp	web/ai/clickup-web-ai-more-menu-5aa858a2-5d36-402c-add8-346247fc2eb4.webp	ClickUp Brain "Connect Apps" panel
web/menus/clickup-web-menus-more-menu-67e3ce27-e9dd-4330-bd4a-e62c9a8adc88.webp	web/ai/clickup-web-ai-more-menu-67e3ce27-e9dd-4330-bd4a-e62c9a8adc88.webp	Task detail with an AI rewrite @-mention picker
web/menus/clickup-web-menus-more-menu-6cca7e1b-17ae-421a-a8b6-29ec78dce247.webp	web/collaboration/clickup-web-collaboration-more-menu-6cca7e1b-17ae-421a-a8b6-29ec78dce247.webp	Task assignee/unassign picker
web/menus/clickup-web-menus-more-menu-8b931845-d40f-4e53-9811-474cb6386be7.webp	web/collaboration/clickup-web-collaboration-more-menu-8b931845-d40f-4e53-9811-474cb6386be7.webp	Task Activity/history log panel
web/menus/clickup-web-menus-more-menu-8c104bd1-40e9-435a-9bbb-beaf9a934c42.webp	web/settings/clickup-web-settings-more-menu-8c104bd1-40e9-435a-9bbb-beaf9a934c42.webp	Search settings General configuration
web/menus/clickup-web-menus-more-menu-93e53f73-f080-43fc-9f8a-d03ecfe7e814.webp	web/settings/clickup-web-settings-more-menu-93e53f73-f080-43fc-9f8a-d03ecfe7e814.webp	Search settings Commands configuration
web/menus/clickup-web-menus-more-menu-b390800f-2078-41fb-81f6-22ec2770beab.webp	web/database/clickup-web-database-more-menu-b390800f-2078-41fb-81f6-22ec2770beab.webp	"Default settings for views" required-views configuration
web/menus/clickup-web-menus-more-menu-cd13cd94-378a-4421-800f-462b79571473.webp	web/extra/clickup-web-extra-more-menu-cd13cd94-378a-4421-800f-462b79571473.webp	Clips grid with a rename/download/delete context menu
web/menus/clickup-web-menus-reorder-0c287f59-753c-4e28-92ad-9dff95fcde36.webp	web/views/clickup-web-views-reorder-0c287f59-753c-4e28-92ad-9dff95fcde36.webp	Board view customization panel
web/menus/clickup-web-menus-reorder-180ebd25-bd1d-4943-a6a7-75f23f5ed75f.webp	web/views/clickup-web-views-reorder-180ebd25-bd1d-4943-a6a7-75f23f5ed75f.webp	Board view customization panel
web/menus/clickup-web-menus-reorder-56454495-0460-4c08-a529-b6cc12ef16b5.webp	web/database/clickup-web-database-reorder-56454495-0460-4c08-a529-b6cc12ef16b5.webp	"Edit Design Team statuses" workflow editor
web/menus/clickup-web-menus-reorder-5823c4a4-8dc2-486c-adc4-a4dd0a383d24.webp	web/views/clickup-web-views-reorder-5823c4a4-8dc2-486c-adc4-a4dd0a383d24.webp	Rendered List view grouped by status
web/menus/clickup-web-menus-reorder-63ca49fb-f565-4bed-ba45-3052e6070021.webp	web/views/clickup-web-views-reorder-63ca49fb-f565-4bed-ba45-3052e6070021.webp	Board view with a status color picker
web/menus/clickup-web-menus-reorder-93534e3d-c6a2-4fd2-a0fa-d10e3c12f6dc.webp	web/navigation/clickup-web-navigation-reorder-93534e3d-c6a2-4fd2-a0fa-d10e3c12f6dc.webp	"Customize" sidebar Sections panel
web/menus/clickup-web-menus-reorder-9f991f9b-c345-4995-b096-3d68d072de40.webp	web/database/clickup-web-database-reorder-9f991f9b-c345-4995-b096-3d68d072de40.webp	"Edit Design Team statuses" workflow editor
web/menus/clickup-web-menus-reorder-af2721ba-840a-45de-8dbb-bc9df4c34b35.webp	web/navigation/clickup-web-navigation-reorder-af2721ba-840a-45de-8dbb-bc9df4c34b35.webp	"Customize" sidebar Sections panel
web/menus/clickup-web-menus-reorder-bb042db1-ee6c-4f44-8c0a-9af2f6bcf05a.webp	web/views/clickup-web-views-reorder-bb042db1-ee6c-4f44-8c0a-9af2f6bcf05a.webp	Rendered List view grouped by status, dark mode
web/menus/clickup-web-menus-reorder-d45535fd-d0ee-4300-9073-ce81d702df09.webp	web/database/clickup-web-database-reorder-d45535fd-d0ee-4300-9073-ce81d702df09.webp	"Edit Design Team statuses" workflow editor
web/menus/clickup-web-menus-reorder-d8db5522-9527-4c1e-9caa-92aba2f35da4.webp	web/views/clickup-web-views-reorder-d8db5522-9527-4c1e-9caa-92aba2f35da4.webp	Rendered Board view with a task cover image
web/menus/clickup-web-menus-reorder-f99de82c-c749-41aa-94b7-70cc749fcade.webp	web/navigation/clickup-web-navigation-reorder-f99de82c-c749-41aa-94b7-70cc749fcade.webp	"Customize" sidebar Home panel
web/menus/clickup-web-menus-shortcuts-1c886922-39d0-40a2-870d-a6fc6b8df68c.webp	web/onboarding/clickup-web-onboarding-shortcuts-1c886922-39d0-40a2-870d-a6fc6b8df68c.webp	"The ClickUp Hierarchy" onboarding tour video
web/menus/clickup-web-menus-shortcuts-2109c8eb-2d3d-44fa-b0eb-c459e6396337.webp	web/settings/clickup-web-settings-shortcuts-2109c8eb-2d3d-44fa-b0eb-c459e6396337.webp	Keyboard Hotkeys reference
web/menus/clickup-web-menus-shortcuts-6f422875-0d94-42a0-9e95-dea16040ad0b.webp	web/docs/clickup-web-docs-shortcuts-6f422875-0d94-42a0-9e95-dea16040ad0b.webp	Doc formatting-toolbar position menu
web/menus/clickup-web-menus-shortcuts-847c6ceb-d2b2-4733-94fd-419a6155d0c8.webp	web/onboarding/clickup-web-onboarding-shortcuts-847c6ceb-d2b2-4733-94fd-419a6155d0c8.webp	"Getting started with ClickUp" tour steps
web/menus/clickup-web-menus-shortcuts-98e3142b-f6a2-4f29-a92e-9474e4b7bbe3.webp	web/settings/clickup-web-settings-shortcuts-98e3142b-f6a2-4f29-a92e-9474e4b7bbe3.webp	Keyboard Hotkeys reference (Markdown section)
web/menus/clickup-web-menus-shortcuts-d3e76db9-8ac3-44ee-b45f-f089a6a9c07e.webp	web/database/clickup-web-database-shortcuts-d3e76db9-8ac3-44ee-b45f-f089a6a9c07e.webp	"Enable ClickApps" configuration with a Priority tooltip
web/menus/clickup-web-menus-space-menu-2017e33e-b3cd-4fae-abc0-7eec2b59f031.webp	web/settings/clickup-web-settings-space-menu-2017e33e-b3cd-4fae-abc0-7eec2b59f031.webp	App Center ClickApps page with a disable-AI warning dialog
web/menus/clickup-web-menus-space-menu-2e1264c0-ad38-4aaf-946c-8a051f0fb737.webp	web/settings/clickup-web-settings-space-menu-2e1264c0-ad38-4aaf-946c-8a051f0fb737.webp	"Define your workflow" Space-creation template picker
web/menus/clickup-web-menus-space-menu-4b7b43a9-f7cb-4e44-a458-45ba7b721d65.webp	web/database/clickup-web-database-space-menu-4b7b43a9-f7cb-4e44-a458-45ba7b721d65.webp	"Edit Design Team statuses" workflow editor
web/menus/clickup-web-menus-space-menu-54d9a73c-98b6-4336-b8e8-111bd0bf5b52.webp	web/settings/clickup-web-settings-space-menu-54d9a73c-98b6-4336-b8e8-111bd0bf5b52.webp	App Center ClickApps page
web/menus/clickup-web-menus-space-menu-64582ed0-451a-4432-bb3c-2317bc289e14.webp	web/settings/clickup-web-settings-space-menu-64582ed0-451a-4432-bb3c-2317bc289e14.webp	"Create a Space" workspace-structure modal
web/menus/clickup-web-menus-space-menu-67e1a330-4389-4f0c-a210-d2f423588bda.webp	web/settings/clickup-web-settings-space-menu-67e1a330-4389-4f0c-a210-d2f423588bda.webp	App Center ClickApps page
web/menus/clickup-web-menus-space-menu-7da5a21c-b138-4024-8036-514c67eb5756.webp	web/settings/clickup-web-settings-space-menu-7da5a21c-b138-4024-8036-514c67eb5756.webp	"Define your workflow" Space-creation template picker
web/menus/clickup-web-menus-space-menu-8a714ab4-93a1-4c57-8cfd-fff72cb02f75.webp	web/database/clickup-web-database-space-menu-8a714ab4-93a1-4c57-8cfd-fff72cb02f75.webp	"Edit Design Team statuses" workflow editor
web/menus/clickup-web-menus-space-menu-8d6b4426-598c-44bd-9792-d0f32bd88b02.webp	web/settings/clickup-web-settings-space-menu-8d6b4426-598c-44bd-9792-d0f32bd88b02.webp	"Create a Space" workspace-structure modal
web/menus/clickup-web-menus-space-menu-a870d0ba-21d2-4e8e-843d-b0c900e2f9d9.webp	web/settings/clickup-web-settings-space-menu-a870d0ba-21d2-4e8e-843d-b0c900e2f9d9.webp	"Create a Space" workspace-structure modal
web/menus/clickup-web-menus-space-menu-b390800f-2078-41fb-81f6-22ec2770beab.webp	web/database/clickup-web-database-space-menu-b390800f-2078-41fb-81f6-22ec2770beab.webp	"Default settings for views" configuration
web/menus/clickup-web-menus-space-menu-ba289ff0-637f-4bd1-8706-873895e53473.webp	web/onboarding/clickup-web-onboarding-space-menu-ba289ff0-637f-4bd1-8706-873895e53473.webp	"Which features are you interested in trying?" onboarding wizard
web/menus/clickup-web-menus-space-menu-c4fc9695-bafa-4017-b9c5-62ed59704344.webp	web/settings/clickup-web-settings-space-menu-c4fc9695-bafa-4017-b9c5-62ed59704344.webp	App Center Featured-integrations list
web/menus/clickup-web-menus-space-menu-f08ec96d-d7ef-4a96-bc72-4e2bd25c8ddc.webp	web/database/clickup-web-database-space-menu-f08ec96d-d7ef-4a96-bc72-4e2bd25c8ddc.webp	"Default settings for views" configuration
web/menus/clickup-web-menus-space-menu-fea6d6c7-7bfc-45a5-913c-2a44eaad492c.webp	web/settings/clickup-web-settings-space-menu-fea6d6c7-7bfc-45a5-913c-2a44eaad492c.webp	Settings "Spaces" management page
web/menus/clickup-web-menus-task-actions-48776cc6-9631-49ca-a614-2e58ce73cc52.webp	web/tasks/clickup-web-tasks-task-actions-48776cc6-9631-49ca-a614-2e58ce73cc52.webp	List view with an inline "Assign" tooltip on a new task row
web/menus/clickup-web-menus-view-options-0300b854-a1ec-4809-811e-8872504e6d31.webp	web/dashboards/clickup-web-dashboards-view-options-0300b854-a1ec-4809-811e-8872504e6d31.webp	All Dashboards list, not view options
web/menus/clickup-web-menus-view-options-262cc2b1-3c69-409e-a5ed-0ff61b268e0c.webp	web/database/clickup-web-database-view-options-262cc2b1-3c69-409e-a5ed-0ff61b268e0c.webp	"Default settings for views" Default View Templates
web/menus/clickup-web-menus-view-options-3726b58c-b9fa-422a-9dc3-77618c3df84c.webp	web/settings/clickup-web-settings-view-options-3726b58c-b9fa-422a-9dc3-77618c3df84c.webp	Calendar app Appearance settings
web/menus/clickup-web-menus-view-options-473c3701-c880-4169-87bb-86954531b441.webp	web/collaboration/clickup-web-collaboration-view-options-473c3701-c880-4169-87bb-86954531b441.webp	Team activity feed log
web/menus/clickup-web-menus-view-options-477b1534-83f1-45b8-89f4-52c5eb8aa10e.webp	web/database/clickup-web-database-view-options-477b1534-83f1-45b8-89f4-52c5eb8aa10e.webp	"Default settings for views" Default View Templates, empty
web/menus/clickup-web-menus-view-options-545104d5-ed18-4aac-8e44-902f43b5b14e.webp	web/dashboards/clickup-web-dashboards-view-options-545104d5-ed18-4aac-8e44-902f43b5b14e.webp	Dashboard "Workload by Status" card
web/menus/clickup-web-menus-view-options-5c42acc9-93a6-4255-982d-f927a1ec6da8.webp	web/dashboards/clickup-web-dashboards-view-options-5c42acc9-93a6-4255-982d-f927a1ec6da8.webp	Dashboard "Workload by Status" card
web/menus/clickup-web-menus-view-options-6440825b-4a2e-4d51-872f-ff4f66b6a7a7.webp	web/dashboards/clickup-web-dashboards-view-options-6440825b-4a2e-4d51-872f-ff4f66b6a7a7.webp	"Default settings for views" Activity toggle
web/menus/clickup-web-menus-view-options-7003f12b-2409-4aa6-bc88-81b3db85cc43.webp	web/database/clickup-web-database-view-options-7003f12b-2409-4aa6-bc88-81b3db85cc43.webp	"Default settings for views" Activity Default View
web/menus/clickup-web-menus-view-options-80ac3bdf-9706-4239-8191-f6befce4e86c.webp	web/dashboards/clickup-web-dashboards-view-options-80ac3bdf-9706-4239-8191-f6befce4e86c.webp	Dashboard "Workload by Status" card, filtered
web/menus/clickup-web-menus-view-options-84d812e5-4fe7-47ce-a9e0-35918ad42f40.webp	web/dashboards/clickup-web-dashboards-view-options-84d812e5-4fe7-47ce-a9e0-35918ad42f40.webp	All Dashboards list, Sort dropdown
web/menus/clickup-web-menus-view-options-8920821b-a0db-4a32-8c96-fe15c6a0cfa4.webp	web/dashboards/clickup-web-dashboards-view-options-8920821b-a0db-4a32-8c96-fe15c6a0cfa4.webp	Dashboard "Workload by Status" card, percentages on
web/menus/clickup-web-menus-view-options-8a714ab4-93a1-4c57-8cfd-fff72cb02f75.webp	web/database/clickup-web-database-view-options-8a714ab4-93a1-4c57-8cfd-fff72cb02f75.webp	"Edit Design Team statuses" workflow editor
web/menus/clickup-web-menus-view-options-d9e5cd66-b250-481f-b582-72e95f678b92.webp	web/database/clickup-web-database-view-options-d9e5cd66-b250-481f-b582-72e95f678b92.webp	"Default settings for views" Activity checked
web/menus/clickup-web-menus-view-options-ddcd02ae-277c-4852-a907-c67eb042e0f7.webp	web/dashboards/clickup-web-dashboards-view-options-ddcd02ae-277c-4852-a907-c67eb042e0f7.webp	Dashboard "Workload by Status" card, all statuses
web/menus/clickup-web-menus-view-options-f08ec96d-d7ef-4a96-bc72-4e2bd25c8ddc.webp	web/database/clickup-web-database-view-options-f08ec96d-d7ef-4a96-bc72-4e2bd25c8ddc.webp	"Default settings for views" configuration
web/menus/clickup-web-menus-view-options-f59c1b42-1458-4883-83e3-3e97bd3e4e34.webp	web/database/clickup-web-database-view-options-f59c1b42-1458-4883-83e3-3e97bd3e4e34.webp	"Default View Templates" adjust-template-to option
web/chat/clickup-web-chat-channel-b793ee70-a0d7-40e6-8358-9b68dfe3bc82.webp	web/collaboration/clickup-web-collaboration-channel-b793ee70-a0d7-40e6-8358-9b68dfe3bc82.webp	Assigned Comments list, not a chat channel
web/chat/clickup-web-chat-channel-d7da88e9-8648-4c25-a421-2dc539cf70f4.webp	web/tasks/clickup-web-tasks-channel-d7da88e9-8648-4c25-a421-2dc539cf70f4.webp	Task detail with Checklists/Activity/Attachments
web/chat/clickup-web-chat-chat-eee7da65-c3d6-49a3-8b32-0cf3d64e5730.webp	web/ai/clickup-web-ai-chat-eee7da65-c3d6-49a3-8b32-0cf3d64e5730.webp	ClickUp Brain answering questions about connected Gmail
web/chat/clickup-web-chat-mentions-10db4af3-29b6-4ac5-98d5-4a922ff169df.webp	web/whiteboard/clickup-web-whiteboard-mentions-10db4af3-29b6-4ac5-98d5-4a922ff169df.webp	Image proofing/annotation canvas
web/chat/clickup-web-chat-mentions-5536c1fe-7e56-4a77-8e56-fbfba05bb096.webp	web/whiteboard/clickup-web-whiteboard-mentions-5536c1fe-7e56-4a77-8e56-fbfba05bb096.webp	Image proofing/annotation canvas
web/chat/clickup-web-chat-mentions-72a27ca9-f17d-40e6-9b9d-86a7e7b3b751.webp	web/extra/clickup-web-extra-mentions-72a27ca9-f17d-40e6-9b9d-86a7e7b3b751.webp	Clips video walkthrough with comments panel
web/chat/clickup-web-chat-mentions-7f160ef3-73b2-4f56-95c2-da2c5122f0af.webp	web/extra/clickup-web-extra-mentions-7f160ef3-73b2-4f56-95c2-da2c5122f0af.webp	Clips video walkthrough
web/chat/clickup-web-chat-mentions-8541ac97-b6cb-44e5-885e-a862b6fe21ca.webp	web/whiteboard/clickup-web-whiteboard-mentions-8541ac97-b6cb-44e5-885e-a862b6fe21ca.webp	Image proofing/annotation canvas
web/chat/clickup-web-chat-mentions-857d1c1c-f536-4b75-bd53-6c14a8e41613.webp	web/whiteboard/clickup-web-whiteboard-mentions-857d1c1c-f536-4b75-bd53-6c14a8e41613.webp	Image proofing/annotation canvas
web/chat/clickup-web-chat-mentions-bc203759-ec24-40af-a4d5-4f35dc807016.webp	web/whiteboard/clickup-web-whiteboard-mentions-bc203759-ec24-40af-a4d5-4f35dc807016.webp	Image proofing/annotation canvas
web/chat/clickup-web-chat-mentions-bd3d21a9-6275-4865-957b-47af724b5c82.webp	web/extra/clickup-web-extra-mentions-bd3d21a9-6275-4865-957b-47af724b5c82.webp	Clips video walkthrough with a comment
web/chat/clickup-web-chat-mentions-cf540316-4db7-4d12-a263-47b3728882ca.webp	web/whiteboard/clickup-web-whiteboard-mentions-cf540316-4db7-4d12-a263-47b3728882ca.webp	Image proofing/annotation canvas, 2-comment thread
web/chat/clickup-web-chat-mentions-ddf89454-4f29-48cf-be60-52f797af9d3a.webp	web/extra/clickup-web-extra-mentions-ddf89454-4f29-48cf-be60-52f797af9d3a.webp	Clips video walkthrough, screen library
web/chat/clickup-web-chat-mentions-e9a66ba2-230e-4b98-95df-91f8643b437d.webp	web/collaboration/clickup-web-collaboration-mentions-e9a66ba2-230e-4b98-95df-91f8643b437d.webp	Home "Mentions" panel (tagged in a comment)
web/chat/clickup-web-chat-mentions-ee60ac43-6456-4368-816b-9d6463ef4cd7.webp	web/tasks/clickup-web-tasks-mentions-ee60ac43-6456-4368-816b-9d6463ef4cd7.webp	Task detail with Checklists/Assigned comments/Attachments
web/chat/clickup-web-chat-mentions-f4461f89-3357-4897-a5f7-a2e92738d49c.webp	web/extra/clickup-web-extra-mentions-f4461f89-3357-4897-a5f7-a2e92738d49c.webp	Clips video walkthrough with a comment + recording
web/chat/clickup-web-chat-mute-7339030f-2aba-4f8a-b67f-0f076f9e0ebe.webp	web/navigation/clickup-web-navigation-mute-7339030f-2aba-4f8a-b67f-0f076f9e0ebe.webp	Inbox destination with a Set-status modal
web/chat/clickup-web-chat-mute-bf85aa7d-003b-4727-9e34-ea8e8979d9bf.webp	web/navigation/clickup-web-navigation-mute-bf85aa7d-003b-4727-9e34-ea8e8979d9bf.webp	Inbox destination with a Set-status modal
web/chat/clickup-web-chat-mute-ef0b3046-a8c1-4f17-a23e-014786919950.webp	web/navigation/clickup-web-navigation-mute-ef0b3046-a8c1-4f17-a23e-014786919950.webp	Inbox destination with a Set-status modal
web/chat/clickup-web-chat-task-comments-b793ee70-a0d7-40e6-8358-9b68dfe3bc82.webp	web/collaboration/clickup-web-collaboration-task-comments-b793ee70-a0d7-40e6-8358-9b68dfe3bc82.webp	Assigned Comments list
web/chat/clickup-web-chat-task-comments-058fd86a-e74d-4ced-87e8-7a1131ef2afa.webp	web/tasks/clickup-web-tasks-task-comments-058fd86a-e74d-4ced-87e8-7a1131ef2afa.webp	Task detail panel (Complete Dashboard Feature Screens), not a chat screen
web/chat/clickup-web-chat-task-comments-0cb2c600-17a6-44bd-a722-a66a50b5aba7.webp	web/tasks/clickup-web-tasks-task-comments-0cb2c600-17a6-44bd-a722-a66a50b5aba7.webp	Task detail panel (Complete Dashboard Feature Screens), not a chat screen
web/chat/clickup-web-chat-task-comments-13a01ef9-841f-42cd-bbfe-7f12eb514623.webp	web/tasks/clickup-web-tasks-task-comments-13a01ef9-841f-42cd-bbfe-7f12eb514623.webp	Task detail panel (Complete Dashboard Feature Screens), not a chat screen
web/chat/clickup-web-chat-task-comments-17a21aae-10a9-4efa-b130-8f60e5e78e71.webp	web/tasks/clickup-web-tasks-task-comments-17a21aae-10a9-4efa-b130-8f60e5e78e71.webp	Task detail panel (Complete Dashboard Feature Screens), not a chat screen
web/chat/clickup-web-chat-task-comments-3119cafd-d024-44f1-80d5-6ef91f3ec522.webp	web/tasks/clickup-web-tasks-task-comments-3119cafd-d024-44f1-80d5-6ef91f3ec522.webp	Task detail panel (Complete Dashboard Feature Screens), not a chat screen
web/chat/clickup-web-chat-task-comments-323f1615-4c0e-43c0-8c02-f3de5303d6ec.webp	web/tasks/clickup-web-tasks-task-comments-323f1615-4c0e-43c0-8c02-f3de5303d6ec.webp	Task detail panel (Complete Dashboard Feature Screens), not a chat screen
web/chat/clickup-web-chat-task-comments-376f4740-77bc-4f4a-b955-a168d1fd25bf.webp	web/tasks/clickup-web-tasks-task-comments-376f4740-77bc-4f4a-b955-a168d1fd25bf.webp	Task detail panel (Complete Dashboard Feature Screens), not a chat screen
web/chat/clickup-web-chat-task-comments-39d50edf-0b43-4a6a-92f1-9f874cdf0dd7.webp	web/tasks/clickup-web-tasks-task-comments-39d50edf-0b43-4a6a-92f1-9f874cdf0dd7.webp	Task detail panel (Complete Dashboard Feature Screens), not a chat screen
web/chat/clickup-web-chat-task-comments-3f9aa482-abbe-4bfc-b7e0-a9c39225bbbf.webp	web/tasks/clickup-web-tasks-task-comments-3f9aa482-abbe-4bfc-b7e0-a9c39225bbbf.webp	Task detail panel (Complete Dashboard Feature Screens), not a chat screen
web/chat/clickup-web-chat-task-comments-49ff12a3-3f94-49e7-ba2c-935e1b49fbae.webp	web/tasks/clickup-web-tasks-task-comments-49ff12a3-3f94-49e7-ba2c-935e1b49fbae.webp	Task detail panel (Complete Dashboard Feature Screens), not a chat screen
web/chat/clickup-web-chat-task-comments-4a06754a-2a70-47b2-9792-081218245ec7.webp	web/tasks/clickup-web-tasks-task-comments-4a06754a-2a70-47b2-9792-081218245ec7.webp	Task detail panel (Complete Dashboard Feature Screens), not a chat screen
web/chat/clickup-web-chat-task-comments-4b6c0450-3293-44e2-ad9d-8b46fba592c2.webp	web/tasks/clickup-web-tasks-task-comments-4b6c0450-3293-44e2-ad9d-8b46fba592c2.webp	Task detail panel (Complete Dashboard Feature Screens), not a chat screen
web/chat/clickup-web-chat-task-comments-4f54a62d-0785-49c6-ad61-5e5b72b97cdc.webp	web/tasks/clickup-web-tasks-task-comments-4f54a62d-0785-49c6-ad61-5e5b72b97cdc.webp	Task detail panel (Complete Dashboard Feature Screens), not a chat screen
web/chat/clickup-web-chat-task-comments-52b2f142-aed2-4e12-9259-b6f99eda2dd9.webp	web/tasks/clickup-web-tasks-task-comments-52b2f142-aed2-4e12-9259-b6f99eda2dd9.webp	Task detail panel (Complete Dashboard Feature Screens), not a chat screen
web/chat/clickup-web-chat-task-comments-56e04b91-4f68-4fcc-9ccb-1e64c769131a.webp	web/tasks/clickup-web-tasks-task-comments-56e04b91-4f68-4fcc-9ccb-1e64c769131a.webp	Task detail panel (Complete Dashboard Feature Screens), not a chat screen
web/chat/clickup-web-chat-task-comments-5ff8276d-0ccd-4153-936d-ac35df5a2804.webp	web/tasks/clickup-web-tasks-task-comments-5ff8276d-0ccd-4153-936d-ac35df5a2804.webp	Task detail panel (Complete Dashboard Feature Screens), not a chat screen
web/chat/clickup-web-chat-task-comments-62268d93-4144-4154-816d-f833f30eb3eb.webp	web/tasks/clickup-web-tasks-task-comments-62268d93-4144-4154-816d-f833f30eb3eb.webp	Task detail panel (Complete Dashboard Feature Screens), not a chat screen
web/chat/clickup-web-chat-task-comments-63e61970-c293-4d36-88b3-9552aa6be44c.webp	web/tasks/clickup-web-tasks-task-comments-63e61970-c293-4d36-88b3-9552aa6be44c.webp	Task detail panel (Complete Dashboard Feature Screens), not a chat screen
web/chat/clickup-web-chat-task-comments-6558be2d-ec76-43c5-8ea2-0186fded33b1.webp	web/tasks/clickup-web-tasks-task-comments-6558be2d-ec76-43c5-8ea2-0186fded33b1.webp	Task detail panel (Complete Dashboard Feature Screens), not a chat screen
web/chat/clickup-web-chat-task-comments-6763ab9f-31a3-40fd-9640-3c5eec8f859c.webp	web/tasks/clickup-web-tasks-task-comments-6763ab9f-31a3-40fd-9640-3c5eec8f859c.webp	Task detail panel (Complete Dashboard Feature Screens), not a chat screen
web/chat/clickup-web-chat-task-comments-6ab16201-dbf4-470e-ad65-cf7d2d916822.webp	web/tasks/clickup-web-tasks-task-comments-6ab16201-dbf4-470e-ad65-cf7d2d916822.webp	Task detail panel (Complete Dashboard Feature Screens), not a chat screen
web/chat/clickup-web-chat-task-comments-6d662c7e-b2aa-43e3-b7dc-5c869c0eb946.webp	web/tasks/clickup-web-tasks-task-comments-6d662c7e-b2aa-43e3-b7dc-5c869c0eb946.webp	Task detail panel (Complete Dashboard Feature Screens), not a chat screen
web/chat/clickup-web-chat-task-comments-713ce922-b43f-42ae-b9cd-1ab95f8529fe.webp	web/tasks/clickup-web-tasks-task-comments-713ce922-b43f-42ae-b9cd-1ab95f8529fe.webp	Task detail panel (Complete Dashboard Feature Screens), not a chat screen
web/chat/clickup-web-chat-task-comments-76fe5177-efa8-488c-a3d8-1044c4ae10a6.webp	web/tasks/clickup-web-tasks-task-comments-76fe5177-efa8-488c-a3d8-1044c4ae10a6.webp	Task detail panel (Complete Dashboard Feature Screens), not a chat screen
web/chat/clickup-web-chat-task-comments-7e01a6bb-ba83-41e1-b044-0d32cb93ce81.webp	web/tasks/clickup-web-tasks-task-comments-7e01a6bb-ba83-41e1-b044-0d32cb93ce81.webp	Task detail panel (Complete Dashboard Feature Screens), not a chat screen
web/chat/clickup-web-chat-task-comments-829a255f-036b-4182-bf68-094a99a46807.webp	web/tasks/clickup-web-tasks-task-comments-829a255f-036b-4182-bf68-094a99a46807.webp	Task detail panel (Complete Dashboard Feature Screens), not a chat screen
web/chat/clickup-web-chat-task-comments-9eed163f-1230-484d-ac79-6c1a89f1e2a3.webp	web/tasks/clickup-web-tasks-task-comments-9eed163f-1230-484d-ac79-6c1a89f1e2a3.webp	Task detail panel (Complete Dashboard Feature Screens), not a chat screen
web/chat/clickup-web-chat-task-comments-b56401c3-2411-493c-b5e7-23e3a1b342e7.webp	web/tasks/clickup-web-tasks-task-comments-b56401c3-2411-493c-b5e7-23e3a1b342e7.webp	Task detail panel (Complete Dashboard Feature Screens), not a chat screen
web/chat/clickup-web-chat-task-comments-b76132cb-d42a-4552-af82-2566c9d78f44.webp	web/tasks/clickup-web-tasks-task-comments-b76132cb-d42a-4552-af82-2566c9d78f44.webp	Task detail panel (Complete Dashboard Feature Screens), not a chat screen
web/chat/clickup-web-chat-task-comments-bc71328c-99d0-4bce-b5b8-440274d5feb6.webp	web/tasks/clickup-web-tasks-task-comments-bc71328c-99d0-4bce-b5b8-440274d5feb6.webp	Task detail panel (Complete Dashboard Feature Screens), not a chat screen
web/chat/clickup-web-chat-task-comments-c37ed67d-1543-4d77-b20c-20fd716ec13a.webp	web/tasks/clickup-web-tasks-task-comments-c37ed67d-1543-4d77-b20c-20fd716ec13a.webp	Task detail panel (Complete Dashboard Feature Screens), not a chat screen
web/chat/clickup-web-chat-task-comments-cb95d50a-b746-4e20-8f4a-46f8336eed05.webp	web/tasks/clickup-web-tasks-task-comments-cb95d50a-b746-4e20-8f4a-46f8336eed05.webp	Task detail panel (Complete Dashboard Feature Screens), not a chat screen
web/chat/clickup-web-chat-task-comments-cd6286ce-f988-4a84-b5f7-9e129e2afab1.webp	web/tasks/clickup-web-tasks-task-comments-cd6286ce-f988-4a84-b5f7-9e129e2afab1.webp	Task detail panel (Complete Dashboard Feature Screens), not a chat screen
web/chat/clickup-web-chat-task-comments-da761d1b-b83f-4b47-af41-af0262089fbe.webp	web/tasks/clickup-web-tasks-task-comments-da761d1b-b83f-4b47-af41-af0262089fbe.webp	Task detail panel (Complete Dashboard Feature Screens), not a chat screen
web/chat/clickup-web-chat-task-comments-dc2df0c3-acd1-4bf5-8aab-0502b63e13fb.webp	web/tasks/clickup-web-tasks-task-comments-dc2df0c3-acd1-4bf5-8aab-0502b63e13fb.webp	Task detail panel (Complete Dashboard Feature Screens), not a chat screen
web/chat/clickup-web-chat-task-comments-ee489600-1ec1-491c-9a41-19920ac97ff8.webp	web/tasks/clickup-web-tasks-task-comments-ee489600-1ec1-491c-9a41-19920ac97ff8.webp	Task detail panel (Complete Dashboard Feature Screens), not a chat screen
web/chat/clickup-web-chat-task-comments-f4c643f2-5fd0-4432-8c00-e4f9f4bebaac.webp	web/tasks/clickup-web-tasks-task-comments-f4c643f2-5fd0-4432-8c00-e4f9f4bebaac.webp	Task detail panel (Complete Dashboard Feature Screens), not a chat screen
web/dashboards/clickup-web-dashboards-dashboard-132dc714-53b4-4600-8815-7ffa36c1c1d2.webp	web/views/clickup-web-views-dashboard-132dc714-53b4-4600-8815-7ffa36c1c1d2.webp	My Tasks aggregated home view
web/dashboards/clickup-web-dashboards-dashboard-180ebd25-bd1d-4943-a6a7-75f23f5ed75f.webp	web/views/clickup-web-views-dashboard-180ebd25-bd1d-4943-a6a7-75f23f5ed75f.webp	Board view customization panel
web/dashboards/clickup-web-dashboards-dashboard-321f31b4-9053-4f91-836f-582821407e26.webp	web/views/clickup-web-views-dashboard-321f31b4-9053-4f91-836f-582821407e26.webp	Space Overview tab rendered with real content
web/dashboards/clickup-web-dashboards-dashboard-4d0df096-f928-4970-be90-b3b8f03a35e5.webp	web/views/clickup-web-views-dashboard-4d0df096-f928-4970-be90-b3b8f03a35e5.webp	My Tasks aggregated home view with Add Cards panel
web/dashboards/clickup-web-dashboards-dashboard-76af4864-46dc-4fec-897a-c4d5e9994295.webp	web/views/clickup-web-views-dashboard-76af4864-46dc-4fec-897a-c4d5e9994295.webp	My Tasks aggregated home view
web/dashboards/clickup-web-dashboards-dashboard-991b9969-ecda-4bb5-aa0f-52caf8f811a6.webp	web/reports/clickup-web-reports-dashboard-991b9969-ecda-4bb5-aa0f-52caf8f811a6.webp	Team Analytics bar chart (members online)
web/dashboards/clickup-web-dashboards-dashboard-a1d39a24-0fab-4233-9408-d541a20d64bf.webp	web/menus/clickup-web-menus-dashboard-a1d39a24-0fab-4233-9408-d541a20d64bf.webp	Sidebar section dropdown menu over My Tasks
web/dashboards/clickup-web-dashboards-dashboard-b069524b-4102-4b10-ad6e-7c03fbc6f969.webp	web/reports/clickup-web-reports-dashboard-b069524b-4102-4b10-ad6e-7c03fbc6f969.webp	Goal detail (Targets/Timeline), not a Dashboard card
web/dashboards/clickup-web-dashboards-dashboard-bef6d943-1480-47ae-ae8c-07522286788a.webp	web/collaboration/clickup-web-collaboration-dashboard-bef6d943-1480-47ae-ae8c-07522286788a.webp	Team Overview tab (members, feed)
web/dashboards/clickup-web-dashboards-dashboard-d0803e9d-5069-4d61-a8a5-b96e16a668b0.webp	web/reports/clickup-web-reports-dashboard-d0803e9d-5069-4d61-a8a5-b96e16a668b0.webp	Team Analytics bar chart, not a Dashboard card
web/dashboards/clickup-web-dashboards-dashboard-d50af4d8-6196-4e11-947e-f01c42d94d00.webp	web/views/clickup-web-views-dashboard-d50af4d8-6196-4e11-947e-f01c42d94d00.webp	Space Overview tab (Docs/Bookmarks/Folders/Lists)
web/dashboards/clickup-web-dashboards-dashboard-e92c7fd3-b76a-4be7-a17f-ed3a6e29646b.webp	web/views/clickup-web-views-dashboard-e92c7fd3-b76a-4be7-a17f-ed3a6e29646b.webp	Space Overview tab, dark mode
web/dashboards/clickup-web-dashboards-dashboard-ef9476da-5958-48c5-89ee-190c14ed4ef1.webp	web/collaboration/clickup-web-collaboration-dashboard-ef9476da-5958-48c5-89ee-190c14ed4ef1.webp	Team Overview tab (members, feed)
web/dashboards/clickup-web-dashboards-goals-04a913c2-8244-4011-a470-7735a87ef80a.webp	web/reports/clickup-web-reports-goals-04a913c2-8244-4011-a470-7735a87ef80a.webp	Goal Target creation wizard
web/dashboards/clickup-web-dashboards-goals-09659c5a-7f89-4679-b3f7-535e976e8bfb.webp	web/reports/clickup-web-reports-goals-09659c5a-7f89-4679-b3f7-535e976e8bfb.webp	Goal Key Result update modal
web/dashboards/clickup-web-dashboards-goals-0b923a6b-69d2-4ec5-99d0-93b36c313585.webp	web/reports/clickup-web-reports-goals-0b923a6b-69d2-4ec5-99d0-93b36c313585.webp	Goal Target creation wizard
web/dashboards/clickup-web-dashboards-goals-155b8eb2-ca0d-4b8f-a17d-c295cf6a28d0.webp	web/reports/clickup-web-reports-goals-155b8eb2-ca0d-4b8f-a17d-c295cf6a28d0.webp	Goal completion-date/description step
web/dashboards/clickup-web-dashboards-goals-16d28e5f-61c1-42e8-88be-22fd1929a813.webp	web/reports/clickup-web-reports-goals-16d28e5f-61c1-42e8-88be-22fd1929a813.webp	Goal completion-date step
web/dashboards/clickup-web-dashboards-goals-17b55b7b-17c5-46a4-8398-6955c4c684d4.webp	web/reports/clickup-web-reports-goals-17b55b7b-17c5-46a4-8398-6955c4c684d4.webp	Goal Target creation validation error
web/dashboards/clickup-web-dashboards-goals-17c107e5-c1dc-4e31-a766-99ea9d05d9cb.webp	web/reports/clickup-web-reports-goals-17c107e5-c1dc-4e31-a766-99ea9d05d9cb.webp	Goal Target name step
web/dashboards/clickup-web-dashboards-goals-1ea5aadb-05ae-474e-b935-c4d0b19d5a40.webp	web/reports/clickup-web-reports-goals-1ea5aadb-05ae-474e-b935-c4d0b19d5a40.webp	Goal Target owner step
web/dashboards/clickup-web-dashboards-goals-2626bbc6-4550-4841-9b14-118dcd4cbb5c.webp	web/reports/clickup-web-reports-goals-2626bbc6-4550-4841-9b14-118dcd4cbb5c.webp	Goal-name validation error
web/dashboards/clickup-web-dashboards-goals-2beaf769-f769-4474-a7ba-c21a319b8745.webp	web/reports/clickup-web-reports-goals-2beaf769-f769-4474-a7ba-c21a319b8745.webp	Goal Target owner step
web/dashboards/clickup-web-dashboards-goals-3f3c2432-3db0-4cfc-b469-2a088d38dde5.webp	web/reports/clickup-web-reports-goals-3f3c2432-3db0-4cfc-b469-2a088d38dde5.webp	Goals empty state ("Make your goals a reality")
web/dashboards/clickup-web-dashboards-goals-4d1f6b81-49a8-40d0-b765-47357e304807.webp	web/reports/clickup-web-reports-goals-4d1f6b81-49a8-40d0-b765-47357e304807.webp	Goal detail (Targets/Timeline)
web/dashboards/clickup-web-dashboards-goals-4ede78ef-2539-455c-9d37-37b5029b9225.webp	web/reports/clickup-web-reports-goals-4ede78ef-2539-455c-9d37-37b5029b9225.webp	Goal Target owner/access step
web/dashboards/clickup-web-dashboards-goals-5bbde02d-26f6-45ba-9fa5-c90651de8449.webp	web/reports/clickup-web-reports-goals-5bbde02d-26f6-45ba-9fa5-c90651de8449.webp	Goal Key Result update modal
web/dashboards/clickup-web-dashboards-goals-6218cd77-5d64-4d19-bcf0-4995181c976d.webp	web/reports/clickup-web-reports-goals-6218cd77-5d64-4d19-bcf0-4995181c976d.webp	Goal owner step
web/dashboards/clickup-web-dashboards-goals-65a8b364-6b11-4694-b081-c1833a3e5b8f.webp	web/reports/clickup-web-reports-goals-65a8b364-6b11-4694-b081-c1833a3e5b8f.webp	Goal detail "Create a Target" empty state
web/dashboards/clickup-web-dashboards-goals-662c87bf-64aa-4e1f-9a9c-d1f96eaddf26.webp	web/reports/clickup-web-reports-goals-662c87bf-64aa-4e1f-9a9c-d1f96eaddf26.webp	Goal name step
web/dashboards/clickup-web-dashboards-goals-90935276-73f0-4b29-aff4-53e55ce9841d.webp	web/reports/clickup-web-reports-goals-90935276-73f0-4b29-aff4-53e55ce9841d.webp	Goal Target owner step
web/dashboards/clickup-web-dashboards-goals-93810e6d-6254-45c0-9379-78891f4e110a.webp	web/reports/clickup-web-reports-goals-93810e6d-6254-45c0-9379-78891f4e110a.webp	Goal owner/access step
web/dashboards/clickup-web-dashboards-goals-b4749602-827d-49c2-94f2-ae65417962f8.webp	web/tasks/clickup-web-tasks-goals-b4749602-827d-49c2-94f2-ae65417962f8.webp	Task detail with image cover, not a Goal screen
web/dashboards/clickup-web-dashboards-goals-b55b0907-07e2-436a-99ea-b36b1d7cc1de.webp	web/reports/clickup-web-reports-goals-b55b0907-07e2-436a-99ea-b36b1d7cc1de.webp	Goal detail (single Target)
web/dashboards/clickup-web-dashboards-goals-ca36bf6c-49b7-463e-8a53-5457816d9bd4.webp	web/reports/clickup-web-reports-goals-ca36bf6c-49b7-463e-8a53-5457816d9bd4.webp	Goal owner/access step
web/dashboards/clickup-web-dashboards-goals-fa913a4c-f849-4fb1-9d3d-687a8b609789.webp	web/reports/clickup-web-reports-goals-fa913a4c-f849-4fb1-9d3d-687a8b609789.webp	Goal Target-type step
web/dashboards/clickup-web-dashboards-reporting-01d048f2-4d84-44cf-ab63-4de2c07b4e8f.webp	web/time-tracking/clickup-web-time-tracking-reporting-01d048f2-4d84-44cf-ab63-4de2c07b4e8f.webp	Team member weekly Timesheet table
web/dashboards/clickup-web-dashboards-reporting-18f5efb0-9735-4c22-be22-1f7c2f501a8d.webp	web/time-tracking/clickup-web-time-tracking-reporting-18f5efb0-9735-4c22-be22-1f7c2f501a8d.webp	Team Timesheet (all members)
web/dashboards/clickup-web-dashboards-reporting-25f54ec5-0000-459a-9dbe-50fa92bd9561.webp	web/time-tracking/clickup-web-time-tracking-reporting-25f54ec5-0000-459a-9dbe-50fa92bd9561.webp	Timesheet capacity Settings
web/dashboards/clickup-web-dashboards-reporting-2ed8379c-f517-49fc-bbd8-7b042c1567a6.webp	web/time-tracking/clickup-web-time-tracking-reporting-2ed8379c-f517-49fc-bbd8-7b042c1567a6.webp	Timesheet time-entries detail
web/dashboards/clickup-web-dashboards-reporting-321f31b4-9053-4f91-836f-582821407e26.webp	web/views/clickup-web-views-reporting-321f31b4-9053-4f91-836f-582821407e26.webp	Space Overview tab rendered with real content
web/dashboards/clickup-web-dashboards-reporting-3848d517-a976-45a0-b00e-8dbcb44e3ec7.webp	web/time-tracking/clickup-web-time-tracking-reporting-3848d517-a976-45a0-b00e-8dbcb44e3ec7.webp	Team Timesheet with a capacity tooltip
web/dashboards/clickup-web-dashboards-reporting-399fb901-303d-4b0d-a9e9-196885bcbd5e.webp	web/time-tracking/clickup-web-time-tracking-reporting-399fb901-303d-4b0d-a9e9-196885bcbd5e.webp	Timesheet Approvals "No submissions to review"
web/dashboards/clickup-web-dashboards-reporting-4527cabc-1832-42c3-9364-2f548b247397.webp	web/time-tracking/clickup-web-time-tracking-reporting-4527cabc-1832-42c3-9364-2f548b247397.webp	Timesheet time-entries detail
web/dashboards/clickup-web-dashboards-reporting-4a1f479a-3fd9-4bcc-998c-3fa31a651063.webp	web/time-tracking/clickup-web-time-tracking-reporting-4a1f479a-3fd9-4bcc-998c-3fa31a651063.webp	My timesheet, submit-for-approval state
web/dashboards/clickup-web-dashboards-reporting-609aa26d-848f-45d0-9127-cd21ac59cf03.webp	web/time-tracking/clickup-web-time-tracking-reporting-609aa26d-848f-45d0-9127-cd21ac59cf03.webp	My timesheet (pending submission)
web/dashboards/clickup-web-dashboards-reporting-6221806e-c0bd-4c02-a1d2-4c450a69901f.webp	web/collaboration/clickup-web-collaboration-reporting-6221806e-c0bd-4c02-a1d2-4c450a69901f.webp	Team member profile with Comments panel
web/dashboards/clickup-web-dashboards-reporting-640d7777-23f1-4a63-9b51-71f6e7008935.webp	web/time-tracking/clickup-web-time-tracking-reporting-640d7777-23f1-4a63-9b51-71f6e7008935.webp	Approved team-member timesheet detail
web/dashboards/clickup-web-dashboards-reporting-7d2645b3-ebb8-4a14-95c8-689db1fd816e.webp	web/time-tracking/clickup-web-time-tracking-reporting-7d2645b3-ebb8-4a14-95c8-689db1fd816e.webp	Team Timesheet (all members)
web/dashboards/clickup-web-dashboards-reporting-7db81793-687b-44e3-9eb0-102ec1a53443.webp	web/time-tracking/clickup-web-time-tracking-reporting-7db81793-687b-44e3-9eb0-102ec1a53443.webp	Team Timesheet capacity Settings
web/dashboards/clickup-web-dashboards-reporting-8f1ffe94-d4de-4c74-98ea-afd210ea7707.webp	web/time-tracking/clickup-web-time-tracking-reporting-8f1ffe94-d4de-4c74-98ea-afd210ea7707.webp	Submit-timesheet-for-approval modal
web/dashboards/clickup-web-dashboards-reporting-991b9969-ecda-4bb5-aa0f-52caf8f811a6.webp	web/reports/clickup-web-reports-reporting-991b9969-ecda-4bb5-aa0f-52caf8f811a6.webp	Team Analytics bar chart (members online)
web/dashboards/clickup-web-dashboards-reporting-9dd0b1bc-8dcc-45dd-9540-07fd6abfb72b.webp	web/time-tracking/clickup-web-time-tracking-reporting-9dd0b1bc-8dcc-45dd-9540-07fd6abfb72b.webp	Reclassified by content
web/dashboards/clickup-web-dashboards-reporting-ae864c61-5f63-4b0c-bcb0-274a9106e789.webp	web/collaboration/clickup-web-collaboration-reporting-ae864c61-5f63-4b0c-bcb0-274a9106e789.webp	Team member profile, Activity tab
web/dashboards/clickup-web-dashboards-reporting-bef6d943-1480-47ae-ae8c-07522286788a.webp	web/collaboration/clickup-web-collaboration-reporting-bef6d943-1480-47ae-ae8c-07522286788a.webp	Team Overview tab (members, feed)
web/dashboards/clickup-web-dashboards-reporting-d0803e9d-5069-4d61-a8a5-b96e16a668b0.webp	web/reports/clickup-web-reports-reporting-d0803e9d-5069-4d61-a8a5-b96e16a668b0.webp	Team Analytics bar chart, not a Dashboard card
web/dashboards/clickup-web-dashboards-reporting-d0e41a7f-6d59-4a9a-a869-e352aa2523e1.webp	web/collaboration/clickup-web-collaboration-reporting-d0e41a7f-6d59-4a9a-a869-e352aa2523e1.webp	Team member profile, Tasks tab
web/dashboards/clickup-web-dashboards-reporting-d908e9a0-9804-4109-86f2-702b5986a60d.webp	web/time-tracking/clickup-web-time-tracking-reporting-d908e9a0-9804-4109-86f2-702b5986a60d.webp	My timesheet, not submitted
web/dashboards/clickup-web-dashboards-reporting-de451ee3-8e2d-4fd7-8f8e-b36ec0b9db4b.webp	web/time-tracking/clickup-web-time-tracking-reporting-de451ee3-8e2d-4fd7-8f8e-b36ec0b9db4b.webp	Pending team-member timesheet detail
web/dashboards/clickup-web-dashboards-reporting-edc40539-bc04-427d-a8c2-a187644ea747.webp	web/time-tracking/clickup-web-time-tracking-reporting-edc40539-bc04-427d-a8c2-a187644ea747.webp	Pending timesheet Request-changes/Approve detail
web/dashboards/clickup-web-dashboards-reporting-ff201002-e85a-401f-9790-8d70aa2b7a0b.webp	web/time-tracking/clickup-web-time-tracking-reporting-ff201002-e85a-401f-9790-8d70aa2b7a0b.webp	Approve-timesheet confirmation dialog
web/dashboards/clickup-web-dashboards-sprints-2688b7ca-3f6c-4177-a229-d52d1c12c389.webp	web/tasks/clickup-web-tasks-sprints-2688b7ca-3f6c-4177-a229-d52d1c12c389.webp	Task detail side panel (Attachments)
web/dashboards/clickup-web-dashboards-sprints-48776cc6-9631-49ca-a614-2e58ce73cc52.webp	web/tasks/clickup-web-tasks-sprints-48776cc6-9631-49ca-a614-2e58ce73cc52.webp	List view with an inline Assign tooltip
web/dashboards/clickup-web-dashboards-sprints-76831f60-1de7-473b-bce0-f3f1e3b08135.webp	web/database/clickup-web-database-sprints-76831f60-1de7-473b-bce0-f3f1e3b08135.webp	Protect-view modal over Board customization panel
web/dashboards/clickup-web-dashboards-sprints-94480f0b-f404-4221-97f4-2030a7fddef5.webp	web/views/clickup-web-views-sprints-94480f0b-f404-4221-97f4-2030a7fddef5.webp	List view with a breadcrumb location dropdown
web/dashboards/clickup-web-dashboards-timesheet-01d048f2-4d84-44cf-ab63-4de2c07b4e8f.webp	web/time-tracking/clickup-web-time-tracking-timesheet-01d048f2-4d84-44cf-ab63-4de2c07b4e8f.webp	Team member weekly Timesheet table
web/dashboards/clickup-web-dashboards-timesheet-115eab19-502a-4f76-a1a3-02a35f91f563.webp	web/tasks/clickup-web-tasks-timesheet-115eab19-502a-4f76-a1a3-02a35f91f563.webp	Task detail panel, highlighted description
web/dashboards/clickup-web-dashboards-timesheet-18f5efb0-9735-4c22-be22-1f7c2f501a8d.webp	web/time-tracking/clickup-web-time-tracking-timesheet-18f5efb0-9735-4c22-be22-1f7c2f501a8d.webp	Team Timesheet (all members)
web/dashboards/clickup-web-dashboards-timesheet-196dbc08-f5c5-46e4-98c3-3d67fc4e9335.webp	web/time-tracking/clickup-web-time-tracking-timesheet-196dbc08-f5c5-46e4-98c3-3d67fc4e9335.webp	Team Timesheet (single member, all zero)
web/dashboards/clickup-web-dashboards-timesheet-25f54ec5-0000-459a-9dbe-50fa92bd9561.webp	web/time-tracking/clickup-web-time-tracking-timesheet-25f54ec5-0000-459a-9dbe-50fa92bd9561.webp	Timesheet capacity Settings
web/dashboards/clickup-web-dashboards-timesheet-2beaf769-f769-4474-a7ba-c21a319b8745.webp	web/reports/clickup-web-reports-timesheet-2beaf769-f769-4474-a7ba-c21a319b8745.webp	Goal Target owner step
web/dashboards/clickup-web-dashboards-timesheet-2ed8379c-f517-49fc-bbd8-7b042c1567a6.webp	web/time-tracking/clickup-web-time-tracking-timesheet-2ed8379c-f517-49fc-bbd8-7b042c1567a6.webp	Timesheet time-entries detail
web/dashboards/clickup-web-dashboards-timesheet-3848d517-a976-45a0-b00e-8dbcb44e3ec7.webp	web/time-tracking/clickup-web-time-tracking-timesheet-3848d517-a976-45a0-b00e-8dbcb44e3ec7.webp	Team Timesheet with a capacity tooltip
web/dashboards/clickup-web-dashboards-timesheet-399fb901-303d-4b0d-a9e9-196885bcbd5e.webp	web/time-tracking/clickup-web-time-tracking-timesheet-399fb901-303d-4b0d-a9e9-196885bcbd5e.webp	Timesheet Approvals "No submissions to review"
web/dashboards/clickup-web-dashboards-timesheet-4527cabc-1832-42c3-9364-2f548b247397.webp	web/time-tracking/clickup-web-time-tracking-timesheet-4527cabc-1832-42c3-9364-2f548b247397.webp	Timesheet time-entries detail
web/dashboards/clickup-web-dashboards-timesheet-4a1f479a-3fd9-4bcc-998c-3fa31a651063.webp	web/time-tracking/clickup-web-time-tracking-timesheet-4a1f479a-3fd9-4bcc-998c-3fa31a651063.webp	My timesheet, submit-for-approval state
web/dashboards/clickup-web-dashboards-timesheet-5af43f1b-1fd0-4c03-b726-9454adef55ef.webp	web/tasks/clickup-web-tasks-timesheet-5af43f1b-1fd0-4c03-b726-9454adef55ef.webp	Plain task detail panel
web/dashboards/clickup-web-dashboards-timesheet-609aa26d-848f-45d0-9127-cd21ac59cf03.webp	web/time-tracking/clickup-web-time-tracking-timesheet-609aa26d-848f-45d0-9127-cd21ac59cf03.webp	My timesheet (pending submission)
web/dashboards/clickup-web-dashboards-timesheet-6221806e-c0bd-4c02-a1d2-4c450a69901f.webp	web/collaboration/clickup-web-collaboration-timesheet-6221806e-c0bd-4c02-a1d2-4c450a69901f.webp	Team member profile with Comments panel
web/dashboards/clickup-web-dashboards-timesheet-62268d93-4144-4154-816d-f833f30eb3eb.webp	web/tasks/clickup-web-tasks-timesheet-62268d93-4144-4154-816d-f833f30eb3eb.webp	Task detail panel (same screen id as chat/task-comments)
web/dashboards/clickup-web-dashboards-timesheet-640d7777-23f1-4a63-9b51-71f6e7008935.webp	web/time-tracking/clickup-web-time-tracking-timesheet-640d7777-23f1-4a63-9b51-71f6e7008935.webp	Approved team-member timesheet detail
web/dashboards/clickup-web-dashboards-timesheet-72d64728-a1bb-4767-929c-fe34a6907c80.webp	web/time-tracking/clickup-web-time-tracking-timesheet-72d64728-a1bb-4767-929c-fe34a6907c80.webp	Timesheet Approvals "To review" list
web/dashboards/clickup-web-dashboards-timesheet-740383bb-7eeb-4a4c-9ce4-bdd531449241.webp	web/tasks/clickup-web-tasks-timesheet-740383bb-7eeb-4a4c-9ce4-bdd531449241.webp	Task detail panel, description edit
web/dashboards/clickup-web-dashboards-timesheet-7d2645b3-ebb8-4a14-95c8-689db1fd816e.webp	web/time-tracking/clickup-web-time-tracking-timesheet-7d2645b3-ebb8-4a14-95c8-689db1fd816e.webp	Team Timesheet (all members)
web/dashboards/clickup-web-dashboards-timesheet-7db81793-687b-44e3-9eb0-102ec1a53443.webp	web/time-tracking/clickup-web-time-tracking-timesheet-7db81793-687b-44e3-9eb0-102ec1a53443.webp	Team Timesheet capacity Settings
web/dashboards/clickup-web-dashboards-timesheet-8f1ffe94-d4de-4c74-98ea-afd210ea7707.webp	web/time-tracking/clickup-web-time-tracking-timesheet-8f1ffe94-d4de-4c74-98ea-afd210ea7707.webp	Submit-timesheet-for-approval modal
web/dashboards/clickup-web-dashboards-timesheet-9ce37d47-c27d-4dff-bad7-5a07fcf657a4.webp	web/time-tracking/clickup-web-time-tracking-timesheet-9ce37d47-c27d-4dff-bad7-5a07fcf657a4.webp	Timesheet Approvals list
web/dashboards/clickup-web-dashboards-timesheet-9dd0b1bc-8dcc-45dd-9540-07fd6abfb72b.webp	web/time-tracking/clickup-web-time-tracking-timesheet-9dd0b1bc-8dcc-45dd-9540-07fd6abfb72b.webp	Reclassified by content
web/dashboards/clickup-web-dashboards-timesheet-ae864c61-5f63-4b0c-bcb0-274a9106e789.webp	web/collaboration/clickup-web-collaboration-timesheet-ae864c61-5f63-4b0c-bcb0-274a9106e789.webp	Team member profile, Activity tab
web/dashboards/clickup-web-dashboards-timesheet-d0e41a7f-6d59-4a9a-a869-e352aa2523e1.webp	web/collaboration/clickup-web-collaboration-timesheet-d0e41a7f-6d59-4a9a-a869-e352aa2523e1.webp	Team member profile, Tasks tab
web/dashboards/clickup-web-dashboards-timesheet-d908e9a0-9804-4109-86f2-702b5986a60d.webp	web/time-tracking/clickup-web-time-tracking-timesheet-d908e9a0-9804-4109-86f2-702b5986a60d.webp	My timesheet, not submitted
web/dashboards/clickup-web-dashboards-timesheet-da761d1b-b83f-4b47-af41-af0262089fbe.webp	web/tasks/clickup-web-tasks-timesheet-da761d1b-b83f-4b47-af41-af0262089fbe.webp	Task detail panel (same screen id as chat/task-comments)
web/dashboards/clickup-web-dashboards-timesheet-de451ee3-8e2d-4fd7-8f8e-b36ec0b9db4b.webp	web/time-tracking/clickup-web-time-tracking-timesheet-de451ee3-8e2d-4fd7-8f8e-b36ec0b9db4b.webp	Pending team-member timesheet detail
web/dashboards/clickup-web-dashboards-timesheet-e0b72c79-32a2-4069-a7e9-6fa436c6f2bc.webp	web/time-tracking/clickup-web-time-tracking-timesheet-e0b72c79-32a2-4069-a7e9-6fa436c6f2bc.webp	Team Timesheet (4 members)
web/dashboards/clickup-web-dashboards-timesheet-edc40539-bc04-427d-a8c2-a187644ea747.webp	web/time-tracking/clickup-web-time-tracking-timesheet-edc40539-bc04-427d-a8c2-a187644ea747.webp	Pending timesheet Request-changes/Approve detail
web/dashboards/clickup-web-dashboards-timesheet-f7f91da5-da55-41f8-882c-6bc6268c8628.webp	web/time-tracking/clickup-web-time-tracking-timesheet-f7f91da5-da55-41f8-882c-6bc6268c8628.webp	Approve-timesheet dialog with a comment
web/dashboards/clickup-web-dashboards-timesheet-fb082ae7-d95f-448f-83cd-c64b3a18c79d.webp	web/time-tracking/clickup-web-time-tracking-timesheet-fb082ae7-d95f-448f-83cd-c64b3a18c79d.webp	Time-entry description edit popup
web/dashboards/clickup-web-dashboards-timesheet-ff201002-e85a-401f-9790-8d70aa2b7a0b.webp	web/time-tracking/clickup-web-time-tracking-timesheet-ff201002-e85a-401f-9790-8d70aa2b7a0b.webp	Approve-timesheet confirmation dialog
web/navigation/clickup-web-navigation-collection-0300b854-a1ec-4809-811e-8872504e6d31.webp	web/dashboards/clickup-web-dashboards-collection-0300b854-a1ec-4809-811e-8872504e6d31.webp	All Dashboards list
web/navigation/clickup-web-navigation-collection-06be19ae-08eb-4eb8-8f3b-164df21bd8df.webp	web/chat/clickup-web-chat-collection-06be19ae-08eb-4eb8-8f3b-164df21bd8df.webp	Add-a-bookmark modal in a Chat channel
web/navigation/clickup-web-navigation-collection-1397034f-d152-4960-93d8-50c1c08b3b63.webp	web/views/clickup-web-views-collection-1397034f-d152-4960-93d8-50c1c08b3b63.webp	Rendered List view, plain
web/navigation/clickup-web-navigation-collection-15526a57-5058-4a4c-ac7c-cc91dc10951b.webp	web/database/clickup-web-database-collection-15526a57-5058-4a4c-ac7c-cc91dc10951b.webp	Import Statuses/Views/Automations/Custom Fields configuration
web/navigation/clickup-web-navigation-collection-2497752f-71bd-4601-b4bf-2c3a5e56dee2.webp	web/views/clickup-web-views-collection-2497752f-71bd-4601-b4bf-2c3a5e56dee2.webp	My Tasks aggregated home view
web/navigation/clickup-web-navigation-collection-2eb08959-de33-42e3-8873-69508b9d89b3.webp	web/chat/clickup-web-chat-collection-2eb08959-de33-42e3-8873-69508b9d89b3.webp	Chat channel with a share-visibility dropdown
web/navigation/clickup-web-navigation-collection-30541bfc-8478-4372-a352-9a9cbf07aac8.webp	web/dashboards/clickup-web-dashboards-collection-30541bfc-8478-4372-a352-9a9cbf07aac8.webp	All Dashboards list with a columns picker
web/navigation/clickup-web-navigation-collection-359b4eb8-824b-4948-a739-6a26ac3b69ec.webp	web/collaboration/clickup-web-collaboration-collection-359b4eb8-824b-4948-a739-6a26ac3b69ec.webp	Team Overview with a share-visibility dropdown
web/navigation/clickup-web-navigation-collection-361c70d2-3a41-4211-8c53-09751a20a847.webp	web/dashboards/clickup-web-dashboards-collection-361c70d2-3a41-4211-8c53-09751a20a847.webp	All Dashboards list, sidebar navigation panel
web/navigation/clickup-web-navigation-collection-45a896e2-e2ad-4b01-bd1e-3412d325bea2.webp	web/tasks/clickup-web-tasks-collection-45a896e2-e2ad-4b01-bd1e-3412d325bea2.webp	Task detail side panel
web/navigation/clickup-web-navigation-collection-4d0df096-f928-4970-be90-b3b8f03a35e5.webp	web/views/clickup-web-views-collection-4d0df096-f928-4970-be90-b3b8f03a35e5.webp	My Tasks aggregated home view
web/navigation/clickup-web-navigation-collection-52072425-7d39-4dda-a368-5915150cfab7.webp	web/menus/clickup-web-menus-collection-52072425-7d39-4dda-a368-5915150cfab7.webp	List/bulk fields "Set or change" menu
web/navigation/clickup-web-navigation-collection-52095aa6-cfd0-4909-a0e2-006e17e6ee9e.webp	web/views/clickup-web-views-collection-52095aa6-cfd0-4909-a0e2-006e17e6ee9e.webp	Rendered List view, plain
web/navigation/clickup-web-navigation-collection-7587be5b-57f1-49c3-b571-58b7859abb59.webp	web/dashboards/clickup-web-dashboards-collection-7587be5b-57f1-49c3-b571-58b7859abb59.webp	All Dashboards list
web/navigation/clickup-web-navigation-collection-767af9d5-1cb6-4fe5-98d9-9b74f01fe53a.webp	web/views/clickup-web-views-collection-767af9d5-1cb6-4fe5-98d9-9b74f01fe53a.webp	Space Overview tab rendered with real content
web/navigation/clickup-web-navigation-collection-7ceffea0-7489-4926-b5c1-99e411343af0.webp	web/ai/clickup-web-ai-collection-7ceffea0-7489-4926-b5c1-99e411343af0.webp	AI Assignee suggestion panel
web/navigation/clickup-web-navigation-collection-84d812e5-4fe7-47ce-a9e0-35918ad42f40.webp	web/dashboards/clickup-web-dashboards-collection-84d812e5-4fe7-47ce-a9e0-35918ad42f40.webp	All Dashboards list with a sort picker
web/navigation/clickup-web-navigation-collection-8eb16e01-cf19-4b73-8e0f-498ac9aeac80.webp	web/docs/clickup-web-docs-collection-8eb16e01-cf19-4b73-8e0f-498ac9aeac80.webp	"Save as new doc Template" modal
web/navigation/clickup-web-navigation-collection-9350e656-424d-45a2-97f2-62e5801a391c.webp	web/dashboards/clickup-web-dashboards-collection-9350e656-424d-45a2-97f2-62e5801a391c.webp	All Dashboards list, sorted
web/navigation/clickup-web-navigation-collection-9d99609d-80a9-406b-a474-9705cf7bf1da.webp	web/tasks/clickup-web-tasks-collection-9d99609d-80a9-406b-a474-9705cf7bf1da.webp	List view with a Move-to picker
web/navigation/clickup-web-navigation-collection-9ee1ca5d-9910-4176-9bc4-0aea2b0f37e7.webp	web/tasks/clickup-web-tasks-collection-9ee1ca5d-9910-4176-9bc4-0aea2b0f37e7.webp	List view with a Move-to picker
web/navigation/clickup-web-navigation-collection-a011f77c-02ad-4df5-896c-c7851de9c17a.webp	web/forms/clickup-web-forms-collection-a011f77c-02ad-4df5-896c-c7851de9c17a.webp	Form "Where do you want submissions saved?" picker
web/navigation/clickup-web-navigation-collection-bb922357-d45f-48b4-8d47-0b77df7f5735.webp	web/database/clickup-web-database-collection-bb922357-d45f-48b4-8d47-0b77df7f5735.webp	Task tag picker (no tags created)
web/navigation/clickup-web-navigation-collection-c49470e5-9283-4b46-bee6-81ad7074832e.webp	web/chat/clickup-web-chat-collection-c49470e5-9283-4b46-bee6-81ad7074832e.webp	Add-a-bookmark modal in a Chat channel
web/navigation/clickup-web-navigation-collection-d50af4d8-6196-4e11-947e-f01c42d94d00.webp	web/views/clickup-web-views-collection-d50af4d8-6196-4e11-947e-f01c42d94d00.webp	Space Overview tab (Docs/Bookmarks/Folders/Lists)
web/navigation/clickup-web-navigation-collection-dad96764-4132-4ba1-a165-2a17eb1cef18.webp	web/views/clickup-web-views-collection-dad96764-4132-4ba1-a165-2a17eb1cef18.webp	Rendered List view with a status color picker
web/navigation/clickup-web-navigation-collection-de69c130-32be-41ff-8e14-e95e5acd94a4.webp	web/tasks/clickup-web-tasks-collection-de69c130-32be-41ff-8e14-e95e5acd94a4.webp	Rendered List view, plain
web/navigation/clickup-web-navigation-collection-de77b8ae-65ae-44eb-a6d6-8124f81bde91.webp	web/ai/clickup-web-ai-collection-de77b8ae-65ae-44eb-a6d6-8124f81bde91.webp	AI Assignee suggestion panel
web/navigation/clickup-web-navigation-collection-f7640282-07f7-4c6c-a901-7bc9df06ea18.webp	web/database/clickup-web-database-collection-f7640282-07f7-4c6c-a901-7bc9df06ea18.webp	List settings modal with a Create-field panel
web/navigation/clickup-web-navigation-command-palette-021ad17f-d555-4614-a6fd-e7eb834b91a5.webp	web/chat/clickup-web-chat-command-palette-021ad17f-d555-4614-a6fd-e7eb834b91a5.webp	New direct-message compose panel
web/navigation/clickup-web-navigation-command-palette-03de3331-f424-43b6-85ab-05fb5951549c.webp	web/ai/clickup-web-ai-command-palette-03de3331-f424-43b6-85ab-05fb5951549c.webp	ClickUp Brain chat panel
web/navigation/clickup-web-navigation-command-palette-054674b6-a899-4230-a6c3-ac4595ab89e7.webp	web/menus/clickup-web-menus-command-palette-054674b6-a899-4230-a6c3-ac4595ab89e7.webp	Search settings Commands configuration
web/navigation/clickup-web-navigation-command-palette-07168377-a072-4f39-bfd4-c88122ef312c.webp	web/forms/clickup-web-forms-command-palette-07168377-a072-4f39-bfd4-c88122ef312c.webp	Form builder question-type picker with a Create-field submenu
web/navigation/clickup-web-navigation-command-palette-0a9d8456-f4dc-4ccb-9335-1c0fa5cc7c4c.webp	web/menus/clickup-web-menus-command-palette-0a9d8456-f4dc-4ccb-9335-1c0fa5cc7c4c.webp	Global "+ Create" menu
web/navigation/clickup-web-navigation-command-palette-1ef8a48e-f617-4c7d-a71d-3c811ed191c9.webp	web/chat/clickup-web-chat-command-palette-1ef8a48e-f617-4c7d-a71d-3c811ed191c9.webp	New message compose (People or Channels)
web/navigation/clickup-web-navigation-command-palette-3a2c1ba3-57b4-4e04-8227-ff96c09d8153.webp	web/tasks/clickup-web-tasks-command-palette-3a2c1ba3-57b4-4e04-8227-ff96c09d8153.webp	List view with a task Relationships/Link-Tasks menu
web/navigation/clickup-web-navigation-command-palette-3fde8302-c073-4b10-8857-73613555af70.webp	web/menus/clickup-web-menus-command-palette-3fde8302-c073-4b10-8857-73613555af70.webp	List/bulk fields "Set or change" menu
web/navigation/clickup-web-navigation-command-palette-4652acbf-48cd-4d01-a776-85cb30e0dba6.webp	web/menus/clickup-web-menus-command-palette-4652acbf-48cd-4d01-a776-85cb30e0dba6.webp	List/bulk fields "Set or change" menu
web/navigation/clickup-web-navigation-command-palette-56eefc2b-41e7-4751-8e0c-3e1a98dbde5d.webp	web/tasks/clickup-web-tasks-command-palette-56eefc2b-41e7-4751-8e0c-3e1a98dbde5d.webp	List view with a task Relationships/Link-Tasks menu
web/navigation/clickup-web-navigation-command-palette-8b931845-d40f-4e53-9811-474cb6386be7.webp	web/collaboration/clickup-web-collaboration-command-palette-8b931845-d40f-4e53-9811-474cb6386be7.webp	Task Activity/history log panel
web/navigation/clickup-web-navigation-command-palette-8ec8b6d4-6371-4a9c-9542-4710e9fd01eb.webp	web/ai/clickup-web-ai-command-palette-8ec8b6d4-6371-4a9c-9542-4710e9fd01eb.webp	Doc "Write with AI" slash menu
web/navigation/clickup-web-navigation-command-palette-93e53f73-f080-43fc-9f8a-d03ecfe7e814.webp	web/settings/clickup-web-settings-command-palette-93e53f73-f080-43fc-9f8a-d03ecfe7e814.webp	Search settings Commands configuration
web/navigation/clickup-web-navigation-command-palette-976fedf7-a4b8-48b8-8188-107392be95d3.webp	web/docs/clickup-web-docs-command-palette-976fedf7-a4b8-48b8-8188-107392be95d3.webp	Blank Doc editor page
web/navigation/clickup-web-navigation-command-palette-977854e8-5675-495c-b292-cca5854617e0.webp	web/ai/clickup-web-ai-command-palette-977854e8-5675-495c-b292-cca5854617e0.webp	Brain chat-history rename/delete menu
web/navigation/clickup-web-navigation-command-palette-97ad1971-a89b-43cd-8502-b926219d3727.webp	web/ai/clickup-web-ai-command-palette-97ad1971-a89b-43cd-8502-b926219d3727.webp	Brain "All Sources" picker
web/navigation/clickup-web-navigation-command-palette-9e9a2b72-6991-4b54-962a-c5519c87b3f2.webp	web/ai/clickup-web-ai-command-palette-9e9a2b72-6991-4b54-962a-c5519c87b3f2.webp	ClickUp Brain chat home
web/navigation/clickup-web-navigation-command-palette-a1d39a24-0fab-4233-9408-d541a20d64bf.webp	web/menus/clickup-web-menus-command-palette-a1d39a24-0fab-4233-9408-d541a20d64bf.webp	Sidebar section dropdown menu over My Tasks
web/navigation/clickup-web-navigation-command-palette-a65199a0-3e9b-40f6-b983-2a4f1da94115.webp	web/settings/clickup-web-settings-command-palette-a65199a0-3e9b-40f6-b983-2a4f1da94115.webp	Search settings "Create Command" form, blank
web/navigation/clickup-web-navigation-command-palette-b864342b-9389-4142-b04a-4df9e8f676da.webp	web/ai/clickup-web-ai-command-palette-b864342b-9389-4142-b04a-4df9e8f676da.webp	Brain input box with an attached image
web/navigation/clickup-web-navigation-command-palette-bc329f7c-c7f3-469f-94fb-5da76941f5a3.webp	web/settings/clickup-web-settings-command-palette-bc329f7c-c7f3-469f-94fb-5da76941f5a3.webp	Search settings "Create Command" form, filled
web/navigation/clickup-web-navigation-command-palette-c698ca82-6d3c-45db-8f67-4a84886bf5eb.webp	web/ai/clickup-web-ai-command-palette-c698ca82-6d3c-45db-8f67-4a84886bf5eb.webp	Brain @-mention picker
web/navigation/clickup-web-navigation-command-palette-cf265dc7-3ad9-4bfc-b583-8d09a7476566.webp	web/ai/clickup-web-ai-command-palette-cf265dc7-3ad9-4bfc-b583-8d09a7476566.webp	Brain @-mention Tasks tab
web/navigation/clickup-web-navigation-command-palette-d22de105-aada-4492-ae92-deb2196cc2ee.webp	web/ai/clickup-web-ai-command-palette-d22de105-aada-4492-ae92-deb2196cc2ee.webp	ClickUp Brain chat home
web/navigation/clickup-web-navigation-command-palette-d6356f57-678a-4211-85df-4db6430c3a2b.webp	web/forms/clickup-web-forms-command-palette-d6356f57-678a-4211-85df-4db6430c3a2b.webp	Form "Where do you want submissions saved?" picker
web/navigation/clickup-web-navigation-command-palette-dd9efe3e-9958-4614-bbe3-c968dd3c2a2e.webp	web/menus/clickup-web-menus-command-palette-dd9efe3e-9958-4614-bbe3-c968dd3c2a2e.webp	"Merge into" tasks menu
web/navigation/clickup-web-navigation-command-palette-e670b3b0-4a98-4226-8e72-4e07c6958894.webp	web/docs/clickup-web-docs-command-palette-e670b3b0-4a98-4226-8e72-4e07c6958894.webp	Blank Doc editor page
web/navigation/clickup-web-navigation-command-palette-e6b9b052-f143-40d5-bdef-8aef3df56a0c.webp	web/ai/clickup-web-ai-command-palette-e6b9b052-f143-40d5-bdef-8aef3df56a0c.webp	Brain @-mention picker
web/navigation/clickup-web-navigation-command-palette-eee7da65-c3d6-49a3-8b32-0cf3d64e5730.webp	web/ai/clickup-web-ai-command-palette-eee7da65-c3d6-49a3-8b32-0cf3d64e5730.webp	ClickUp Brain answering questions about connected Gmail
web/navigation/clickup-web-navigation-command-palette-f21cd520-71a2-4d54-a8b7-0236c1fe9e4e.webp	web/ai/clickup-web-ai-command-palette-f21cd520-71a2-4d54-a8b7-0236c1fe9e4e.webp	Brain input menu (Attach file/Mention/Saved prompts)
web/navigation/clickup-web-navigation-command-palette-fb0c5a31-6622-40ae-92ca-3ea7b2af40a5.webp	web/ai/clickup-web-ai-command-palette-fb0c5a31-6622-40ae-92ca-3ea7b2af40a5.webp	Brain chat model picker
web/navigation/clickup-web-navigation-favorites-19eba131-ce1e-4fcc-81d7-fc1f7838bc59.webp	web/menus/clickup-web-menus-favorites-19eba131-ce1e-4fcc-81d7-fc1f7838bc59.webp	List context menu (Rename/Duplicate/Move/Archive/Delete)
web/navigation/clickup-web-navigation-favorites-30541bfc-8478-4372-a352-9a9cbf07aac8.webp	web/dashboards/clickup-web-dashboards-favorites-30541bfc-8478-4372-a352-9a9cbf07aac8.webp	All Dashboards list with a columns picker
web/navigation/clickup-web-navigation-favorites-4652acbf-48cd-4d01-a776-85cb30e0dba6.webp	web/menus/clickup-web-menus-favorites-4652acbf-48cd-4d01-a776-85cb30e0dba6.webp	List/bulk fields "Set or change" menu
web/navigation/clickup-web-navigation-favorites-4a1e7597-03a3-473c-8cd8-011e6b5de0e6.webp	web/views/clickup-web-views-favorites-4a1e7597-03a3-473c-8cd8-011e6b5de0e6.webp	Rendered List view grouped by status, dark mode
web/navigation/clickup-web-navigation-favorites-4cfdc344-df5f-4a2d-9b7b-32ace629a569.webp	web/whiteboard/clickup-web-whiteboard-favorites-4cfdc344-df5f-4a2d-9b7b-32ace629a569.webp	Whiteboard canvas with a task mention picker
web/navigation/clickup-web-navigation-favorites-4d39ae68-be3b-41ff-8721-6b772c385a89.webp	web/ai/clickup-web-ai-favorites-4d39ae68-be3b-41ff-8721-6b772c385a89.webp	List view with AI-generated assignee values
web/navigation/clickup-web-navigation-favorites-5a62a73f-e1b3-4a1c-9865-98d0ff6fcf4b.webp	web/settings/clickup-web-settings-favorites-5a62a73f-e1b3-4a1c-9865-98d0ff6fcf4b.webp	Settings Archived Spaces, empty
web/navigation/clickup-web-navigation-favorites-7109e6df-493e-417f-a745-9ee2c90ed145.webp	web/settings/clickup-web-settings-favorites-7109e6df-493e-417f-a745-9ee2c90ed145.webp	Settings Archived Spaces, with a Team Space listed
web/navigation/clickup-web-navigation-favorites-8b931845-d40f-4e53-9811-474cb6386be7.webp	web/collaboration/clickup-web-collaboration-favorites-8b931845-d40f-4e53-9811-474cb6386be7.webp	Task Activity/history log panel
web/navigation/clickup-web-navigation-favorites-8eb16e01-cf19-4b73-8e0f-498ac9aeac80.webp	web/docs/clickup-web-docs-favorites-8eb16e01-cf19-4b73-8e0f-498ac9aeac80.webp	"Save as new doc Template" modal
web/navigation/clickup-web-navigation-favorites-92ec59bc-1a30-4b2d-ab96-5ab6ef6cc292.webp	web/menus/clickup-web-menus-favorites-92ec59bc-1a30-4b2d-ab96-5ab6ef6cc292.webp	List/bulk fields "Copy to clipboard" menu
web/navigation/clickup-web-navigation-favorites-9350e656-424d-45a2-97f2-62e5801a391c.webp	web/dashboards/clickup-web-dashboards-favorites-9350e656-424d-45a2-97f2-62e5801a391c.webp	All Dashboards list, sorted
web/navigation/clickup-web-navigation-favorites-9d99609d-80a9-406b-a474-9705cf7bf1da.webp	web/tasks/clickup-web-tasks-favorites-9d99609d-80a9-406b-a474-9705cf7bf1da.webp	List view with a Move-to picker
web/navigation/clickup-web-navigation-favorites-9eeb568a-a106-4829-b4a5-d9678708d41e.webp	web/dialogs/clickup-web-dialogs-favorites-9eeb568a-a106-4829-b4a5-d9678708d41e.webp	Archive confirmation dialog
web/navigation/clickup-web-navigation-favorites-b828733e-55de-4187-a643-51f589998b6d.webp	web/docs/clickup-web-docs-favorites-b828733e-55de-4187-a643-51f589998b6d.webp	Docs list with a Tags panel
web/navigation/clickup-web-navigation-favorites-cbbf234a-9399-4b50-802b-5759f60efeae.webp	web/views/clickup-web-views-favorites-cbbf234a-9399-4b50-802b-5759f60efeae.webp	Rendered List view (Design Team, Open 11 tasks)
web/navigation/clickup-web-navigation-favorites-dd788b40-3426-4280-8a75-8a4cd15450c4.webp	web/forms/clickup-web-forms-favorites-dd788b40-3426-4280-8a75-8a4cd15450c4.webp	Form Preview with a multi-select field open
web/navigation/clickup-web-navigation-favorites-e782583a-ec24-40f0-89b5-eb42bffb8e9c.webp	web/chat/clickup-web-chat-favorites-e782583a-ec24-40f0-89b5-eb42bffb8e9c.webp	Chat channel with a Followers panel
web/navigation/clickup-web-navigation-favorites-fd66ecce-831b-46b9-9a0b-441759f8606c.webp	web/settings/clickup-web-settings-favorites-fd66ecce-831b-46b9-9a0b-441759f8606c.webp	Settings Spaces management page
web/navigation/clickup-web-navigation-favorites-fdca2aa1-77b1-4975-bc13-7cbe41227480.webp	web/tasks/clickup-web-tasks-favorites-fdca2aa1-77b1-4975-bc13-7cbe41227480.webp	Task detail side panel (Attachments)
web/navigation/clickup-web-navigation-home-0e77d5cb-d187-4f1d-9473-5d695873ff31.webp	web/dashboards/clickup-web-dashboards-home-0e77d5cb-d187-4f1d-9473-5d695873ff31.webp	Dashboard with a Productivity Points table
web/navigation/clickup-web-navigation-home-132dc714-53b4-4600-8815-7ffa36c1c1d2.webp	web/views/clickup-web-views-home-132dc714-53b4-4600-8815-7ffa36c1c1d2.webp	My Tasks aggregated home view
web/navigation/clickup-web-navigation-home-1ce8a341-0753-4b7c-bbb6-5aed549f3084.webp	web/views/clickup-web-views-home-1ce8a341-0753-4b7c-bbb6-5aed549f3084.webp	My Tasks aggregated home view
web/navigation/clickup-web-navigation-home-2497752f-71bd-4601-b4bf-2c3a5e56dee2.webp	web/views/clickup-web-views-home-2497752f-71bd-4601-b4bf-2c3a5e56dee2.webp	My Tasks aggregated home view
web/navigation/clickup-web-navigation-home-272988b4-f63b-40d3-918f-93b3413fcde6.webp	web/dashboards/clickup-web-dashboards-home-272988b4-f63b-40d3-918f-93b3413fcde6.webp	Dashboard template chooser
web/navigation/clickup-web-navigation-home-2802e4dc-5a33-4b61-b556-7008bffeeb2f.webp	web/dashboards/clickup-web-dashboards-home-2802e4dc-5a33-4b61-b556-7008bffeeb2f.webp	Dashboard "AI Project Update" card
web/navigation/clickup-web-navigation-home-2ac76974-067b-4818-816b-e6ddf0638f9d.webp	web/dashboards/clickup-web-dashboards-home-2ac76974-067b-4818-816b-e6ddf0638f9d.webp	Dashboard "Tasks Due This Week" card
web/navigation/clickup-web-navigation-home-321f31b4-9053-4f91-836f-582821407e26.webp	web/views/clickup-web-views-home-321f31b4-9053-4f91-836f-582821407e26.webp	Space Overview tab rendered with real content
web/navigation/clickup-web-navigation-home-342d30e9-8082-4c31-8c3c-5bdd56e5023a.webp	web/views/clickup-web-views-home-342d30e9-8082-4c31-8c3c-5bdd56e5023a.webp	My Tasks aggregated home view with Agenda widget
web/navigation/clickup-web-navigation-home-49dee12c-6422-4f1c-abdb-0e377041abab.webp	web/views/clickup-web-views-home-49dee12c-6422-4f1c-abdb-0e377041abab.webp	My Tasks aggregated home view
web/navigation/clickup-web-navigation-home-4d0df096-f928-4970-be90-b3b8f03a35e5.webp	web/views/clickup-web-views-home-4d0df096-f928-4970-be90-b3b8f03a35e5.webp	My Tasks aggregated home view
web/navigation/clickup-web-navigation-home-5823c4a4-8dc2-486c-adc4-a4dd0a383d24.webp	web/views/clickup-web-views-home-5823c4a4-8dc2-486c-adc4-a4dd0a383d24.webp	My Tasks home-screen card picker
web/navigation/clickup-web-navigation-home-6058497a-d55c-40ae-a31b-ae4143bffef9.webp	web/dashboards/clickup-web-dashboards-home-6058497a-d55c-40ae-a31b-ae4143bffef9.webp	Dashboard card drill-down (Workload by Status data view)
web/navigation/clickup-web-navigation-home-7587be5b-57f1-49c3-b571-58b7859abb59.webp	web/dashboards/clickup-web-dashboards-home-7587be5b-57f1-49c3-b571-58b7859abb59.webp	All Dashboards list
web/navigation/clickup-web-navigation-home-76af4864-46dc-4fec-897a-c4d5e9994295.webp	web/views/clickup-web-views-home-76af4864-46dc-4fec-897a-c4d5e9994295.webp	My Tasks aggregated home view
web/navigation/clickup-web-navigation-home-7ec1420c-57d6-4790-ad03-f23e95ce811e.webp	web/tasks/clickup-web-tasks-home-7ec1420c-57d6-4790-ad03-f23e95ce811e.webp	Task detail side panel
web/navigation/clickup-web-navigation-home-81eba05f-ec09-46ca-9e8a-976fff37b768.webp	web/views/clickup-web-views-home-81eba05f-ec09-46ca-9e8a-976fff37b768.webp	My Tasks aggregated home view
web/navigation/clickup-web-navigation-home-991b9969-ecda-4bb5-aa0f-52caf8f811a6.webp	web/reports/clickup-web-reports-home-991b9969-ecda-4bb5-aa0f-52caf8f811a6.webp	Team Analytics bar chart
web/navigation/clickup-web-navigation-home-9b73ff03-9158-441d-9dd2-abfc0589f59f.webp	web/views/clickup-web-views-home-9b73ff03-9158-441d-9dd2-abfc0589f59f.webp	My Tasks aggregated home view
web/navigation/clickup-web-navigation-home-a1d39a24-0fab-4233-9408-d541a20d64bf.webp	web/menus/clickup-web-menus-home-a1d39a24-0fab-4233-9408-d541a20d64bf.webp	Sidebar section dropdown menu over My Tasks
web/navigation/clickup-web-navigation-home-a9e061e2-07f3-4a80-a367-d4502cb0ea51.webp	web/dashboards/clickup-web-dashboards-home-a9e061e2-07f3-4a80-a367-d4502cb0ea51.webp	Dashboard with Schedule-report dropdown
web/navigation/clickup-web-navigation-home-bb885231-830b-47f8-bc9f-6920ca4dc8e4.webp	web/views/clickup-web-views-home-bb885231-830b-47f8-bc9f-6920ca4dc8e4.webp	My Tasks aggregated home view
web/navigation/clickup-web-navigation-home-bef6d943-1480-47ae-ae8c-07522286788a.webp	web/collaboration/clickup-web-collaboration-home-bef6d943-1480-47ae-ae8c-07522286788a.webp	Team Overview tab (members, feed)
web/navigation/clickup-web-navigation-home-d50af4d8-6196-4e11-947e-f01c42d94d00.webp	web/views/clickup-web-views-home-d50af4d8-6196-4e11-947e-f01c42d94d00.webp	Space Overview tab (Docs/Bookmarks/Folders/Lists)
web/navigation/clickup-web-navigation-home-e37f9235-7899-474c-a6de-02f68f982ecf.webp	web/dashboards/clickup-web-dashboards-home-e37f9235-7899-474c-a6de-02f68f982ecf.webp	Dashboard widgets loading
web/navigation/clickup-web-navigation-home-e92c7fd3-b76a-4be7-a17f-ed3a6e29646b.webp	web/views/clickup-web-views-home-e92c7fd3-b76a-4be7-a17f-ed3a6e29646b.webp	Space Overview tab, dark mode
web/navigation/clickup-web-navigation-home-f602ab77-1370-4a6d-9d41-0ac7a7cf75f2.webp	web/views/clickup-web-views-home-f602ab77-1370-4a6d-9d41-0ac7a7cf75f2.webp	My Tasks aggregated home view
web/navigation/clickup-web-navigation-home-fa032fe3-9c60-4aec-b355-dede495fcc34.webp	web/collaboration/clickup-web-collaboration-home-fa032fe3-9c60-4aec-b355-dede495fcc34.webp	Team Overview tab (members, feed)
web/navigation/clickup-web-navigation-search-068aa2e8-7270-48c9-a531-a9a788547f06.webp	web/time-tracking/clickup-web-time-tracking-search-068aa2e8-7270-48c9-a531-a9a788547f06.webp	"Manage Timesheet Approvers and Submitters" modal
web/navigation/clickup-web-navigation-search-9ee1ca5d-9910-4176-9bc4-0aea2b0f37e7.webp	web/tasks/clickup-web-tasks-search-9ee1ca5d-9910-4176-9bc4-0aea2b0f37e7.webp	List view with a Move-to picker
web/navigation/clickup-web-navigation-search-d0a48481-1e01-4cac-bd0c-fb5b7f0bdf2a.webp	web/settings/clickup-web-settings-search-d0a48481-1e01-4cac-bd0c-fb5b7f0bdf2a.webp	Settings Trash page
web/navigation/clickup-web-navigation-search-d6356f57-678a-4211-85df-4db6430c3a2b.webp	web/forms/clickup-web-forms-search-d6356f57-678a-4211-85df-4db6430c3a2b.webp	Form "Where do you want submissions saved?" picker
web/navigation/clickup-web-navigation-search-da62204a-3851-402e-b6e8-a27a153dbe4f.webp	web/settings/clickup-web-settings-search-da62204a-3851-402e-b6e8-a27a153dbe4f.webp	Settings Trash page
web/navigation/clickup-web-navigation-sidebar-021ad17f-d555-4614-a6fd-e7eb834b91a5.webp	web/chat/clickup-web-chat-sidebar-021ad17f-d555-4614-a6fd-e7eb834b91a5.webp	New direct-message compose panel
web/navigation/clickup-web-navigation-sidebar-0b3a8bac-a1fd-43fe-a542-81621a337245.webp	web/chat/clickup-web-chat-sidebar-0b3a8bac-a1fd-43fe-a542-81621a337245.webp	Chat channel Replies thread
web/navigation/clickup-web-navigation-sidebar-0dd5afa1-323c-443d-9156-381875f8374d.webp	web/views/clickup-web-views-sidebar-0dd5afa1-323c-443d-9156-381875f8374d.webp	Rendered List view grouped by status
web/navigation/clickup-web-navigation-sidebar-1ef8a48e-f617-4c7d-a71d-3c811ed191c9.webp	web/chat/clickup-web-chat-sidebar-1ef8a48e-f617-4c7d-a71d-3c811ed191c9.webp	New message compose (People or Channels)
web/navigation/clickup-web-navigation-sidebar-2459fd07-d7be-44d7-a2c8-8a35223bc4de.webp	web/tasks/clickup-web-tasks-sidebar-2459fd07-d7be-44d7-a2c8-8a35223bc4de.webp	Task detail side panel (Attachments)
web/navigation/clickup-web-navigation-sidebar-2688b7ca-3f6c-4177-a229-d52d1c12c389.webp	web/tasks/clickup-web-tasks-sidebar-2688b7ca-3f6c-4177-a229-d52d1c12c389.webp	Task detail side panel (Attachments)
web/navigation/clickup-web-navigation-sidebar-2b31b650-507e-4a92-9c4f-d72428104a7f.webp	web/menus/clickup-web-menus-sidebar-2b31b650-507e-4a92-9c4f-d72428104a7f.webp	Space right-click context menu
web/navigation/clickup-web-navigation-sidebar-361c70d2-3a41-4211-8c53-09751a20a847.webp	web/dashboards/clickup-web-dashboards-sidebar-361c70d2-3a41-4211-8c53-09751a20a847.webp	All Dashboards list, sidebar navigation panel
web/navigation/clickup-web-navigation-sidebar-3da0d960-d8ff-4a14-b23c-a6d9049c9842.webp	web/views/clickup-web-views-sidebar-3da0d960-d8ff-4a14-b23c-a6d9049c9842.webp	Rendered List view (Group: None)
web/navigation/clickup-web-navigation-sidebar-3f70fd1b-8346-4eee-94d9-32710d5a109b.webp	web/tasks/clickup-web-tasks-sidebar-3f70fd1b-8346-4eee-94d9-32710d5a109b.webp	List view with a task description popup
web/navigation/clickup-web-navigation-sidebar-3fde8302-c073-4b10-8857-73613555af70.webp	web/menus/clickup-web-menus-sidebar-3fde8302-c073-4b10-8857-73613555af70.webp	List/bulk fields "Set or change" menu
web/navigation/clickup-web-navigation-sidebar-8f5b9453-de4b-45f9-8edb-bccafeea2dc0.webp	web/tasks/clickup-web-tasks-sidebar-8f5b9453-de4b-45f9-8edb-bccafeea2dc0.webp	List view with a task description popup
web/navigation/clickup-web-navigation-sidebar-90232d7b-e759-4fb4-a541-c59cdde51556.webp	web/views/clickup-web-views-sidebar-90232d7b-e759-4fb4-a541-c59cdde51556.webp	Board view customization panel
web/navigation/clickup-web-navigation-sidebar-aa93fcf4-7100-4b9f-817a-940e443f45d8.webp	web/docs/clickup-web-docs-sidebar-aa93fcf4-7100-4b9f-817a-940e443f45d8.webp	Doc "Project Overview" content page
web/navigation/clickup-web-navigation-sidebar-ad4f1f36-d066-4709-9c73-8672f5c91fba.webp	web/docs/clickup-web-docs-sidebar-ad4f1f36-d066-4709-9c73-8672f5c91fba.webp	Doc content page with a cover image
web/navigation/clickup-web-navigation-sidebar-ca307740-b31b-45b3-aa3b-19881a968a5b.webp	web/tasks/clickup-web-tasks-sidebar-ca307740-b31b-45b3-aa3b-19881a968a5b.webp	List view, "View saved" toast
web/navigation/clickup-web-navigation-sidebar-cd02ce19-11be-459a-9194-27bc4af4ed0a.webp	web/forms/clickup-web-forms-sidebar-cd02ce19-11be-459a-9194-27bc4af4ed0a.webp	Form builder (Build tab)
web/navigation/clickup-web-navigation-sidebar-dad96764-4132-4ba1-a165-2a17eb1cef18.webp	web/views/clickup-web-views-sidebar-dad96764-4132-4ba1-a165-2a17eb1cef18.webp	Rendered List view with a status color picker
web/navigation/clickup-web-navigation-sidebar-f0afa344-7e90-465e-9ab1-52d441b84129.webp	web/forms/clickup-web-forms-sidebar-f0afa344-7e90-465e-9ab1-52d441b84129.webp	Form Preview, "Exporting responses" toast
web/navigation/clickup-web-navigation-sidebar-f52fd5ea-dd82-41f1-830e-8f48dc6a4f53.webp	web/tasks/clickup-web-tasks-sidebar-f52fd5ea-dd82-41f1-830e-8f48dc6a4f53.webp	List view, "Merged" toast
web/navigation/clickup-web-navigation-sidebar-fcd7d80b-ab9c-4d07-8429-1bd6d77fbc83.webp	web/views/clickup-web-views-sidebar-fcd7d80b-ab9c-4d07-8429-1bd6d77fbc83.webp	Rendered List view (Open group)
web/navigation/clickup-web-navigation-top-nav-01285adf-8eb6-4a43-b4f4-b46656a3a662.webp	web/docs/clickup-web-docs-top-nav-01285adf-8eb6-4a43-b4f4-b46656a3a662.webp	Doc content page
web/navigation/clickup-web-navigation-top-nav-193ce2ec-5ea0-49ee-b687-4dace3bb3560.webp	web/whiteboard/clickup-web-whiteboard-top-nav-193ce2ec-5ea0-49ee-b687-4dace3bb3560.webp	Whiteboard canvas with a task card and connectors
web/navigation/clickup-web-navigation-top-nav-2eb08959-de33-42e3-8873-69508b9d89b3.webp	web/chat/clickup-web-chat-top-nav-2eb08959-de33-42e3-8873-69508b9d89b3.webp	Chat channel with a share-visibility dropdown
web/navigation/clickup-web-navigation-top-nav-385e2245-6ac7-4d64-b9a5-c58e6b92eeb6.webp	web/chat/clickup-web-chat-top-nav-385e2245-6ac7-4d64-b9a5-c58e6b92eeb6.webp	Chat channel message input
web/navigation/clickup-web-navigation-top-nav-4509851c-54da-4474-99cc-c549b753f977.webp	web/tasks/clickup-web-tasks-top-nav-4509851c-54da-4474-99cc-c549b753f977.webp	Task detail with an Activity-type picker
web/navigation/clickup-web-navigation-top-nav-473c3701-c880-4169-87bb-86954531b441.webp	web/collaboration/clickup-web-collaboration-top-nav-473c3701-c880-4169-87bb-86954531b441.webp	Team activity feed log
web/navigation/clickup-web-navigation-top-nav-48776cc6-9631-49ca-a614-2e58ce73cc52.webp	web/tasks/clickup-web-tasks-top-nav-48776cc6-9631-49ca-a614-2e58ce73cc52.webp	List view with an inline Assign tooltip
web/navigation/clickup-web-navigation-top-nav-5689ff0d-43db-4e4c-a2e9-0842c558caa6.webp	web/whiteboard/clickup-web-whiteboard-top-nav-5689ff0d-43db-4e4c-a2e9-0842c558caa6.webp	Whiteboard canvas
web/navigation/clickup-web-navigation-top-nav-672206a5-e54e-4b98-b841-f8b0f69f9133.webp	web/docs/clickup-web-docs-top-nav-672206a5-e54e-4b98-b841-f8b0f69f9133.webp	Doc content page, full width
web/navigation/clickup-web-navigation-top-nav-82d4cf2a-d318-449f-8b03-f12b83623092.webp	web/whiteboard/clickup-web-whiteboard-top-nav-82d4cf2a-d318-449f-8b03-f12b83623092.webp	Whiteboard canvas with a sticky note
web/navigation/clickup-web-navigation-top-nav-a9755df2-ef1a-42ee-b6c4-ce76194e6c81.webp	web/docs/clickup-web-docs-top-nav-a9755df2-ef1a-42ee-b6c4-ce76194e6c81.webp	Doc content page, Page Styles panel
web/navigation/clickup-web-navigation-top-nav-b096a075-68b5-450d-9f25-830857445eaf.webp	web/forms/clickup-web-forms-top-nav-b096a075-68b5-450d-9f25-830857445eaf.webp	Form builder question-type picker
web/navigation/clickup-web-navigation-top-nav-b793ee70-a0d7-40e6-8358-9b68dfe3bc82.webp	web/collaboration/clickup-web-collaboration-top-nav-b793ee70-a0d7-40e6-8358-9b68dfe3bc82.webp	Assigned Comments list
web/navigation/clickup-web-navigation-top-nav-c14a1b9c-e973-4a65-a9a0-20f86eb959ee.webp	web/chat/clickup-web-chat-top-nav-c14a1b9c-e973-4a65-a9a0-20f86eb959ee.webp	Chat channel view
web/navigation/clickup-web-navigation-top-nav-c568fda0-5486-4c3a-af65-95ce55646174.webp	web/tasks/clickup-web-tasks-top-nav-c568fda0-5486-4c3a-af65-95ce55646174.webp	List view, "3 tasks moved to trash" toast
web/navigation/clickup-web-navigation-top-nav-c7eab8af-0ba9-41e8-b9ff-edb42f76f730.webp	web/forms/clickup-web-forms-top-nav-c7eab8af-0ba9-41e8-b9ff-edb42f76f730.webp	Form builder (Preview tab)
web/navigation/clickup-web-navigation-top-nav-caff93fc-a78d-413a-bd6b-01c82845b482.webp	web/menus/clickup-web-menus-top-nav-caff93fc-a78d-413a-bd6b-01c82845b482.webp	Space right-click context menu
web/navigation/clickup-web-navigation-top-nav-d8e7a9e2-b4ae-4a4f-922a-e11af9b9742f.webp	web/forms/clickup-web-forms-top-nav-d8e7a9e2-b4ae-4a4f-922a-e11af9b9742f.webp	Form builder (Build tab, Create-field panel)
web/navigation/clickup-web-navigation-top-nav-dd9efe3e-9958-4614-bbe3-c968dd3c2a2e.webp	web/menus/clickup-web-menus-top-nav-dd9efe3e-9958-4614-bbe3-c968dd3c2a2e.webp	"Merge into" tasks menu
web/navigation/clickup-web-navigation-top-nav-ee489600-1ec1-491c-9a41-19920ac97ff8.webp	web/tasks/clickup-web-tasks-top-nav-ee489600-1ec1-491c-9a41-19920ac97ff8.webp	Task detail panel
web/navigation/clickup-web-navigation-top-nav-fa913a4c-f849-4fb1-9d3d-687a8b609789.webp	web/reports/clickup-web-reports-top-nav-fa913a4c-f849-4fb1-9d3d-687a8b609789.webp	Goal Target-type step
web/onboarding/clickup-web-onboarding-invite-021ad17f-d555-4614-a6fd-e7eb834b91a5.webp	web/chat/clickup-web-chat-invite-021ad17f-d555-4614-a6fd-e7eb834b91a5.webp	New direct-message compose panel
web/onboarding/clickup-web-onboarding-invite-0266a2e5-b3bd-4661-b10c-085e00807e6e.webp	web/chat/clickup-web-chat-invite-0266a2e5-b3bd-4661-b10c-085e00807e6e.webp	Chat channel empty conversation starter
web/onboarding/clickup-web-onboarding-invite-068aa2e8-7270-48c9-a531-a9a788547f06.webp	web/time-tracking/clickup-web-time-tracking-invite-068aa2e8-7270-48c9-a531-a9a788547f06.webp	"Manage Timesheet Approvers" modal
web/onboarding/clickup-web-onboarding-invite-15d5583e-dfe6-433d-b22e-ba6c5f1c59fa.webp	web/collaboration/clickup-web-collaboration-invite-15d5583e-dfe6-433d-b22e-ba6c5f1c59fa.webp	"Invite people" modal from Home
web/onboarding/clickup-web-onboarding-invite-18c9f97b-571f-4e87-820a-235acea943d8.webp	web/time-tracking/clickup-web-time-tracking-invite-18c9f97b-571f-4e87-820a-235acea943d8.webp	"Manage Timesheet Approvers" modal
web/onboarding/clickup-web-onboarding-invite-2eb08959-de33-42e3-8873-69508b9d89b3.webp	web/chat/clickup-web-chat-invite-2eb08959-de33-42e3-8873-69508b9d89b3.webp	Chat channel with a share-visibility dropdown
web/onboarding/clickup-web-onboarding-invite-32a1dcca-206d-4468-9a99-d01c91866db2.webp	web/collaboration/clickup-web-collaboration-invite-32a1dcca-206d-4468-9a99-d01c91866db2.webp	"Invite people" modal
web/onboarding/clickup-web-onboarding-invite-33fb3324-8c44-4f07-80b1-bd7f77e944b2.webp	web/time-tracking/clickup-web-time-tracking-invite-33fb3324-8c44-4f07-80b1-bd7f77e944b2.webp	"Manage Timesheet Approvers" modal (roles)
web/onboarding/clickup-web-onboarding-invite-3b0a7b00-4a81-407e-b3f9-c7d62ea2333f.webp	web/collaboration/clickup-web-collaboration-invite-3b0a7b00-4a81-407e-b3f9-c7d62ea2333f.webp	"Create Team" modal
web/onboarding/clickup-web-onboarding-invite-420c26e7-161d-4d4c-a4aa-108ef7520503.webp	web/collaboration/clickup-web-collaboration-invite-420c26e7-161d-4d4c-a4aa-108ef7520503.webp	"Invite people" modal
web/onboarding/clickup-web-onboarding-invite-422c8f8c-51a4-4bc6-9b4c-86a4ea0a7c65.webp	web/chat/clickup-web-chat-invite-422c8f8c-51a4-4bc6-9b4c-86a4ea0a7c65.webp	Chat channel view
web/onboarding/clickup-web-onboarding-invite-473c3701-c880-4169-87bb-86954531b441.webp	web/collaboration/clickup-web-collaboration-invite-473c3701-c880-4169-87bb-86954531b441.webp	Team activity feed log
web/onboarding/clickup-web-onboarding-invite-555a5ea9-8661-4b93-afb8-bc5bf7d08ae1.webp	web/time-tracking/clickup-web-time-tracking-invite-555a5ea9-8661-4b93-afb8-bc5bf7d08ae1.webp	"Manage Timesheet Approvers" modal
web/onboarding/clickup-web-onboarding-invite-58394d8a-db89-4a3d-bd39-7d413ea1b057.webp	web/collaboration/clickup-web-collaboration-invite-58394d8a-db89-4a3d-bd39-7d413ea1b057.webp	"Invite people" modal, role dropdown expanded
web/onboarding/clickup-web-onboarding-invite-6218cd77-5d64-4d19-bcf0-4995181c976d.webp	web/reports/clickup-web-reports-invite-6218cd77-5d64-4d19-bcf0-4995181c976d.webp	Goal owner step
web/onboarding/clickup-web-onboarding-invite-6c8a0e64-3892-434e-98d5-ca494db2e334.webp	web/chat/clickup-web-chat-invite-6c8a0e64-3892-434e-98d5-ca494db2e334.webp	"Create Channel" modal
web/onboarding/clickup-web-onboarding-invite-6df6733e-006d-4d85-a620-10c391d3348b.webp	web/collaboration/clickup-web-collaboration-invite-6df6733e-006d-4d85-a620-10c391d3348b.webp	"Invite people" modal
web/onboarding/clickup-web-onboarding-invite-86ec1971-aee2-431d-a9e7-eea2a9efb79d.webp	web/collaboration/clickup-web-collaboration-invite-86ec1971-aee2-431d-a9e7-eea2a9efb79d.webp	"Add members to Team" modal
web/onboarding/clickup-web-onboarding-invite-958725ee-1f95-4ba7-9150-a6bf17b3a7b7.webp	web/views/clickup-web-views-invite-958725ee-1f95-4ba7-9150-a6bf17b3a7b7.webp	Planner Calendar event invite mention picker
web/onboarding/clickup-web-onboarding-invite-acf62c3a-89ae-4cee-a4cf-121ecbb5bea4.webp	web/tasks/clickup-web-tasks-invite-acf62c3a-89ae-4cee-a4cf-121ecbb5bea4.webp	Task creation modal with assignee picker
web/onboarding/clickup-web-onboarding-invite-b1a52c15-1e00-4e37-9438-956a076025e6.webp	web/chat/clickup-web-chat-invite-b1a52c15-1e00-4e37-9438-956a076025e6.webp	"Add people to channel" modal
web/onboarding/clickup-web-onboarding-invite-b5eaedad-4f13-43cd-b3e7-d355f8b5172f.webp	web/collaboration/clickup-web-collaboration-invite-b5eaedad-4f13-43cd-b3e7-d355f8b5172f.webp	"Add members to Team" modal
web/onboarding/clickup-web-onboarding-invite-d4c1b331-4f8d-4bd7-af0e-76fb1a0b8fb6.webp	web/reports/clickup-web-reports-invite-d4c1b331-4f8d-4bd7-af0e-76fb1a0b8fb6.webp	Goal owner step
web/onboarding/clickup-web-onboarding-invite-d652c7a8-4fca-405b-9384-6c29693244e3.webp	web/time-tracking/clickup-web-time-tracking-invite-d652c7a8-4fca-405b-9384-6c29693244e3.webp	"Manage Timesheet Approvers" modal
web/onboarding/clickup-web-onboarding-invite-e782583a-ec24-40f0-89b5-eb42bffb8e9c.webp	web/chat/clickup-web-chat-invite-e782583a-ec24-40f0-89b5-eb42bffb8e9c.webp	Chat channel with a Followers panel
web/onboarding/clickup-web-onboarding-invite-ef9476da-5958-48c5-89ee-190c14ed4ef1.webp	web/collaboration/clickup-web-collaboration-invite-ef9476da-5958-48c5-89ee-190c14ed4ef1.webp	Team Overview tab (members, feed)
web/onboarding/clickup-web-onboarding-invite-f97d74be-f883-4672-8f84-b89a581ee635.webp	web/chat/clickup-web-chat-invite-f97d74be-f883-4672-8f84-b89a581ee635.webp	"Add people to channel" modal
web/onboarding/clickup-web-onboarding-invite-f991a6aa-4b1e-4cfe-a45c-287cb41eae75.webp	web/settings/clickup-web-settings-invite-f991a6aa-4b1e-4cfe-a45c-287cb41eae75.webp	Manage-people list
web/onboarding/clickup-web-onboarding-invite-fa032fe3-9c60-4aec-b355-dede495fcc34.webp	web/collaboration/clickup-web-collaboration-invite-fa032fe3-9c60-4aec-b355-dede495fcc34.webp	Team Overview tab (members, feed)
web/onboarding/clickup-web-onboarding-invite-link-154d40ff-079b-4661-9aa5-7f3d30147529.webp	web/settings/clickup-web-settings-invite-link-154d40ff-079b-4661-9aa5-7f3d30147529.webp	Settings Referrals page
web/onboarding/clickup-web-onboarding-invite-link-1ba55016-7472-4d55-a500-38abb574bbb4.webp	web/collaboration/clickup-web-collaboration-invite-link-1ba55016-7472-4d55-a500-38abb574bbb4.webp	Settings People/Manage-people tab
web/onboarding/clickup-web-onboarding-invite-link-32cba22a-a654-4763-9aa7-d67d71a9e451.webp	web/tasks/clickup-web-tasks-invite-link-32cba22a-a654-4763-9aa7-d67d71a9e451.webp	"Tasks Linking" modal (Many to Many/Many to One)
web/onboarding/clickup-web-onboarding-invite-link-3b89830a-97db-4960-9cb0-9e9574699e0c.webp	web/forms/clickup-web-forms-invite-link-3b89830a-97db-4960-9cb0-9e9574699e0c.webp	Form Build tab, sharing settings dropdown
web/onboarding/clickup-web-onboarding-invite-link-a72f2eef-2a5c-4e01-b664-3561e757520d.webp	web/settings/clickup-web-settings-invite-link-a72f2eef-2a5c-4e01-b664-3561e757520d.webp	Settings Referrals page
web/onboarding/clickup-web-onboarding-invite-link-b5eaedad-4f13-43cd-b3e7-d355f8b5172f.webp	web/collaboration/clickup-web-collaboration-invite-link-b5eaedad-4f13-43cd-b3e7-d355f8b5172f.webp	"Add members to Team" modal
web/onboarding/clickup-web-onboarding-invite-link-e01d25e9-fffe-4cc2-ad42-7e3523753c99.webp	web/docs/clickup-web-docs-invite-link-e01d25e9-fffe-4cc2-ad42-7e3523753c99.webp	Doc "Team Onboarding Guide" content
web/onboarding/clickup-web-onboarding-invite-link-fde00280-f6be-4165-a23f-4fba2b51d5d3.webp	web/collaboration/clickup-web-collaboration-invite-link-fde00280-f6be-4165-a23f-4fba2b51d5d3.webp	"Invite people to Workspace" step
web/onboarding/clickup-web-onboarding-login-2d49082e-d180-4c19-ade3-33f2928bbe62.webp	web/settings/clickup-web-settings-login-2d49082e-d180-4c19-ade3-33f2928bbe62.webp	API Token password-confirm modal
web/onboarding/clickup-web-onboarding-login-3834074f-a5b8-4ac3-9725-35940cc0edd2.webp	web/settings/clickup-web-settings-login-3834074f-a5b8-4ac3-9725-35940cc0edd2.webp	API Token password-confirm modal
web/onboarding/clickup-web-onboarding-login-5f871636-3fcf-407f-8183-a8427cfff618.webp	web/settings/clickup-web-settings-login-5f871636-3fcf-407f-8183-a8427cfff618.webp	Security settings 2FA phone-verify modal
web/onboarding/clickup-web-onboarding-login-6cc7ec0d-c304-4c15-b087-1e9dcc2511e4.webp	web/settings/clickup-web-settings-login-6cc7ec0d-c304-4c15-b087-1e9dcc2511e4.webp	Security 2FA "increased security" prompt
web/onboarding/clickup-web-onboarding-login-7155f7b7-cb5f-489c-93da-d214e2d649fa.webp	web/settings/clickup-web-settings-login-7155f7b7-cb5f-489c-93da-d214e2d649fa.webp	Manage-people 2FA phone-verify prompt
web/onboarding/clickup-web-onboarding-login-9057d920-a2d8-44cf-af61-44a7d663f881.webp	web/settings/clickup-web-settings-login-9057d920-a2d8-44cf-af61-44a7d663f881.webp	Security & Permissions settings page
web/onboarding/clickup-web-onboarding-login-907b4502-a9fb-4679-9705-db983a56432f.webp	web/settings/clickup-web-settings-login-907b4502-a9fb-4679-9705-db983a56432f.webp	2FA phone-code modal
web/onboarding/clickup-web-onboarding-onboarding-2282cb40-a12f-4636-9704-5f3533e0de72.webp	web/ai/clickup-web-ai-onboarding-2282cb40-a12f-4636-9704-5f3533e0de72.webp	Gmail integration setup "You're done!"
web/onboarding/clickup-web-onboarding-onboarding-262cc2b1-3c69-409e-a5ed-0ff61b268e0c.webp	web/database/clickup-web-database-onboarding-262cc2b1-3c69-409e-a5ed-0ff61b268e0c.webp	Default View Templates configuration
web/onboarding/clickup-web-onboarding-onboarding-2add0a8e-74cd-4639-a968-28e05193a1f6.webp	web/settings/clickup-web-settings-onboarding-2add0a8e-74cd-4639-a968-28e05193a1f6.webp	Import wizard Step 3 (Delimiter selection)
web/onboarding/clickup-web-onboarding-onboarding-33217516-b014-4be6-bbe4-5ebcd4ff13f9.webp	web/settings/clickup-web-settings-onboarding-33217516-b014-4be6-bbe4-5ebcd4ff13f9.webp	Import wizard field-mapping review
web/onboarding/clickup-web-onboarding-onboarding-3eca3766-2c4b-4543-933e-46fb61c4eedf.webp	web/settings/clickup-web-settings-onboarding-3eca3766-2c4b-4543-933e-46fb61c4eedf.webp	Import wizard Step 2 (Import Destination)
web/onboarding/clickup-web-onboarding-onboarding-429df327-43b0-4fec-8f4d-2dc06b2b5e7a.webp	web/settings/clickup-web-settings-onboarding-429df327-43b0-4fec-8f4d-2dc06b2b5e7a.webp	Import wizard Step 4 (User Mapping)
web/onboarding/clickup-web-onboarding-onboarding-44466483-7016-4bc0-82df-7795b35c7515.webp	web/settings/clickup-web-settings-onboarding-44466483-7016-4bc0-82df-7795b35c7515.webp	App Center Gmail integration setup
web/onboarding/clickup-web-onboarding-onboarding-477b1534-83f1-45b8-89f4-52c5eb8aa10e.webp	web/database/clickup-web-database-onboarding-477b1534-83f1-45b8-89f4-52c5eb8aa10e.webp	Default View Templates, empty
web/onboarding/clickup-web-onboarding-onboarding-545104d5-ed18-4aac-8e44-902f43b5b14e.webp	web/dashboards/clickup-web-dashboards-onboarding-545104d5-ed18-4aac-8e44-902f43b5b14e.webp	Dashboard "Workload by Status" card
web/onboarding/clickup-web-onboarding-onboarding-7003f12b-2409-4aa6-bc88-81b3db85cc43.webp	web/database/clickup-web-database-onboarding-7003f12b-2409-4aa6-bc88-81b3db85cc43.webp	Default View Templates configuration
web/onboarding/clickup-web-onboarding-onboarding-7da5a21c-b138-4024-8036-514c67eb5756.webp	web/settings/clickup-web-settings-onboarding-7da5a21c-b138-4024-8036-514c67eb5756.webp	"Define your workflow" Space-creation template picker
web/onboarding/clickup-web-onboarding-onboarding-9ee1ca5d-9910-4176-9bc4-0aea2b0f37e7.webp	web/tasks/clickup-web-tasks-onboarding-9ee1ca5d-9910-4176-9bc4-0aea2b0f37e7.webp	List view with a Move-to picker
web/onboarding/clickup-web-onboarding-onboarding-checklist-13a01ef9-841f-42cd-bbfe-7f12eb514623.webp	web/tasks/clickup-web-tasks-onboarding-checklist-13a01ef9-841f-42cd-bbfe-7f12eb514623.webp	Task detail (blank cover upload)
web/onboarding/clickup-web-onboarding-onboarding-checklist-4a06754a-2a70-47b2-9792-081218245ec7.webp	web/tasks/clickup-web-tasks-onboarding-checklist-4a06754a-2a70-47b2-9792-081218245ec7.webp	Task detail (Comments)
web/onboarding/clickup-web-onboarding-onboarding-checklist-c5c0a654-891b-48db-8648-2850d6103741.webp	web/tasks/clickup-web-tasks-onboarding-checklist-c5c0a654-891b-48db-8648-2850d6103741.webp	Task detail panel
web/onboarding/clickup-web-onboarding-onboarding-checklist-ee60ac43-6456-4368-816b-9d6463ef4cd7.webp	web/tasks/clickup-web-tasks-onboarding-checklist-ee60ac43-6456-4368-816b-9d6463ef4cd7.webp	Task detail (Checklists/Attachments)
web/onboarding/clickup-web-onboarding-onboarding-checklist-f12102f4-568f-47ea-b9a0-0dba70f586f9.webp	web/settings/clickup-web-settings-onboarding-checklist-f12102f4-568f-47ea-b9a0-0dba70f586f9.webp	Settings import "Getting started" progress
web/onboarding/clickup-web-onboarding-onboarding-e1c3c541-11f9-48bf-af9b-ae93cb446eda.webp	web/settings/clickup-web-settings-onboarding-e1c3c541-11f9-48bf-af9b-ae93cb446eda.webp	Import wizard Step 2 (Import Destination)
web/onboarding/clickup-web-onboarding-onboarding-f12102f4-568f-47ea-b9a0-0dba70f586f9.webp	web/settings/clickup-web-settings-onboarding-f12102f4-568f-47ea-b9a0-0dba70f586f9.webp	Settings import "Getting started" progress
web/onboarding/clickup-web-onboarding-password-reset-5f871636-3fcf-407f-8183-a8427cfff618.webp	web/settings/clickup-web-settings-password-reset-5f871636-3fcf-407f-8183-a8427cfff618.webp	Security settings 2FA phone-verify modal
web/onboarding/clickup-web-onboarding-password-reset-7155f7b7-cb5f-489c-93da-d214e2d649fa.webp	web/settings/clickup-web-settings-password-reset-7155f7b7-cb5f-489c-93da-d214e2d649fa.webp	Manage-people 2FA phone-verify prompt
web/onboarding/clickup-web-onboarding-password-reset-b2f76e87-7830-4605-941f-7347c61eb019.webp	web/settings/clickup-web-settings-password-reset-b2f76e87-7830-4605-941f-7347c61eb019.webp	My Settings profile page
web/onboarding/clickup-web-onboarding-password-reset-e8fc2d76-c530-475a-9fc9-ab35062897a5.webp	web/settings/clickup-web-settings-password-reset-e8fc2d76-c530-475a-9fc9-ab35062897a5.webp	My Settings profile page
web/onboarding/clickup-web-onboarding-signup-8d6b4426-598c-44bd-9792-d0f32bd88b02.webp	web/settings/clickup-web-settings-signup-8d6b4426-598c-44bd-9792-d0f32bd88b02.webp	"Create a Space" workspace-structure modal
web/onboarding/clickup-web-onboarding-signup-b78f52e6-749c-48cd-a667-2a68e3310286.webp	web/marketing/clickup-web-marketing-signup-b78f52e6-749c-48cd-a667-2a68e3310286.webp	Feature-promo campaign banner
web/onboarding/clickup-web-onboarding-templates-0b972153-b4d9-4abc-8772-ed5ae391feed.webp	web/settings/clickup-web-settings-templates-0b972153-b4d9-4abc-8772-ed5ae391feed.webp	Task Types settings page
web/onboarding/clickup-web-onboarding-templates-272988b4-f63b-40d3-918f-93b3413fcde6.webp	web/dashboards/clickup-web-dashboards-templates-272988b4-f63b-40d3-918f-93b3413fcde6.webp	Dashboard template chooser
web/onboarding/clickup-web-onboarding-templates-2f68ef56-d0e6-4155-a311-3401469d695a.webp	web/dashboards/clickup-web-dashboards-templates-2f68ef56-d0e6-4155-a311-3401469d695a.webp	Dashboard-creation data-source modal
web/onboarding/clickup-web-onboarding-templates-30541bfc-8478-4372-a352-9a9cbf07aac8.webp	web/dashboards/clickup-web-dashboards-templates-30541bfc-8478-4372-a352-9a9cbf07aac8.webp	All Dashboards list
web/onboarding/clickup-web-onboarding-templates-332f4a17-76d8-4dae-9179-227f08296e21.webp	web/settings/clickup-web-settings-templates-332f4a17-76d8-4dae-9179-227f08296e21.webp	"Create a Space" workspace-structure modal
web/onboarding/clickup-web-onboarding-templates-36caf732-142f-4398-8824-4a46337d7490.webp	web/dashboards/clickup-web-dashboards-templates-36caf732-142f-4398-8824-4a46337d7490.webp	Dashboard "Add Card" widget picker
web/onboarding/clickup-web-onboarding-templates-49c7a493-a4e2-4110-aaca-46b6c4859553.webp	web/dashboards/clickup-web-dashboards-templates-49c7a493-a4e2-4110-aaca-46b6c4859553.webp	All Dashboards list
web/onboarding/clickup-web-onboarding-templates-60c11a94-c839-4363-8848-d402eb462e3e.webp	web/dashboards/clickup-web-dashboards-templates-60c11a94-c839-4363-8848-d402eb462e3e.webp	Dashboard template chooser
web/onboarding/clickup-web-onboarding-templates-6b31e22a-bb00-43df-95a1-8a0d9f06f106.webp	web/dashboards/clickup-web-dashboards-templates-6b31e22a-bb00-43df-95a1-8a0d9f06f106.webp	Dashboard template chooser
web/onboarding/clickup-web-onboarding-templates-7464ea55-4c40-4152-bac8-20cf6923f9ea.webp	web/settings/clickup-web-settings-templates-7464ea55-4c40-4152-bac8-20cf6923f9ea.webp	Task Types "Recommended" list
web/onboarding/clickup-web-onboarding-templates-7587be5b-57f1-49c3-b571-58b7859abb59.webp	web/dashboards/clickup-web-dashboards-templates-7587be5b-57f1-49c3-b571-58b7859abb59.webp	All Dashboards list
web/onboarding/clickup-web-onboarding-templates-84d812e5-4fe7-47ce-a9e0-35918ad42f40.webp	web/dashboards/clickup-web-dashboards-templates-84d812e5-4fe7-47ce-a9e0-35918ad42f40.webp	All Dashboards list with a sort picker
web/onboarding/clickup-web-onboarding-templates-8eb16e01-cf19-4b73-8e0f-498ac9aeac80.webp	web/docs/clickup-web-docs-templates-8eb16e01-cf19-4b73-8e0f-498ac9aeac80.webp	"Save as new doc Template" modal
web/onboarding/clickup-web-onboarding-templates-a60ad1d7-6682-428b-a295-d4cfa41d7ee9.webp	web/extra/clickup-web-extra-templates-a60ad1d7-6682-428b-a295-d4cfa41d7ee9.webp	Clips video walkthrough
web/onboarding/clickup-web-onboarding-templates-aa93fcf4-7100-4b9f-817a-940e443f45d8.webp	web/docs/clickup-web-docs-templates-aa93fcf4-7100-4b9f-817a-940e443f45d8.webp	Doc "Project Overview" content page
web/onboarding/clickup-web-onboarding-templates-ad4f1f36-d066-4709-9c73-8672f5c91fba.webp	web/docs/clickup-web-docs-templates-ad4f1f36-d066-4709-9c73-8672f5c91fba.webp	Doc content page with a cover image
web/onboarding/clickup-web-onboarding-templates-c4fc9695-bafa-4017-b9c5-62ed59704344.webp	web/settings/clickup-web-settings-templates-c4fc9695-bafa-4017-b9c5-62ed59704344.webp	App Center Featured-integrations list
web/onboarding/clickup-web-onboarding-templates-c588ee0e-606f-4523-923e-849aed2d3a72.webp	web/settings/clickup-web-settings-templates-c588ee0e-606f-4523-923e-849aed2d3a72.webp	Template Center browser
web/onboarding/clickup-web-onboarding-templates-c8931775-29e6-4974-9ecf-bbb9e4f44588.webp	web/forms/clickup-web-forms-templates-c8931775-29e6-4974-9ecf-bbb9e4f44588.webp	Form "Where do you want submissions saved?" picker
web/onboarding/clickup-web-onboarding-templates-cae76cb0-c62f-48d7-8fd7-a269113f2345.webp	web/settings/clickup-web-settings-templates-cae76cb0-c62f-48d7-8fd7-a269113f2345.webp	Task Types "Recommended" list
web/onboarding/clickup-web-onboarding-templates-cbfe9a71-f5e4-48c4-b9d9-d195b8a41922.webp	web/docs/clickup-web-docs-templates-cbfe9a71-f5e4-48c4-b9d9-d195b8a41922.webp	Doc content page (Project Overview Template)
web/onboarding/clickup-web-onboarding-templates-e192c449-ee33-444d-b144-7f193151a036.webp	web/docs/clickup-web-docs-templates-e192c449-ee33-444d-b144-7f193151a036.webp	Doc "Project Overview Template" content
web/onboarding/clickup-web-onboarding-tour-tooltip-17088e94-0a62-4fa6-a8ec-3bcdc6218ae4.webp	web/whiteboard/clickup-web-whiteboard-tour-tooltip-17088e94-0a62-4fa6-a8ec-3bcdc6218ae4.webp	Image-proofing emoji picker
web/onboarding/clickup-web-onboarding-tour-tooltip-5536c1fe-7e56-4a77-8e56-fbfba05bb096.webp	web/whiteboard/clickup-web-whiteboard-tour-tooltip-5536c1fe-7e56-4a77-8e56-fbfba05bb096.webp	Image proofing/annotation canvas
web/onboarding/clickup-web-onboarding-tour-tooltip-60c11a94-c839-4363-8848-d402eb462e3e.webp	web/dashboards/clickup-web-dashboards-tour-tooltip-60c11a94-c839-4363-8848-d402eb462e3e.webp	Dashboard template chooser
web/onboarding/clickup-web-onboarding-tour-tooltip-857d1c1c-f536-4b75-bd53-6c14a8e41613.webp	web/whiteboard/clickup-web-whiteboard-tour-tooltip-857d1c1c-f536-4b75-bd53-6c14a8e41613.webp	Image proofing/annotation canvas
web/onboarding/clickup-web-onboarding-tour-tooltip-a5284460-72ed-4c36-8079-c0e2fde7f4db.webp	web/whiteboard/clickup-web-whiteboard-tour-tooltip-a5284460-72ed-4c36-8079-c0e2fde7f4db.webp	Image proofing/annotation canvas
web/onboarding/clickup-web-onboarding-tutorial-018f86ba-9a40-4d0a-8a7a-81ee57b3941d.webp	web/extra/clickup-web-extra-tutorial-018f86ba-9a40-4d0a-8a7a-81ee57b3941d.webp	Clips grid + "Clip created" popup
web/onboarding/clickup-web-onboarding-tutorial-0cb2c600-17a6-44bd-a722-a66a50b5aba7.webp	web/tasks/clickup-web-tasks-tutorial-0cb2c600-17a6-44bd-a722-a66a50b5aba7.webp	Task detail (Subtasks)
web/onboarding/clickup-web-onboarding-tutorial-5ca04142-1727-4f64-8139-59b790dd3b0e.webp	web/tasks/clickup-web-tasks-tutorial-5ca04142-1727-4f64-8139-59b790dd3b0e.webp	Task detail with a video attachment
web/onboarding/clickup-web-onboarding-tutorial-6763ab9f-31a3-40fd-9640-3c5eec8f859c.webp	web/tasks/clickup-web-tasks-tutorial-6763ab9f-31a3-40fd-9640-3c5eec8f859c.webp	Task detail (Comments)
web/onboarding/clickup-web-onboarding-tutorial-72a27ca9-f17d-40e6-9b9d-86a7e7b3b751.webp	web/extra/clickup-web-extra-tutorial-72a27ca9-f17d-40e6-9b9d-86a7e7b3b751.webp	Clips video walkthrough with comments
web/onboarding/clickup-web-onboarding-tutorial-7f160ef3-73b2-4f56-95c2-da2c5122f0af.webp	web/extra/clickup-web-extra-tutorial-7f160ef3-73b2-4f56-95c2-da2c5122f0af.webp	Clips video walkthrough
web/onboarding/clickup-web-onboarding-tutorial-a60ad1d7-6682-428b-a295-d4cfa41d7ee9.webp	web/extra/clickup-web-extra-tutorial-a60ad1d7-6682-428b-a295-d4cfa41d7ee9.webp	Clips video walkthrough
web/onboarding/clickup-web-onboarding-tutorial-bd3d21a9-6275-4865-957b-47af724b5c82.webp	web/extra/clickup-web-extra-tutorial-bd3d21a9-6275-4865-957b-47af724b5c82.webp	Clips video walkthrough with a comment
web/onboarding/clickup-web-onboarding-tutorial-ddf89454-4f29-48cf-be60-52f797af9d3a.webp	web/extra/clickup-web-extra-tutorial-ddf89454-4f29-48cf-be60-52f797af9d3a.webp	Clips video walkthrough, screen library
web/onboarding/clickup-web-onboarding-tutorial-f4461f89-3357-4897-a5f7-a2e92738d49c.webp	web/extra/clickup-web-extra-tutorial-f4461f89-3357-4897-a5f7-a2e92738d49c.webp	Clips video walkthrough with a comment
web/onboarding/clickup-web-onboarding-tutorial-f8ac4303-5069-4a3c-86d8-8355f7f688aa.webp	web/docs/clickup-web-docs-tutorial-f8ac4303-5069-4a3c-86d8-8355f7f688aa.webp	Doc "Design Workflow" content page
web/onboarding/clickup-web-onboarding-verify-907b4502-a9fb-4679-9705-db983a56432f.webp	web/settings/clickup-web-settings-verify-907b4502-a9fb-4679-9705-db983a56432f.webp	2FA phone-code modal
web/views/clickup-web-views-add-view-04a913c2-8244-4011-a470-7735a87ef80a.webp	web/reports/clickup-web-reports-add-view-04a913c2-8244-4011-a470-7735a87ef80a.webp	Goal Target creation wizard
web/views/clickup-web-views-add-view-1f3191ee-c555-4d5c-b715-b72339b365d1.webp	web/dashboards/clickup-web-dashboards-add-view-1f3191ee-c555-4d5c-b715-b72339b365d1.webp	Dashboard "Add Card" widget picker
web/views/clickup-web-views-add-view-262cc2b1-3c69-409e-a5ed-0ff61b268e0c.webp	web/database/clickup-web-database-add-view-262cc2b1-3c69-409e-a5ed-0ff61b268e0c.webp	Default View Templates configuration
web/views/clickup-web-views-add-view-2e1264c0-ad38-4aaf-946c-8a051f0fb737.webp	web/settings/clickup-web-settings-add-view-2e1264c0-ad38-4aaf-946c-8a051f0fb737.webp	"Define your workflow" Space-creation template picker
web/views/clickup-web-views-add-view-36caf732-142f-4398-8824-4a46337d7490.webp	web/dashboards/clickup-web-dashboards-add-view-36caf732-142f-4398-8824-4a46337d7490.webp	Dashboard "Add Card" widget picker
web/views/clickup-web-views-add-view-3726b58c-b9fa-422a-9dc3-77618c3df84c.webp	web/settings/clickup-web-settings-add-view-3726b58c-b9fa-422a-9dc3-77618c3df84c.webp	Calendar app Appearance settings
web/views/clickup-web-views-add-view-477b1534-83f1-45b8-89f4-52c5eb8aa10e.webp	web/database/clickup-web-database-add-view-477b1534-83f1-45b8-89f4-52c5eb8aa10e.webp	Default View Templates, empty
web/views/clickup-web-views-add-view-545104d5-ed18-4aac-8e44-902f43b5b14e.webp	web/dashboards/clickup-web-dashboards-add-view-545104d5-ed18-4aac-8e44-902f43b5b14e.webp	Dashboard "Workload by Status" card
web/views/clickup-web-views-add-view-6e871dc7-dfa2-4280-a0e6-8b385e480610.webp	web/settings/clickup-web-settings-add-view-6e871dc7-dfa2-4280-a0e6-8b385e480610.webp	"Customize" theme colors panel
web/views/clickup-web-views-add-view-7da5a21c-b138-4024-8036-514c67eb5756.webp	web/settings/clickup-web-settings-add-view-7da5a21c-b138-4024-8036-514c67eb5756.webp	"Define your workflow" Space-creation template picker
web/views/clickup-web-views-add-view-f08ec96d-d7ef-4a96-bc72-4e2bd25c8ddc.webp	web/database/clickup-web-database-add-view-f08ec96d-d7ef-4a96-bc72-4e2bd25c8ddc.webp	"Default settings for views" configuration
web/views/clickup-web-views-add-view-f59c1b42-1458-4883-83e3-3e97bd3e4e34.webp	web/database/clickup-web-database-add-view-f59c1b42-1458-4883-83e3-3e97bd3e4e34.webp	"Default View Templates" adjust-template-to option
web/views/clickup-web-views-board-kanban-76831f60-1de7-473b-bce0-f3f1e3b08135.webp	web/database/clickup-web-database-board-kanban-76831f60-1de7-473b-bce0-f3f1e3b08135.webp	Protect-view modal over Board customization panel
web/views/clickup-web-views-board-kanban-abe9a49f-83cf-4138-971f-6173634b57bc.webp	web/whiteboard/clickup-web-whiteboard-board-kanban-abe9a49f-83cf-4138-971f-6173634b57bc.webp	Whiteboard canvas, Overview box selected
web/views/clickup-web-views-calendar-01d048f2-4d84-44cf-ab63-4de2c07b4e8f.webp	web/time-tracking/clickup-web-time-tracking-calendar-01d048f2-4d84-44cf-ab63-4de2c07b4e8f.webp	Team member weekly Timesheet table
web/views/clickup-web-views-calendar-04fda0b9-d82a-453e-8f5a-846e7f13ecf9.webp	web/ai/clickup-web-ai-calendar-04fda0b9-d82a-453e-8f5a-846e7f13ecf9.webp	Planner Calendar with the AI Notetaker panel
web/views/clickup-web-views-calendar-41e2b803-107e-44ad-95bf-63c11f49a411.webp	web/reports/clickup-web-reports-calendar-41e2b803-107e-44ad-95bf-63c11f49a411.webp	Team Workload gantt-style report
web/views/clickup-web-views-calendar-7d4c9da7-fee9-41f2-8542-d2e96dab5e5e.webp	web/ai/clickup-web-ai-calendar-7d4c9da7-fee9-41f2-8542-d2e96dab5e5e.webp	Planner Calendar with the AI Notetaker panel
web/views/clickup-web-views-calendar-7f50212b-0cd6-4c46-a7a4-50b64c8ab2ab.webp	web/ai/clickup-web-ai-calendar-7f50212b-0cd6-4c46-a7a4-50b64c8ab2ab.webp	Planner Calendar with the AI Notetaker settings panel
web/views/clickup-web-views-calendar-9dd0b1bc-8dcc-45dd-9540-07fd6abfb72b.webp	web/time-tracking/clickup-web-time-tracking-calendar-9dd0b1bc-8dcc-45dd-9540-07fd6abfb72b.webp	Team member weekly Timesheet table
web/views/clickup-web-views-calendar-a7192241-75c0-448e-82ec-0e3db39d7456.webp	web/docs/clickup-web-docs-calendar-a7192241-75c0-448e-82ec-0e3db39d7456.webp	Doc "Design Workflow" with a Table block
web/views/clickup-web-views-calendar-c1bc32c5-3d44-4f14-9258-d2988204cb4a.webp	web/collaboration/clickup-web-collaboration-calendar-c1bc32c5-3d44-4f14-9258-d2988204cb4a.webp	Team Priorities board (per-member task lists)
web/views/clickup-web-views-calendar-c410b28a-f27d-497b-8c03-1cd4418a567c.webp	web/whiteboard/clickup-web-whiteboard-calendar-c410b28a-f27d-497b-8c03-1cd4418a567c.webp	Whiteboard canvas, Overview box selected
web/views/clickup-web-views-calendar-month-7d4c9da7-fee9-41f2-8542-d2e96dab5e5e.webp	web/ai/clickup-web-ai-calendar-month-7d4c9da7-fee9-41f2-8542-d2e96dab5e5e.webp	Planner Calendar with the AI Notetaker panel
web/views/clickup-web-views-calendar-month-c1bc32c5-3d44-4f14-9258-d2988204cb4a.webp	web/collaboration/clickup-web-collaboration-calendar-month-c1bc32c5-3d44-4f14-9258-d2988204cb4a.webp	Team Priorities board (per-member task lists)
web/views/clickup-web-views-calendar-month-c410b28a-f27d-497b-8c03-1cd4418a567c.webp	web/whiteboard/clickup-web-whiteboard-calendar-month-c410b28a-f27d-497b-8c03-1cd4418a567c.webp	Whiteboard canvas, Overview box selected
web/views/clickup-web-views-everything-3a2c1ba3-57b4-4e04-8227-ff96c09d8153.webp	web/tasks/clickup-web-tasks-everything-3a2c1ba3-57b4-4e04-8227-ff96c09d8153.webp	List view with a task Relationships menu
web/views/clickup-web-views-everything-7ec1420c-57d6-4790-ad03-f23e95ce811e.webp	web/tasks/clickup-web-tasks-everything-7ec1420c-57d6-4790-ad03-f23e95ce811e.webp	Task detail side panel
web/views/clickup-web-views-everything-cb9d3f68-0824-457e-b951-cb42b20fdf7b.webp	web/tasks/clickup-web-tasks-everything-cb9d3f68-0824-457e-b951-cb42b20fdf7b.webp	Task detail with a table and video attachment
web/views/clickup-web-views-gantt-dependencies-051621e2-da4b-489a-92b5-7ef44dce710c.webp	web/docs/clickup-web-docs-gantt-dependencies-051621e2-da4b-489a-92b5-7ef44dce710c.webp	Doc "Design Workflow" with a Relationships link picker
web/views/clickup-web-views-gantt-dependencies-1b3ac0c8-67d4-4126-af6c-a32d6b81e896.webp	web/whiteboard/clickup-web-whiteboard-gantt-dependencies-1b3ac0c8-67d4-4126-af6c-a32d6b81e896.webp	Whiteboard canvas color toolbar
web/views/clickup-web-views-gantt-dependencies-2a9af0d9-1fa2-49a5-958e-f17cf736653b.webp	web/docs/clickup-web-docs-gantt-dependencies-2a9af0d9-1fa2-49a5-958e-f17cf736653b.webp	Doc "Design Workflow" with a Table block
web/views/clickup-web-views-gantt-dependencies-3194e5b7-329c-4b61-9e2d-60b484c1b8b1.webp	web/tasks/clickup-web-tasks-gantt-dependencies-3194e5b7-329c-4b61-9e2d-60b484c1b8b1.webp	List view with a bulk fields menu
web/views/clickup-web-views-gantt-dependencies-38eb0a1f-6441-437e-8837-2f2e28cae87c.webp	web/whiteboard/clickup-web-whiteboard-gantt-dependencies-38eb0a1f-6441-437e-8837-2f2e28cae87c.webp	Whiteboard canvas selection toolbar
web/views/clickup-web-views-gantt-dependencies-440ee728-d115-4ed9-80ce-981dcd904f20.webp	web/dashboards/clickup-web-dashboards-gantt-dependencies-440ee728-d115-4ed9-80ce-981dcd904f20.webp	Dashboard Task List card
web/views/clickup-web-views-gantt-dependencies-4766d9e8-0b0f-42ae-935a-07d1f8d101cc.webp	web/dashboards/clickup-web-dashboards-gantt-dependencies-4766d9e8-0b0f-42ae-935a-07d1f8d101cc.webp	"Task Performance" dashboard, empty cards
web/views/clickup-web-views-gantt-dependencies-ac4babd8-23f5-4646-bb28-06780d074631.webp	web/tasks/clickup-web-tasks-gantt-dependencies-ac4babd8-23f5-4646-bb28-06780d074631.webp	Task Dependencies modal, populated
web/views/clickup-web-views-list-subtasks-0cb2c600-17a6-44bd-a722-a66a50b5aba7.webp	web/tasks/clickup-web-tasks-list-subtasks-0cb2c600-17a6-44bd-a722-a66a50b5aba7.webp	Task detail (Subtasks)
web/views/clickup-web-views-list-subtasks-2459fd07-d7be-44d7-a2c8-8a35223bc4de.webp	web/tasks/clickup-web-tasks-list-subtasks-2459fd07-d7be-44d7-a2c8-8a35223bc4de.webp	Task detail side panel (Attachments)
web/views/clickup-web-views-list-subtasks-3a2c1ba3-57b4-4e04-8227-ff96c09d8153.webp	web/tasks/clickup-web-tasks-list-subtasks-3a2c1ba3-57b4-4e04-8227-ff96c09d8153.webp	List view with a task Relationships menu
web/views/clickup-web-views-list-subtasks-4d39ae68-be3b-41ff-8721-6b772c385a89.webp	web/ai/clickup-web-ai-list-subtasks-4d39ae68-be3b-41ff-8721-6b772c385a89.webp	List view with AI-generated assignee values
web/views/clickup-web-views-list-subtasks-4f54a62d-0785-49c6-ad61-5e5b72b97cdc.webp	web/tasks/clickup-web-tasks-list-subtasks-4f54a62d-0785-49c6-ad61-5e5b72b97cdc.webp	Task detail (Comments)
web/views/clickup-web-views-list-subtasks-5ca04142-1727-4f64-8139-59b790dd3b0e.webp	web/tasks/clickup-web-tasks-list-subtasks-5ca04142-1727-4f64-8139-59b790dd3b0e.webp	Task detail with a video attachment
web/views/clickup-web-views-list-subtasks-6763ab9f-31a3-40fd-9640-3c5eec8f859c.webp	web/tasks/clickup-web-tasks-list-subtasks-6763ab9f-31a3-40fd-9640-3c5eec8f859c.webp	Task detail (Comments)
web/views/clickup-web-views-list-subtasks-7ec1420c-57d6-4790-ad03-f23e95ce811e.webp	web/tasks/clickup-web-tasks-list-subtasks-7ec1420c-57d6-4790-ad03-f23e95ce811e.webp	Task detail side panel
web/views/clickup-web-views-list-subtasks-9350e656-424d-45a2-97f2-62e5801a391c.webp	web/dashboards/clickup-web-dashboards-list-subtasks-9350e656-424d-45a2-97f2-62e5801a391c.webp	All Dashboards list, sorted
web/views/clickup-web-views-list-subtasks-a032e768-e08b-442b-8b4b-16a67f6033c9.webp	web/database/clickup-web-database-list-subtasks-a032e768-e08b-442b-8b4b-16a67f6033c9.webp	List view with a Protect-view modal
web/views/clickup-web-views-list-view-5c131ec2-b561-4d01-9d4e-42ef661cc48a.webp	web/ai/clickup-web-ai-list-view-5c131ec2-b561-4d01-9d4e-42ef661cc48a.webp	AI Assignee suggestion panel
web/views/clickup-web-views-list-view-c6892d98-c93c-468d-a244-e9cf7fec2ced.webp	web/tasks/clickup-web-tasks-list-view-c6892d98-c93c-468d-a244-e9cf7fec2ced.webp	Move-tasks/Add-to list picker
web/views/clickup-web-views-mind-map-08f3aaee-62fb-4a6f-be14-8dd53dec03a1.webp	web/whiteboard/clickup-web-whiteboard-mind-map-08f3aaee-62fb-4a6f-be14-8dd53dec03a1.webp	Whiteboard canvas
web/views/clickup-web-views-mind-map-09ed3300-5611-4bd0-9260-cda1e0c483e4.webp	web/whiteboard/clickup-web-whiteboard-mind-map-09ed3300-5611-4bd0-9260-cda1e0c483e4.webp	Whiteboard canvas toolbar
web/views/clickup-web-views-mind-map-18a2e6c4-e1ae-4224-b0e5-89a214429f67.webp	web/whiteboard/clickup-web-whiteboard-mind-map-18a2e6c4-e1ae-4224-b0e5-89a214429f67.webp	Whiteboard canvas with sticky notes
web/views/clickup-web-views-mind-map-1da84fc1-8d83-4f0c-96b5-2d55c9ca8dd0.webp	web/tasks/clickup-web-tasks-mind-map-1da84fc1-8d83-4f0c-96b5-2d55c9ca8dd0.webp	Task Dependencies modal
web/views/clickup-web-views-mind-map-39e08bc9-9a6f-42b9-ae01-bfca9bcc000b.webp	web/tasks/clickup-web-tasks-mind-map-39e08bc9-9a6f-42b9-ae01-bfca9bcc000b.webp	List view with a Copy-to-clipboard menu
web/views/clickup-web-views-mind-map-51af440d-6982-42e6-ab8d-2f9996e36948.webp	web/whiteboard/clickup-web-whiteboard-mind-map-51af440d-6982-42e6-ab8d-2f9996e36948.webp	Whiteboard canvas, dotted selection
web/views/clickup-web-views-mind-map-5689ff0d-43db-4e4c-a2e9-0842c558caa6.webp	web/whiteboard/clickup-web-whiteboard-mind-map-5689ff0d-43db-4e4c-a2e9-0842c558caa6.webp	Whiteboard canvas
web/views/clickup-web-views-mind-map-569bde32-22c9-447e-b9ca-a9c86be310fe.webp	web/whiteboard/clickup-web-whiteboard-mind-map-569bde32-22c9-447e-b9ca-a9c86be310fe.webp	Whiteboard canvas with a sticky note
web/views/clickup-web-views-mind-map-759e3b6b-9c70-459f-850f-07ea3611ec06.webp	web/whiteboard/clickup-web-whiteboard-mind-map-759e3b6b-9c70-459f-850f-07ea3611ec06.webp	Whiteboard canvas, Overview box selected
web/views/clickup-web-views-mind-map-79be57f4-2eb3-4dec-b647-6f197aca39b2.webp	web/whiteboard/clickup-web-whiteboard-mind-map-79be57f4-2eb3-4dec-b647-6f197aca39b2.webp	Whiteboard canvas, rectangle shape selected
web/views/clickup-web-views-my-tasks-038e249a-9df1-4c83-8f01-2f6abc479fac.webp	web/tasks/clickup-web-tasks-my-tasks-038e249a-9df1-4c83-8f01-2f6abc479fac.webp	List view with a bulk fields menu
web/views/clickup-web-views-my-tasks-50dc1863-5b8f-4c19-b7b9-74bad9dc3a61.webp	web/dashboards/clickup-web-dashboards-my-tasks-50dc1863-5b8f-4c19-b7b9-74bad9dc3a61.webp	"Customized Dashboard" card
web/views/clickup-web-views-my-tasks-51ef8c0b-9150-40d5-ab8e-3765d126cf69.webp	web/tasks/clickup-web-tasks-my-tasks-51ef8c0b-9150-40d5-ab8e-3765d126cf69.webp	List view with a Copy-to-clipboard menu
web/views/clickup-web-views-my-tasks-56eefc2b-41e7-4751-8e0c-3e1a98dbde5d.webp	web/tasks/clickup-web-tasks-my-tasks-56eefc2b-41e7-4751-8e0c-3e1a98dbde5d.webp	List view with a task Relationships menu
web/views/clickup-web-views-my-tasks-7ceffea0-7489-4926-b5c1-99e411343af0.webp	web/ai/clickup-web-ai-my-tasks-7ceffea0-7489-4926-b5c1-99e411343af0.webp	AI Assignee suggestion panel
web/views/clickup-web-views-my-tasks-a032e768-e08b-442b-8b4b-16a67f6033c9.webp	web/database/clickup-web-database-my-tasks-a032e768-e08b-442b-8b4b-16a67f6033c9.webp	List view with a Protect-view modal
web/views/clickup-web-views-table-1367c966-9edb-4b3d-b5de-6c435b2add4a.webp	web/tasks/clickup-web-tasks-table-1367c966-9edb-4b3d-b5de-6c435b2add4a.webp	List view with an AI Assignee Variables menu
web/views/clickup-web-views-table-18f5efb0-9735-4c22-be22-1f7c2f501a8d.webp	web/time-tracking/clickup-web-time-tracking-table-18f5efb0-9735-4c22-be22-1f7c2f501a8d.webp	Team Timesheet (all members)
web/views/clickup-web-views-table-3fde8302-c073-4b10-8857-73613555af70.webp	web/menus/clickup-web-menus-table-3fde8302-c073-4b10-8857-73613555af70.webp	List/bulk fields "Set or change" menu
web/views/clickup-web-views-table-467656d2-22e1-4c44-ae96-3b105267804a.webp	web/docs/clickup-web-docs-table-467656d2-22e1-4c44-ae96-3b105267804a.webp	Doc "Design Workflow" with a Table block
web/views/clickup-web-views-table-48776cc6-9631-49ca-a614-2e58ce73cc52.webp	web/tasks/clickup-web-tasks-table-48776cc6-9631-49ca-a614-2e58ce73cc52.webp	List view with an inline Assign tooltip
web/views/clickup-web-views-table-52072425-7d39-4dda-a368-5915150cfab7.webp	web/menus/clickup-web-menus-table-52072425-7d39-4dda-a368-5915150cfab7.webp	List/bulk fields "Set or change" menu
web/views/clickup-web-views-table-63e61970-c293-4d36-88b3-9552aa6be44c.webp	web/tasks/clickup-web-tasks-table-63e61970-c293-4d36-88b3-9552aa6be44c.webp	Task detail (Comments)
web/views/clickup-web-views-table-6763ab9f-31a3-40fd-9640-3c5eec8f859c.webp	web/tasks/clickup-web-tasks-table-6763ab9f-31a3-40fd-9640-3c5eec8f859c.webp	Task detail (Comments)
web/views/clickup-web-views-table-6eec32ac-5f1a-4c6e-a9d1-ca7aaaf486fd.webp	web/tasks/clickup-web-tasks-table-6eec32ac-5f1a-4c6e-a9d1-ca7aaaf486fd.webp	Task detail with a table and YouTube embed
web/views/clickup-web-views-table-7587be5b-57f1-49c3-b571-58b7859abb59.webp	web/dashboards/clickup-web-dashboards-table-7587be5b-57f1-49c3-b571-58b7859abb59.webp	All Dashboards list
web/views/clickup-web-views-table-7662dbff-e7f7-42f6-acc3-5ba4a08da084.webp	web/tasks/clickup-web-tasks-table-7662dbff-e7f7-42f6-acc3-5ba4a08da084.webp	Task Dependencies modal (empty)
web/views/clickup-web-views-table-7d2645b3-ebb8-4a14-95c8-689db1fd816e.webp	web/time-tracking/clickup-web-time-tracking-table-7d2645b3-ebb8-4a14-95c8-689db1fd816e.webp	Team Timesheet (all members)
web/views/clickup-web-views-table-92ec59bc-1a30-4b2d-ab96-5ab6ef6cc292.webp	web/menus/clickup-web-menus-table-92ec59bc-1a30-4b2d-ab96-5ab6ef6cc292.webp	List/bulk fields "Copy to clipboard" menu
web/views/clickup-web-views-table-9350e656-424d-45a2-97f2-62e5801a391c.webp	web/dashboards/clickup-web-dashboards-table-9350e656-424d-45a2-97f2-62e5801a391c.webp	All Dashboards list, sorted
web/views/clickup-web-views-table-9eed163f-1230-484d-ac79-6c1a89f1e2a3.webp	web/tasks/clickup-web-tasks-table-9eed163f-1230-484d-ac79-6c1a89f1e2a3.webp	Task detail (Subtasks)
web/views/clickup-web-views-table-bef6d943-1480-47ae-ae8c-07522286788a.webp	web/collaboration/clickup-web-collaboration-table-bef6d943-1480-47ae-ae8c-07522286788a.webp	Team Overview tab (members, feed)
web/views/clickup-web-views-table-dd3cac62-be99-403d-9f68-dcb6e971f656.webp	web/tasks/clickup-web-tasks-table-dd3cac62-be99-403d-9f68-dcb6e971f656.webp	Task Dependencies modal, populated
web/views/clickup-web-views-table-de77b8ae-65ae-44eb-a6d6-8124f81bde91.webp	web/ai/clickup-web-ai-table-de77b8ae-65ae-44eb-a6d6-8124f81bde91.webp	AI Assignee suggestion panel
web/views/clickup-web-views-table-e0b72c79-32a2-4069-a7e9-6fa436c6f2bc.webp	web/time-tracking/clickup-web-time-tracking-table-e0b72c79-32a2-4069-a7e9-6fa436c6f2bc.webp	Team Timesheet (4 members)
web/views/clickup-web-views-table-ed18b66d-cbcd-45c1-aa28-b191c0fa0573.webp	web/settings/clickup-web-settings-table-ed18b66d-cbcd-45c1-aa28-b191c0fa0573.webp	Settings Spreadsheets Importer preview table
web/views/clickup-web-views-table-edc40539-bc04-427d-a8c2-a187644ea747.webp	web/time-tracking/clickup-web-time-tracking-table-edc40539-bc04-427d-a8c2-a187644ea747.webp	Pending timesheet Request-changes/Approve detail
web/views/clickup-web-views-table-ee489600-1ec1-491c-9a41-19920ac97ff8.webp	web/tasks/clickup-web-tasks-table-ee489600-1ec1-491c-9a41-19920ac97ff8.webp	Task detail panel
web/views/clickup-web-views-table-totals-01d048f2-4d84-44cf-ab63-4de2c07b4e8f.webp	web/time-tracking/clickup-web-time-tracking-table-totals-01d048f2-4d84-44cf-ab63-4de2c07b4e8f.webp	Team member weekly Timesheet table
web/views/clickup-web-views-table-totals-18f5efb0-9735-4c22-be22-1f7c2f501a8d.webp	web/time-tracking/clickup-web-time-tracking-table-totals-18f5efb0-9735-4c22-be22-1f7c2f501a8d.webp	Team Timesheet (all members)
web/views/clickup-web-views-table-totals-25f54ec5-0000-459a-9dbe-50fa92bd9561.webp	web/time-tracking/clickup-web-time-tracking-table-totals-25f54ec5-0000-459a-9dbe-50fa92bd9561.webp	Timesheet capacity Settings
web/views/clickup-web-views-table-totals-2688b7ca-3f6c-4177-a229-d52d1c12c389.webp	web/tasks/clickup-web-tasks-table-totals-2688b7ca-3f6c-4177-a229-d52d1c12c389.webp	Task detail side panel (Attachments)
web/views/clickup-web-views-table-totals-27113b60-6baf-4b1e-bd2c-3deebad34c58.webp	web/tasks/clickup-web-tasks-table-totals-27113b60-6baf-4b1e-bd2c-3deebad34c58.webp	Task detail with a table and video attachment
web/views/clickup-web-views-table-totals-2ac76974-067b-4818-816b-e6ddf0638f9d.webp	web/dashboards/clickup-web-dashboards-table-totals-2ac76974-067b-4818-816b-e6ddf0638f9d.webp	Dashboard "Tasks Due This Week" card
web/views/clickup-web-views-table-totals-2ed8379c-f517-49fc-bbd8-7b042c1567a6.webp	web/time-tracking/clickup-web-time-tracking-table-totals-2ed8379c-f517-49fc-bbd8-7b042c1567a6.webp	Timesheet time-entries detail
web/views/clickup-web-views-table-totals-361c70d2-3a41-4211-8c53-09751a20a847.webp	web/dashboards/clickup-web-dashboards-table-totals-361c70d2-3a41-4211-8c53-09751a20a847.webp	All Dashboards list, sidebar navigation panel
web/views/clickup-web-views-table-totals-3848d517-a976-45a0-b00e-8dbcb44e3ec7.webp	web/time-tracking/clickup-web-time-tracking-table-totals-3848d517-a976-45a0-b00e-8dbcb44e3ec7.webp	Team Timesheet with a capacity tooltip
web/views/clickup-web-views-table-totals-4527cabc-1832-42c3-9364-2f548b247397.webp	web/time-tracking/clickup-web-time-tracking-table-totals-4527cabc-1832-42c3-9364-2f548b247397.webp	Timesheet time-entries detail
web/views/clickup-web-views-table-totals-45a896e2-e2ad-4b01-bd1e-3412d325bea2.webp	web/tasks/clickup-web-tasks-table-totals-45a896e2-e2ad-4b01-bd1e-3412d325bea2.webp	Task detail side panel
web/views/clickup-web-views-table-totals-4a1f479a-3fd9-4bcc-998c-3fa31a651063.webp	web/time-tracking/clickup-web-time-tracking-table-totals-4a1f479a-3fd9-4bcc-998c-3fa31a651063.webp	My timesheet, submit-for-approval state
web/views/clickup-web-views-table-totals-5842d956-7aed-4724-9eab-4c7a01b1b60a.webp	web/time-tracking/clickup-web-time-tracking-table-totals-5842d956-7aed-4724-9eab-4c7a01b1b60a.webp	Team Timesheet with a description-edit popup
web/views/clickup-web-views-table-totals-640d7777-23f1-4a63-9b51-71f6e7008935.webp	web/time-tracking/clickup-web-time-tracking-table-totals-640d7777-23f1-4a63-9b51-71f6e7008935.webp	Approved team-member timesheet detail
web/views/clickup-web-views-table-totals-7d2645b3-ebb8-4a14-95c8-689db1fd816e.webp	web/time-tracking/clickup-web-time-tracking-table-totals-7d2645b3-ebb8-4a14-95c8-689db1fd816e.webp	Team Timesheet (all members)
web/views/clickup-web-views-table-totals-7db81793-687b-44e3-9eb0-102ec1a53443.webp	web/time-tracking/clickup-web-time-tracking-table-totals-7db81793-687b-44e3-9eb0-102ec1a53443.webp	Team Timesheet capacity Settings
web/views/clickup-web-views-table-totals-92ec59bc-1a30-4b2d-ab96-5ab6ef6cc292.webp	web/menus/clickup-web-menus-table-totals-92ec59bc-1a30-4b2d-ab96-5ab6ef6cc292.webp	List/bulk fields "Copy to clipboard" menu
web/views/clickup-web-views-table-totals-ca307740-b31b-45b3-aa3b-19881a968a5b.webp	web/tasks/clickup-web-tasks-table-totals-ca307740-b31b-45b3-aa3b-19881a968a5b.webp	List view, "View saved" toast
web/views/clickup-web-views-table-totals-caff93fc-a78d-413a-bd6b-01c82845b482.webp	web/menus/clickup-web-menus-table-totals-caff93fc-a78d-413a-bd6b-01c82845b482.webp	Space right-click context menu
web/views/clickup-web-views-table-totals-d908e9a0-9804-4109-86f2-702b5986a60d.webp	web/time-tracking/clickup-web-time-tracking-table-totals-d908e9a0-9804-4109-86f2-702b5986a60d.webp	My timesheet, not submitted
web/views/clickup-web-views-table-totals-de451ee3-8e2d-4fd7-8f8e-b36ec0b9db4b.webp	web/time-tracking/clickup-web-time-tracking-table-totals-de451ee3-8e2d-4fd7-8f8e-b36ec0b9db4b.webp	Pending team-member timesheet detail
web/views/clickup-web-views-table-totals-e0b72c79-32a2-4069-a7e9-6fa436c6f2bc.webp	web/time-tracking/clickup-web-time-tracking-table-totals-e0b72c79-32a2-4069-a7e9-6fa436c6f2bc.webp	Team Timesheet (4 members)
web/views/clickup-web-views-table-totals-ed18b66d-cbcd-45c1-aa28-b191c0fa0573.webp	web/settings/clickup-web-settings-table-totals-ed18b66d-cbcd-45c1-aa28-b191c0fa0573.webp	Settings Spreadsheets Importer preview table
web/views/clickup-web-views-table-totals-fb082ae7-d95f-448f-83cd-c64b3a18c79d.webp	web/time-tracking/clickup-web-time-tracking-table-totals-fb082ae7-d95f-448f-83cd-c64b3a18c79d.webp	Time-entry description edit popup
web/views/clickup-web-views-table-totals-fdca2aa1-77b1-4975-bc13-7cbe41227480.webp	web/tasks/clickup-web-tasks-table-totals-fdca2aa1-77b1-4975-bc13-7cbe41227480.webp	Task detail side panel (Attachments)
web/views/clickup-web-views-view-switcher-473c3701-c880-4169-87bb-86954531b441.webp	web/collaboration/clickup-web-collaboration-view-switcher-473c3701-c880-4169-87bb-86954531b441.webp	Team activity feed log
web/views/clickup-web-views-workload-41e2b803-107e-44ad-95bf-63c11f49a411.webp	web/reports/clickup-web-reports-workload-41e2b803-107e-44ad-95bf-63c11f49a411.webp	Team Workload gantt-style report
web/views/clickup-web-views-workload-74eb504f-0704-42bb-8960-be44df787a22.webp	web/settings/clickup-web-settings-workload-74eb504f-0704-42bb-8960-be44df787a22.webp	Settings AI Usage credits page
web/views/clickup-web-views-workload-7db81793-687b-44e3-9eb0-102ec1a53443.webp	web/time-tracking/clickup-web-time-tracking-workload-7db81793-687b-44e3-9eb0-102ec1a53443.webp	Team Timesheet capacity Settings
web/views/clickup-web-views-workload-a9e061e2-07f3-4a80-a367-d4502cb0ea51.webp	web/dashboards/clickup-web-dashboards-workload-a9e061e2-07f3-4a80-a367-d4502cb0ea51.webp	Dashboard with Schedule-report dropdown
web/views/clickup-web-views-workload-edc40539-bc04-427d-a8c2-a187644ea747.webp	web/time-tracking/clickup-web-time-tracking-workload-edc40539-bc04-427d-a8c2-a187644ea747.webp	Pending timesheet Request-changes/Approve detail
web/misc/clickup-web-misc-dark-mode-3726b58c-b9fa-422a-9dc3-77618c3df84c.webp	web/settings/clickup-web-settings-dark-mode-3726b58c-b9fa-422a-9dc3-77618c3df84c.webp	Reclassified by content
web/misc/clickup-web-misc-dark-mode-4a1e7597-03a3-473c-8cd8-011e6b5de0e6.webp	web/views/clickup-web-views-dark-mode-4a1e7597-03a3-473c-8cd8-011e6b5de0e6.webp	Reclassified by content
web/misc/clickup-web-misc-dark-mode-6e871dc7-dfa2-4280-a0e6-8b385e480610.webp	web/settings/clickup-web-settings-dark-mode-6e871dc7-dfa2-4280-a0e6-8b385e480610.webp	Reclassified by content
web/misc/clickup-web-misc-dark-mode-8541ac97-b6cb-44e5-885e-a862b6fe21ca.webp	web/whiteboard/clickup-web-whiteboard-dark-mode-8541ac97-b6cb-44e5-885e-a862b6fe21ca.webp	Reclassified by content
web/misc/clickup-web-misc-dark-mode-a60ad1d7-6682-428b-a295-d4cfa41d7ee9.webp	web/extra/clickup-web-extra-dark-mode-a60ad1d7-6682-428b-a295-d4cfa41d7ee9.webp	Reclassified by content
web/misc/clickup-web-misc-dark-mode-af2721ba-840a-45de-8dbb-bc9df4c34b35.webp	web/navigation/clickup-web-navigation-dark-mode-af2721ba-840a-45de-8dbb-bc9df4c34b35.webp	Reclassified by content
web/misc/clickup-web-misc-dark-mode-b2f76e87-7830-4605-941f-7347c61eb019.webp	web/settings/clickup-web-settings-dark-mode-b2f76e87-7830-4605-941f-7347c61eb019.webp	Reclassified by content
web/misc/clickup-web-misc-dark-mode-bc203759-ec24-40af-a4d5-4f35dc807016.webp	web/whiteboard/clickup-web-whiteboard-dark-mode-bc203759-ec24-40af-a4d5-4f35dc807016.webp	Reclassified by content
web/misc/clickup-web-misc-dark-mode-cf540316-4db7-4d12-a263-47b3728882ca.webp	web/whiteboard/clickup-web-whiteboard-dark-mode-cf540316-4db7-4d12-a263-47b3728882ca.webp	Reclassified by content
web/misc/clickup-web-misc-dark-mode-d8db5522-9527-4c1e-9caa-92aba2f35da4.webp	web/views/clickup-web-views-dark-mode-d8db5522-9527-4c1e-9caa-92aba2f35da4.webp	Reclassified by content
web/misc/clickup-web-misc-feedback-71a033be-3ec2-46a0-92a7-0d6b9724091f.webp	web/forms/clickup-web-forms-feedback-71a033be-3ec2-46a0-92a7-0d6b9724091f.webp	Reclassified by content
web/misc/clickup-web-misc-feedback-c7eab8af-0ba9-41e8-b9ff-edb42f76f730.webp	web/forms/clickup-web-forms-feedback-c7eab8af-0ba9-41e8-b9ff-edb42f76f730.webp	Reclassified by content
web/misc/clickup-web-misc-feedback-c8931775-29e6-4974-9ecf-bbb9e4f44588.webp	web/forms/clickup-web-forms-feedback-c8931775-29e6-4974-9ecf-bbb9e4f44588.webp	Reclassified by content
web/misc/clickup-web-misc-feedback-d6356f57-678a-4211-85df-4db6430c3a2b.webp	web/forms/clickup-web-forms-feedback-d6356f57-678a-4211-85df-4db6430c3a2b.webp	Reclassified by content
web/misc/clickup-web-misc-feedback-d8e7a9e2-b4ae-4a4f-922a-e11af9b9742f.webp	web/forms/clickup-web-forms-feedback-d8e7a9e2-b4ae-4a4f-922a-e11af9b9742f.webp	Reclassified by content
web/misc/clickup-web-misc-feedback-dd788b40-3426-4280-8a75-8a4cd15450c4.webp	web/forms/clickup-web-forms-feedback-dd788b40-3426-4280-8a75-8a4cd15450c4.webp	Reclassified by content
web/misc/clickup-web-misc-feedback-f0afa344-7e90-465e-9ab1-52d441b84129.webp	web/forms/clickup-web-forms-feedback-f0afa344-7e90-465e-9ab1-52d441b84129.webp	Reclassified by content
web/misc/clickup-web-misc-sweep-01-132dc714-53b4-4600-8815-7ffa36c1c1d2.webp	web/views/clickup-web-views-sweep-01-132dc714-53b4-4600-8815-7ffa36c1c1d2.webp	Reclassified by content
web/misc/clickup-web-misc-sweep-01-1e5b6f93-1dae-491d-ad87-b8f53b4a117e.webp	web/collaboration/clickup-web-collaboration-sweep-01-1e5b6f93-1dae-491d-ad87-b8f53b4a117e.webp	Reclassified by content
web/misc/clickup-web-misc-sweep-01-2459fd07-d7be-44d7-a2c8-8a35223bc4de.webp	web/tasks/clickup-web-tasks-sweep-01-2459fd07-d7be-44d7-a2c8-8a35223bc4de.webp	Reclassified by content
web/misc/clickup-web-misc-sweep-01-2688b7ca-3f6c-4177-a229-d52d1c12c389.webp	web/tasks/clickup-web-tasks-sweep-01-2688b7ca-3f6c-4177-a229-d52d1c12c389.webp	Reclassified by content
web/misc/clickup-web-misc-sweep-01-27113b60-6baf-4b1e-bd2c-3deebad34c58.webp	web/tasks/clickup-web-tasks-sweep-01-27113b60-6baf-4b1e-bd2c-3deebad34c58.webp	Reclassified by content
web/misc/clickup-web-misc-sweep-01-361c70d2-3a41-4211-8c53-09751a20a847.webp	web/dashboards/clickup-web-dashboards-sweep-01-361c70d2-3a41-4211-8c53-09751a20a847.webp	Reclassified by content
web/misc/clickup-web-misc-sweep-01-3f70fd1b-8346-4eee-94d9-32710d5a109b.webp	web/tasks/clickup-web-tasks-sweep-01-3f70fd1b-8346-4eee-94d9-32710d5a109b.webp	Reclassified by content
web/misc/clickup-web-misc-sweep-01-4a1e7597-03a3-473c-8cd8-011e6b5de0e6.webp	web/views/clickup-web-views-sweep-01-4a1e7597-03a3-473c-8cd8-011e6b5de0e6.webp	Reclassified by content
web/misc/clickup-web-misc-sweep-01-5823c4a4-8dc2-486c-adc4-a4dd0a383d24.webp	web/views/clickup-web-views-sweep-01-5823c4a4-8dc2-486c-adc4-a4dd0a383d24.webp	Reclassified by content
web/misc/clickup-web-misc-sweep-01-7ec1420c-57d6-4790-ad03-f23e95ce811e.webp	web/tasks/clickup-web-tasks-sweep-01-7ec1420c-57d6-4790-ad03-f23e95ce811e.webp	Reclassified by content
web/misc/clickup-web-misc-sweep-01-92ec59bc-1a30-4b2d-ab96-5ab6ef6cc292.webp	web/menus/clickup-web-menus-sweep-01-92ec59bc-1a30-4b2d-ab96-5ab6ef6cc292.webp	Reclassified by content
web/misc/clickup-web-misc-sweep-01-94480f0b-f404-4221-97f4-2030a7fddef5.webp	web/views/clickup-web-views-sweep-01-94480f0b-f404-4221-97f4-2030a7fddef5.webp	Reclassified by content
web/misc/clickup-web-misc-sweep-01-a032e768-e08b-442b-8b4b-16a67f6033c9.webp	web/database/clickup-web-database-sweep-01-a032e768-e08b-442b-8b4b-16a67f6033c9.webp	Reclassified by content
web/misc/clickup-web-misc-sweep-01-bb042db1-ee6c-4f44-8c0a-9af2f6bcf05a.webp	web/views/clickup-web-views-sweep-01-bb042db1-ee6c-4f44-8c0a-9af2f6bcf05a.webp	Reclassified by content
web/misc/clickup-web-misc-sweep-01-bb922357-d45f-48b4-8d47-0b77df7f5735.webp	web/database/clickup-web-database-sweep-01-bb922357-d45f-48b4-8d47-0b77df7f5735.webp	Reclassified by content
web/misc/clickup-web-misc-sweep-01-c49470e5-9283-4b46-bee6-81ad7074832e.webp	web/chat/clickup-web-chat-sweep-01-c49470e5-9283-4b46-bee6-81ad7074832e.webp	Reclassified by content
web/misc/clickup-web-misc-sweep-01-cb9d3f68-0824-457e-b951-cb42b20fdf7b.webp	web/tasks/clickup-web-tasks-sweep-01-cb9d3f68-0824-457e-b951-cb42b20fdf7b.webp	Reclassified by content
web/misc/clickup-web-misc-sweep-01-cbbf234a-9399-4b50-802b-5759f60efeae.webp	web/views/clickup-web-views-sweep-01-cbbf234a-9399-4b50-802b-5759f60efeae.webp	Reclassified by content
web/misc/clickup-web-misc-sweep-01-dad96764-4132-4ba1-a165-2a17eb1cef18.webp	web/views/clickup-web-views-sweep-01-dad96764-4132-4ba1-a165-2a17eb1cef18.webp	Reclassified by content
web/misc/clickup-web-misc-sweep-01-e37f9235-7899-474c-a6de-02f68f982ecf.webp	web/dashboards/clickup-web-dashboards-sweep-01-e37f9235-7899-474c-a6de-02f68f982ecf.webp	Reclassified by content
web/misc/clickup-web-misc-sweep-01-e92c7fd3-b76a-4be7-a17f-ed3a6e29646b.webp	web/views/clickup-web-views-sweep-01-e92c7fd3-b76a-4be7-a17f-ed3a6e29646b.webp	Reclassified by content
web/misc/clickup-web-misc-sweep-01-f52fd5ea-dd82-41f1-830e-8f48dc6a4f53.webp	web/tasks/clickup-web-tasks-sweep-01-f52fd5ea-dd82-41f1-830e-8f48dc6a4f53.webp	Reclassified by content
web/misc/clickup-web-misc-sweep-01-fdca2aa1-77b1-4975-bc13-7cbe41227480.webp	web/tasks/clickup-web-tasks-sweep-01-fdca2aa1-77b1-4975-bc13-7cbe41227480.webp	Reclassified by content
web/misc/clickup-web-misc-sweep-03-038e249a-9df1-4c83-8f01-2f6abc479fac.webp	web/tasks/clickup-web-tasks-sweep-03-038e249a-9df1-4c83-8f01-2f6abc479fac.webp	Reclassified by content
web/misc/clickup-web-misc-sweep-03-0dd5afa1-323c-443d-9156-381875f8374d.webp	web/views/clickup-web-views-sweep-03-0dd5afa1-323c-443d-9156-381875f8374d.webp	Reclassified by content
web/misc/clickup-web-misc-sweep-03-0fb49c55-6dcf-4245-bbf9-fbcc3eb5b006.webp	web/views/clickup-web-views-sweep-03-0fb49c55-6dcf-4245-bbf9-fbcc3eb5b006.webp	Reclassified by content
web/misc/clickup-web-misc-sweep-03-3da0d960-d8ff-4a14-b23c-a6d9049c9842.webp	web/views/clickup-web-views-sweep-03-3da0d960-d8ff-4a14-b23c-a6d9049c9842.webp	Reclassified by content
web/misc/clickup-web-misc-sweep-03-45a896e2-e2ad-4b01-bd1e-3412d325bea2.webp	web/tasks/clickup-web-tasks-sweep-03-45a896e2-e2ad-4b01-bd1e-3412d325bea2.webp	Reclassified by content
web/misc/clickup-web-misc-sweep-03-51ef8c0b-9150-40d5-ab8e-3765d126cf69.webp	web/tasks/clickup-web-tasks-sweep-03-51ef8c0b-9150-40d5-ab8e-3765d126cf69.webp	Reclassified by content
web/misc/clickup-web-misc-sweep-03-7ceffea0-7489-4926-b5c1-99e411343af0.webp	web/ai/clickup-web-ai-sweep-03-7ceffea0-7489-4926-b5c1-99e411343af0.webp	Reclassified by content
web/misc/clickup-web-misc-sweep-03-8f5b9453-de4b-45f9-8edb-bccafeea2dc0.webp	web/tasks/clickup-web-tasks-sweep-03-8f5b9453-de4b-45f9-8edb-bccafeea2dc0.webp	Reclassified by content
web/misc/clickup-web-misc-sweep-03-9d99609d-80a9-406b-a474-9705cf7bf1da.webp	web/tasks/clickup-web-tasks-sweep-03-9d99609d-80a9-406b-a474-9705cf7bf1da.webp	Reclassified by content
web/misc/clickup-web-misc-sweep-03-c568fda0-5486-4c3a-af65-95ce55646174.webp	web/tasks/clickup-web-tasks-sweep-03-c568fda0-5486-4c3a-af65-95ce55646174.webp	Reclassified by content
web/misc/clickup-web-misc-sweep-03-ca307740-b31b-45b3-aa3b-19881a968a5b.webp	web/tasks/clickup-web-tasks-sweep-03-ca307740-b31b-45b3-aa3b-19881a968a5b.webp	Reclassified by content
web/misc/clickup-web-misc-sweep-03-de77b8ae-65ae-44eb-a6d6-8124f81bde91.webp	web/ai/clickup-web-ai-sweep-03-de77b8ae-65ae-44eb-a6d6-8124f81bde91.webp	Reclassified by content
web/misc/clickup-web-misc-sweep-03-e254937b-3b28-4a32-9398-6fe2333a11e9.webp	web/views/clickup-web-views-sweep-03-e254937b-3b28-4a32-9398-6fe2333a11e9.webp	Reclassified by content
web/misc/clickup-web-misc-sweep-04-01285adf-8eb6-4a43-b4f4-b46656a3a662.webp	web/docs/clickup-web-docs-sweep-04-01285adf-8eb6-4a43-b4f4-b46656a3a662.webp	Reclassified by content
web/misc/clickup-web-misc-sweep-04-0e77d5cb-d187-4f1d-9473-5d695873ff31.webp	web/dashboards/clickup-web-dashboards-sweep-04-0e77d5cb-d187-4f1d-9473-5d695873ff31.webp	Reclassified by content
web/misc/clickup-web-misc-sweep-04-4d39ae68-be3b-41ff-8721-6b772c385a89.webp	web/ai/clickup-web-ai-sweep-04-4d39ae68-be3b-41ff-8721-6b772c385a89.webp	Reclassified by content
web/misc/clickup-web-misc-sweep-04-6eec32ac-5f1a-4c6e-a9d1-ca7aaaf486fd.webp	web/tasks/clickup-web-tasks-sweep-04-6eec32ac-5f1a-4c6e-a9d1-ca7aaaf486fd.webp	Reclassified by content
web/misc/clickup-web-misc-sweep-05-04fda0b9-d82a-453e-8f5a-846e7f13ecf9.webp	web/ai/clickup-web-ai-sweep-05-04fda0b9-d82a-453e-8f5a-846e7f13ecf9.webp	Reclassified by content
web/misc/clickup-web-misc-sweep-05-2497752f-71bd-4601-b4bf-2c3a5e56dee2.webp	web/views/clickup-web-views-sweep-05-2497752f-71bd-4601-b4bf-2c3a5e56dee2.webp	Reclassified by content
web/misc/clickup-web-misc-sweep-05-3a27221c-19ac-45f1-9f52-ad844afe7b5f.webp	web/navigation/clickup-web-navigation-sweep-05-3a27221c-19ac-45f1-9f52-ad844afe7b5f.webp	Reclassified by content
web/misc/clickup-web-misc-sweep-05-4a06754a-2a70-47b2-9792-081218245ec7.webp	web/tasks/clickup-web-tasks-sweep-05-4a06754a-2a70-47b2-9792-081218245ec7.webp	Reclassified by content
web/misc/clickup-web-misc-sweep-05-5d2daf30-0498-43bd-a7cb-4b894ddd8ac2.webp	web/views/clickup-web-views-sweep-05-5d2daf30-0498-43bd-a7cb-4b894ddd8ac2.webp	Reclassified by content
web/misc/clickup-web-misc-sweep-05-63e61970-c293-4d36-88b3-9552aa6be44c.webp	web/tasks/clickup-web-tasks-sweep-05-63e61970-c293-4d36-88b3-9552aa6be44c.webp	Reclassified by content
web/misc/clickup-web-misc-sweep-05-672206a5-e54e-4b98-b841-f8b0f69f9133.webp	web/docs/clickup-web-docs-sweep-05-672206a5-e54e-4b98-b841-f8b0f69f9133.webp	Reclassified by content
web/misc/clickup-web-misc-sweep-05-90232d7b-e759-4fb4-a541-c59cdde51556.webp	web/views/clickup-web-views-sweep-05-90232d7b-e759-4fb4-a541-c59cdde51556.webp	Reclassified by content
web/misc/clickup-web-misc-sweep-05-9b73ff03-9158-441d-9dd2-abfc0589f59f.webp	web/views/clickup-web-views-sweep-05-9b73ff03-9158-441d-9dd2-abfc0589f59f.webp	Reclassified by content
web/misc/clickup-web-misc-sweep-05-9ee1ca5d-9910-4176-9bc4-0aea2b0f37e7.webp	web/tasks/clickup-web-tasks-sweep-05-9ee1ca5d-9910-4176-9bc4-0aea2b0f37e7.webp	Reclassified by content
web/misc/clickup-web-misc-sweep-05-af2721ba-840a-45de-8dbb-bc9df4c34b35.webp	web/navigation/clickup-web-navigation-sweep-05-af2721ba-840a-45de-8dbb-bc9df4c34b35.webp	Reclassified by content
web/misc/clickup-web-misc-sweep-05-b55b0907-07e2-436a-99ea-b36b1d7cc1de.webp	web/reports/clickup-web-reports-sweep-05-b55b0907-07e2-436a-99ea-b36b1d7cc1de.webp	Reclassified by content
web/misc/clickup-web-misc-sweep-05-bc71328c-99d0-4bce-b5b8-440274d5feb6.webp	web/tasks/clickup-web-tasks-sweep-05-bc71328c-99d0-4bce-b5b8-440274d5feb6.webp	Reclassified by content
web/misc/clickup-web-misc-sweep-07-342d30e9-8082-4c31-8c3c-5bdd56e5023a.webp	web/views/clickup-web-views-sweep-07-342d30e9-8082-4c31-8c3c-5bdd56e5023a.webp	Reclassified by content
web/misc/clickup-web-misc-sweep-07-376f4740-77bc-4f4a-b955-a168d1fd25bf.webp	web/tasks/clickup-web-tasks-sweep-07-376f4740-77bc-4f4a-b955-a168d1fd25bf.webp	Reclassified by content
web/misc/clickup-web-misc-sweep-07-5c131ec2-b561-4d01-9d4e-42ef661cc48a.webp	web/ai/clickup-web-ai-sweep-07-5c131ec2-b561-4d01-9d4e-42ef661cc48a.webp	Reclassified by content
web/misc/clickup-web-misc-sweep-07-706ea792-d02e-48f9-8ded-ac107ad8d0d0.webp	web/ai/clickup-web-ai-sweep-07-706ea792-d02e-48f9-8ded-ac107ad8d0d0.webp	Reclassified by content
web/misc/clickup-web-misc-sweep-07-bb885231-830b-47f8-bc9f-6920ca4dc8e4.webp	web/views/clickup-web-views-sweep-07-bb885231-830b-47f8-bc9f-6920ca4dc8e4.webp	Reclassified by content
web/misc/clickup-web-misc-sweep-07-cd6286ce-f988-4a84-b5f7-9e129e2afab1.webp	web/tasks/clickup-web-tasks-sweep-07-cd6286ce-f988-4a84-b5f7-9e129e2afab1.webp	Reclassified by content
web/misc/clickup-web-misc-sweep-08-dd3cac62-be99-403d-9f68-dcb6e971f656.webp	web/tasks/clickup-web-tasks-sweep-08-dd3cac62-be99-403d-9f68-dcb6e971f656.webp	Reclassified by content
web/misc/clickup-web-misc-sweep-09-07168377-a072-4f39-bfd4-c88122ef312c.webp	web/forms/clickup-web-forms-sweep-09-07168377-a072-4f39-bfd4-c88122ef312c.webp	Reclassified by content
web/misc/clickup-web-misc-sweep-09-0b923a6b-69d2-4ec5-99d0-93b36c313585.webp	web/reports/clickup-web-reports-sweep-09-0b923a6b-69d2-4ec5-99d0-93b36c313585.webp	Reclassified by content
web/misc/clickup-web-misc-sweep-09-0cac19da-9b3a-457c-ab62-56ec3f9b1a09.webp	web/forms/clickup-web-forms-sweep-09-0cac19da-9b3a-457c-ab62-56ec3f9b1a09.webp	Reclassified by content
web/misc/clickup-web-misc-sweep-09-17b55b7b-17c5-46a4-8398-6955c4c684d4.webp	web/reports/clickup-web-reports-sweep-09-17b55b7b-17c5-46a4-8398-6955c4c684d4.webp	Reclassified by content
web/misc/clickup-web-misc-sweep-09-1ea5aadb-05ae-474e-b935-c4d0b19d5a40.webp	web/reports/clickup-web-reports-sweep-09-1ea5aadb-05ae-474e-b935-c4d0b19d5a40.webp	Reclassified by content
web/misc/clickup-web-misc-sweep-09-2626bbc6-4550-4841-9b14-118dcd4cbb5c.webp	web/reports/clickup-web-reports-sweep-09-2626bbc6-4550-4841-9b14-118dcd4cbb5c.webp	Reclassified by content
web/misc/clickup-web-misc-sweep-09-3b89830a-97db-4960-9cb0-9e9574699e0c.webp	web/forms/clickup-web-forms-sweep-09-3b89830a-97db-4960-9cb0-9e9574699e0c.webp	Reclassified by content
web/misc/clickup-web-misc-sweep-09-4d1f6b81-49a8-40d0-b765-47357e304807.webp	web/reports/clickup-web-reports-sweep-09-4d1f6b81-49a8-40d0-b765-47357e304807.webp	Reclassified by content
web/misc/clickup-web-misc-sweep-09-6df6733e-006d-4d85-a620-10c391d3348b.webp	web/collaboration/clickup-web-collaboration-sweep-09-6df6733e-006d-4d85-a620-10c391d3348b.webp	Reclassified by content
web/misc/clickup-web-misc-sweep-09-8d6b4426-598c-44bd-9792-d0f32bd88b02.webp	web/settings/clickup-web-settings-sweep-09-8d6b4426-598c-44bd-9792-d0f32bd88b02.webp	Reclassified by content
web/misc/clickup-web-misc-sweep-09-a65199a0-3e9b-40f6-b983-2a4f1da94115.webp	web/settings/clickup-web-settings-sweep-09-a65199a0-3e9b-40f6-b983-2a4f1da94115.webp	Reclassified by content
web/misc/clickup-web-misc-sweep-09-b096a075-68b5-450d-9f25-830857445eaf.webp	web/forms/clickup-web-forms-sweep-09-b096a075-68b5-450d-9f25-830857445eaf.webp	Reclassified by content
web/misc/clickup-web-misc-sweep-09-b31fa6a1-4ddd-49ba-8b8b-8a2ee9aecaab.webp	web/database/clickup-web-database-sweep-09-b31fa6a1-4ddd-49ba-8b8b-8a2ee9aecaab.webp	Reclassified by content
web/misc/clickup-web-misc-sweep-09-bc329f7c-c7f3-469f-94fb-5da76941f5a3.webp	web/settings/clickup-web-settings-sweep-09-bc329f7c-c7f3-469f-94fb-5da76941f5a3.webp	Reclassified by content
web/misc/clickup-web-misc-sweep-09-c523e9bc-0eca-41d1-96e3-f0af66f2db3f.webp	web/database/clickup-web-database-sweep-09-c523e9bc-0eca-41d1-96e3-f0af66f2db3f.webp	Reclassified by content
web/misc/clickup-web-misc-sweep-09-c7eab8af-0ba9-41e8-b9ff-edb42f76f730.webp	web/forms/clickup-web-forms-sweep-09-c7eab8af-0ba9-41e8-b9ff-edb42f76f730.webp	Reclassified by content
web/misc/clickup-web-misc-sweep-09-c8931775-29e6-4974-9ecf-bbb9e4f44588.webp	web/forms/clickup-web-forms-sweep-09-c8931775-29e6-4974-9ecf-bbb9e4f44588.webp	Reclassified by content
web/misc/clickup-web-misc-sweep-09-cd02ce19-11be-459a-9194-27bc4af4ed0a.webp	web/forms/clickup-web-forms-sweep-09-cd02ce19-11be-459a-9194-27bc4af4ed0a.webp	Reclassified by content
web/misc/clickup-web-misc-sweep-09-dd788b40-3426-4280-8a75-8a4cd15450c4.webp	web/forms/clickup-web-forms-sweep-09-dd788b40-3426-4280-8a75-8a4cd15450c4.webp	Reclassified by content
web/misc/clickup-web-misc-sweep-09-f0afa344-7e90-465e-9ab1-52d441b84129.webp	web/forms/clickup-web-forms-sweep-09-f0afa344-7e90-465e-9ab1-52d441b84129.webp	Reclassified by content
web/misc/clickup-web-misc-sweep-10-0300b854-a1ec-4809-811e-8872504e6d31.webp	web/dashboards/clickup-web-dashboards-sweep-10-0300b854-a1ec-4809-811e-8872504e6d31.webp	Reclassified by content
web/misc/clickup-web-misc-sweep-10-038e249a-9df1-4c83-8f01-2f6abc479fac.webp	web/tasks/clickup-web-tasks-sweep-10-038e249a-9df1-4c83-8f01-2f6abc479fac.webp	Reclassified by content
web/misc/clickup-web-misc-sweep-10-1397034f-d152-4960-93d8-50c1c08b3b63.webp	web/views/clickup-web-views-sweep-10-1397034f-d152-4960-93d8-50c1c08b3b63.webp	Reclassified by content
web/misc/clickup-web-misc-sweep-10-15526a57-5058-4a4c-ac7c-cc91dc10951b.webp	web/database/clickup-web-database-sweep-10-15526a57-5058-4a4c-ac7c-cc91dc10951b.webp	Reclassified by content
web/misc/clickup-web-misc-sweep-10-4652acbf-48cd-4d01-a776-85cb30e0dba6.webp	web/menus/clickup-web-menus-sweep-10-4652acbf-48cd-4d01-a776-85cb30e0dba6.webp	Reclassified by content
web/misc/clickup-web-misc-sweep-10-4a1e7597-03a3-473c-8cd8-011e6b5de0e6.webp	web/views/clickup-web-views-sweep-10-4a1e7597-03a3-473c-8cd8-011e6b5de0e6.webp	Reclassified by content
web/misc/clickup-web-misc-sweep-10-4d39ae68-be3b-41ff-8721-6b772c385a89.webp	web/ai/clickup-web-ai-sweep-10-4d39ae68-be3b-41ff-8721-6b772c385a89.webp	Reclassified by content
web/misc/clickup-web-misc-sweep-10-50dc1863-5b8f-4c19-b7b9-74bad9dc3a61.webp	web/dashboards/clickup-web-dashboards-sweep-10-50dc1863-5b8f-4c19-b7b9-74bad9dc3a61.webp	Reclassified by content
web/misc/clickup-web-misc-sweep-10-51ef8c0b-9150-40d5-ab8e-3765d126cf69.webp	web/tasks/clickup-web-tasks-sweep-10-51ef8c0b-9150-40d5-ab8e-3765d126cf69.webp	Reclassified by content
web/misc/clickup-web-misc-sweep-10-5823c4a4-8dc2-486c-adc4-a4dd0a383d24.webp	web/views/clickup-web-views-sweep-10-5823c4a4-8dc2-486c-adc4-a4dd0a383d24.webp	Reclassified by content
web/misc/clickup-web-misc-sweep-10-7587be5b-57f1-49c3-b571-58b7859abb59.webp	web/dashboards/clickup-web-dashboards-sweep-10-7587be5b-57f1-49c3-b571-58b7859abb59.webp	Reclassified by content
web/misc/clickup-web-misc-sweep-10-84d812e5-4fe7-47ce-a9e0-35918ad42f40.webp	web/dashboards/clickup-web-dashboards-sweep-10-84d812e5-4fe7-47ce-a9e0-35918ad42f40.webp	Reclassified by content
web/misc/clickup-web-misc-sweep-10-9d99609d-80a9-406b-a474-9705cf7bf1da.webp	web/tasks/clickup-web-tasks-sweep-10-9d99609d-80a9-406b-a474-9705cf7bf1da.webp	Reclassified by content
web/misc/clickup-web-misc-sweep-10-bb042db1-ee6c-4f44-8c0a-9af2f6bcf05a.webp	web/views/clickup-web-views-sweep-10-bb042db1-ee6c-4f44-8c0a-9af2f6bcf05a.webp	Reclassified by content
web/misc/clickup-web-misc-sweep-10-cae76cb0-c62f-48d7-8fd7-a269113f2345.webp	web/settings/clickup-web-settings-sweep-10-cae76cb0-c62f-48d7-8fd7-a269113f2345.webp	Reclassified by content
web/misc/clickup-web-misc-sweep-10-d50af4d8-6196-4e11-947e-f01c42d94d00.webp	web/views/clickup-web-views-sweep-10-d50af4d8-6196-4e11-947e-f01c42d94d00.webp	Reclassified by content
web/misc/clickup-web-misc-sweep-10-da62204a-3851-402e-b6e8-a27a153dbe4f.webp	web/settings/clickup-web-settings-sweep-10-da62204a-3851-402e-b6e8-a27a153dbe4f.webp	Reclassified by content
web/misc/clickup-web-misc-sweep-10-e254937b-3b28-4a32-9398-6fe2333a11e9.webp	web/views/clickup-web-views-sweep-10-e254937b-3b28-4a32-9398-6fe2333a11e9.webp	Reclassified by content
web/misc/clickup-web-misc-sweep-10-f52fd5ea-dd82-41f1-830e-8f48dc6a4f53.webp	web/tasks/clickup-web-tasks-sweep-10-f52fd5ea-dd82-41f1-830e-8f48dc6a4f53.webp	Reclassified by content
web/misc/clickup-web-misc-sweep-10-fdca2aa1-77b1-4975-bc13-7cbe41227480.webp	web/tasks/clickup-web-tasks-sweep-10-fdca2aa1-77b1-4975-bc13-7cbe41227480.webp	Reclassified by content
web/misc/clickup-web-misc-dark-mode-04550a9d-e935-40dc-984e-3970ed95d1c4.webp	web/settings/clickup-web-settings-dark-mode-04550a9d-e935-40dc-984e-3970ed95d1c4.webp	Customize theme panel, dark mode
web/misc/clickup-web-misc-dark-mode-3ee66cc7-40d4-4105-aa50-01cb66a1b71f.webp	web/settings/clickup-web-settings-dark-mode-3ee66cc7-40d4-4105-aa50-01cb66a1b71f.webp	My Settings profile page, dark mode
web/misc/clickup-web-misc-dark-mode-509b878a-5e1f-4ce6-a80f-cfe16b3b8a8b.webp	web/whiteboard/clickup-web-whiteboard-dark-mode-509b878a-5e1f-4ce6-a80f-cfe16b3b8a8b.webp	Image proofing/annotation canvas, dark mode
web/misc/clickup-web-misc-dark-mode-7cf93df1-94cf-4600-880f-da50c3f40afa.webp	web/settings/clickup-web-settings-dark-mode-7cf93df1-94cf-4600-880f-da50c3f40afa.webp	App Center integration "Thank you" feedback dialog
web/misc/clickup-web-misc-dark-mode-ae7a9277-b5fe-4c6c-a6e1-fe4a41da828f.webp	web/tasks/clickup-web-tasks-dark-mode-ae7a9277-b5fe-4c6c-a6e1-fe4a41da828f.webp	Task Dependencies modal (Blocked by/Blocks/Linked)
web/misc/clickup-web-misc-dark-mode-b5341bea-6020-439e-9041-0b2c6c3e0d84.webp	web/settings/clickup-web-settings-dark-mode-b5341bea-6020-439e-9041-0b2c6c3e0d84.webp	Customize theme panel, purple selected
web/misc/clickup-web-misc-feedback-07fb5a8e-471e-4964-8864-f82f907fa931.webp	web/forms/clickup-web-forms-feedback-07fb5a8e-471e-4964-8864-f82f907fa931.webp	Public Feedback Form page
web/misc/clickup-web-misc-feedback-0ff05fe5-e0b9-4d9c-aece-b547576de917.webp	web/settings/clickup-web-settings-feedback-0ff05fe5-e0b9-4d9c-aece-b547576de917.webp	App Center "Suggest an App" modal
web/misc/clickup-web-misc-feedback-27c5cac0-bf79-409f-8ad7-98dd7131235f.webp	web/forms/clickup-web-forms-feedback-27c5cac0-bf79-409f-8ad7-98dd7131235f.webp	Form builder Create-field panel
web/misc/clickup-web-misc-feedback-32c793ae-8406-4ba8-adfa-c7a79735ccd7.webp	web/forms/clickup-web-forms-feedback-32c793ae-8406-4ba8-adfa-c7a79735ccd7.webp	Form builder Create-field panel
web/misc/clickup-web-misc-feedback-40330864-8c42-452b-9a2d-afc82e224ce9.webp	web/onboarding/clickup-web-onboarding-feedback-40330864-8c42-452b-9a2d-afc82e224ce9.webp	Signup "How did you hear about us?" step
web/misc/clickup-web-misc-feedback-5bda21fa-f09c-42a9-ab67-9239788b57bc.webp	web/forms/clickup-web-forms-feedback-5bda21fa-f09c-42a9-ab67-9239788b57bc.webp	Form builder Create-field panel (emoji type)
web/misc/clickup-web-misc-feedback-796fc33f-f8e4-4c6d-a0d1-d70b64d69035.webp	web/forms/clickup-web-forms-feedback-796fc33f-f8e4-4c6d-a0d1-d70b64d69035.webp	Form Build tab, sharing settings dropdown
web/misc/clickup-web-misc-feedback-7cb425b0-b54f-41fb-9ab3-e143aeefca18.webp	web/forms/clickup-web-forms-feedback-7cb425b0-b54f-41fb-9ab3-e143aeefca18.webp	Form builder, "View saved" toast
web/misc/clickup-web-misc-feedback-7cf93df1-94cf-4600-880f-da50c3f40afa.webp	web/settings/clickup-web-settings-feedback-7cf93df1-94cf-4600-880f-da50c3f40afa.webp	App Center integration "Thank you" feedback dialog
web/misc/clickup-web-misc-feedback-95111e32-ad0d-40d1-9b96-fd488a60af0d.webp	web/forms/clickup-web-forms-feedback-95111e32-ad0d-40d1-9b96-fd488a60af0d.webp	Feedback Form, empty Location field
web/misc/clickup-web-misc-feedback-9b96c8c1-c57b-4bc7-a3b8-e81cd966956c.webp	web/forms/clickup-web-forms-feedback-9b96c8c1-c57b-4bc7-a3b8-e81cd966956c.webp	Form builder Create-field panel
web/misc/clickup-web-misc-feedback-a0748407-e902-4b6d-9093-d7a435f9bf20.webp	web/forms/clickup-web-forms-feedback-a0748407-e902-4b6d-9093-d7a435f9bf20.webp	Feedback Form, filled
web/misc/clickup-web-misc-feedback-a9920679-7945-47f3-9ef5-556cae3c1d64.webp	web/forms/clickup-web-forms-feedback-a9920679-7945-47f3-9ef5-556cae3c1d64.webp	Feedback Form, filled
web/misc/clickup-web-misc-feedback-abf66906-6404-4a25-a01c-5aeb2340c496.webp	web/forms/clickup-web-forms-feedback-abf66906-6404-4a25-a01c-5aeb2340c496.webp	Form Preview responses with ratings
web/misc/clickup-web-misc-feedback-b4f5af5e-3ffe-407b-8930-49ef43d3f159.webp	web/onboarding/clickup-web-onboarding-feedback-b4f5af5e-3ffe-407b-8930-49ef43d3f159.webp	Workspace-avatar customization step
web/misc/clickup-web-misc-feedback-b82f2973-470d-42fe-ba91-075e425170d6.webp	web/forms/clickup-web-forms-feedback-b82f2973-470d-42fe-ba91-075e425170d6.webp	Form builder Create-field panel
web/misc/clickup-web-misc-feedback-bf89c11f-4bf3-41a4-834d-c93342c88d07.webp	web/settings/clickup-web-settings-feedback-bf89c11f-4bf3-41a4-834d-c93342c88d07.webp	Workspace Settings (white label) with a feedback popup
web/misc/clickup-web-misc-feedback-d2a256d8-de56-4a54-9183-e36d3495470b.webp	web/forms/clickup-web-forms-feedback-d2a256d8-de56-4a54-9183-e36d3495470b.webp	Form builder Create-field panel (multiple field types)
web/misc/clickup-web-misc-feedback-d85d5d21-fc06-41e0-b116-4913510894d8.webp	web/forms/clickup-web-forms-feedback-d85d5d21-fc06-41e0-b116-4913510894d8.webp	Form Preview, filled
web/misc/clickup-web-misc-feedback-dfe8cc27-c50a-472b-8451-9c9ab5930b02.webp	web/settings/clickup-web-settings-feedback-dfe8cc27-c50a-472b-8451-9c9ab5930b02.webp	"Create a Space" color/avatar picker
web/misc/clickup-web-misc-feedback-e13c8b22-6a0e-47e8-b278-8d8d6575aab5.webp	web/forms/clickup-web-forms-feedback-e13c8b22-6a0e-47e8-b278-8d8d6575aab5.webp	Form Preview, 2 responses
web/misc/clickup-web-misc-feedback-e1e793ee-de84-4fb2-8065-1102c80eca72.webp	web/forms/clickup-web-forms-feedback-e1e793ee-de84-4fb2-8065-1102c80eca72.webp	Form builder Create-field panel
web/misc/clickup-web-misc-feedback-e4652f2d-268b-44f3-99c9-8d06d3176b4a.webp	web/forms/clickup-web-forms-feedback-e4652f2d-268b-44f3-99c9-8d06d3176b4a.webp	Form Preview, empty
web/misc/clickup-web-misc-feedback-ec790acb-3b76-40b1-9312-ebede0f42662.webp	web/tasks/clickup-web-tasks-feedback-ec790acb-3b76-40b1-9312-ebede0f42662.webp	List view with a tags panel
web/misc/clickup-web-misc-feedback-f4a2d5b9-dae7-4fc4-8f6d-f72d877b472f.webp	web/forms/clickup-web-forms-feedback-f4a2d5b9-dae7-4fc4-8f6d-f72d877b472f.webp	Form builder, required-field checkbox
web/misc/clickup-web-misc-sweep-01-3f46f9c3-9e5a-40da-b67b-23ff74643b37.webp	web/forms/clickup-web-forms-sweep-01-3f46f9c3-9e5a-40da-b67b-23ff74643b37.webp	Form builder Create-field panel (rating type)
web/misc/clickup-web-misc-sweep-01-5e65f2f8-de04-4b6a-a5c5-dddb990e878f.webp	web/tasks/clickup-web-tasks-sweep-01-5e65f2f8-de04-4b6a-a5c5-dddb990e878f.webp	List view with a tags panel
web/misc/clickup-web-misc-sweep-01-75509f0b-15fe-46a4-a061-ae6ca5223e39.webp	web/views/clickup-web-views-sweep-01-75509f0b-15fe-46a4-a061-ae6ca5223e39.webp	Rendered List view
web/misc/clickup-web-misc-sweep-01-946eb360-cb9d-486e-a666-5e02313f91db.webp	web/views/clickup-web-views-sweep-01-946eb360-cb9d-486e-a666-5e02313f91db.webp	Rendered List view (Board+List)
web/misc/clickup-web-misc-sweep-01-fc8a346b-6a8f-46c5-9f46-856389eec373.webp	web/views/clickup-web-views-sweep-01-fc8a346b-6a8f-46c5-9f46-856389eec373.webp	Rendered List view
web/misc/clickup-web-misc-sweep-03-023a568e-09cb-4a5b-99a1-9dd85a3765a3.webp	web/ai/clickup-web-ai-sweep-03-023a568e-09cb-4a5b-99a1-9dd85a3765a3.webp	Dashboard Revamp v2 with an Autopilot Agents panel
web/misc/clickup-web-misc-sweep-03-2ba964db-b10b-4557-a5d9-7cf937d5b60c.webp	web/tasks/clickup-web-tasks-sweep-03-2ba964db-b10b-4557-a5d9-7cf937d5b60c.webp	List view with a Create-type dropdown
web/misc/clickup-web-misc-sweep-03-55da0926-64ca-41c6-afa7-a2c02f00c541.webp	web/tasks/clickup-web-tasks-sweep-03-55da0926-64ca-41c6-afa7-a2c02f00c541.webp	Task detail panel (Design Epic type)
web/misc/clickup-web-misc-sweep-03-673b2055-a83c-40cb-8452-354fcb0f26d8.webp	web/tasks/clickup-web-tasks-sweep-03-673b2055-a83c-40cb-8452-354fcb0f26d8.webp	Task Dependencies modal, populated
web/misc/clickup-web-misc-sweep-04-26f9c20d-2e83-4021-a779-6633f8346f9e.webp	web/tasks/clickup-web-tasks-sweep-04-26f9c20d-2e83-4021-a779-6633f8346f9e.webp	Task detail panel (Design Epic type)
web/misc/clickup-web-misc-sweep-04-fdb0e49d-6448-4875-8dba-3277bbabfa88.webp	web/tasks/clickup-web-tasks-sweep-04-fdb0e49d-6448-4875-8dba-3277bbabfa88.webp	Task Dependencies modal, populated
web/misc/clickup-web-misc-sweep-05-0464978f-1b51-41d4-81a3-3c09084fd7a2.webp	web/ai/clickup-web-ai-sweep-05-0464978f-1b51-41d4-81a3-3c09084fd7a2.webp	ClickUp Brain chat home
web/misc/clickup-web-misc-sweep-05-0bcc080f-2f76-4279-bf71-2c7794c1003c.webp	web/tasks/clickup-web-tasks-sweep-05-0bcc080f-2f76-4279-bf71-2c7794c1003c.webp	Plain task detail panel
web/misc/clickup-web-misc-sweep-05-36758b9b-f6a3-4a8b-b4d2-91c373742924.webp	web/tasks/clickup-web-tasks-sweep-05-36758b9b-f6a3-4a8b-b4d2-91c373742924.webp	Task detail panel, blank description
web/misc/clickup-web-misc-sweep-05-4c32bb93-7436-4aa7-b59a-01a12f89bf20.webp	web/collaboration/clickup-web-collaboration-sweep-05-4c32bb93-7436-4aa7-b59a-01a12f89bf20.webp	Design Team members grid
web/misc/clickup-web-misc-sweep-05-9aeb98eb-473c-4ce9-bdcc-90bd9fc36ae5.webp	web/chat/clickup-web-chat-sweep-05-9aeb98eb-473c-4ce9-bdcc-90bd9fc36ae5.webp	Chat channel with Alex's Thread
web/misc/clickup-web-misc-sweep-05-c9462bdf-c377-49fc-9753-adc12d8422c7.webp	web/navigation/clickup-web-navigation-sweep-05-c9462bdf-c377-49fc-9753-adc12d8422c7.webp	My Tasks home with a "Create Section" sidebar modal
web/misc/clickup-web-misc-sweep-05-ced681aa-8474-496f-9ab0-924ee52a00ee.webp	web/navigation/clickup-web-navigation-sweep-05-ced681aa-8474-496f-9ab0-924ee52a00ee.webp	"Customize" Home sidebar panel
web/misc/clickup-web-misc-sweep-05-f75a39f4-18b8-4991-996e-2dfa83a91ef2.webp	web/views/clickup-web-views-sweep-05-f75a39f4-18b8-4991-996e-2dfa83a91ef2.webp	Planner Calendar week view
web/misc/clickup-web-misc-sweep-07-3eb96756-2511-46c7-a7c6-3270de557853.webp	web/tasks/clickup-web-tasks-sweep-07-3eb96756-2511-46c7-a7c6-3270de557853.webp	List view with an inline tag add
web/misc/clickup-web-misc-sweep-07-691752ba-6eaa-40d6-a2c8-86cf1e4794fd.webp	web/views/clickup-web-views-sweep-07-691752ba-6eaa-40d6-a2c8-86cf1e4794fd.webp	List view, "Linked 1 task" toast
web/misc/clickup-web-misc-sweep-07-c1d9ba2a-a416-451a-8ecc-33fc39e7d609.webp	web/tasks/clickup-web-tasks-sweep-07-c1d9ba2a-a416-451a-8ecc-33fc39e7d609.webp	List view with a Create-type dropdown
web/misc/clickup-web-misc-sweep-07-e369dc1a-8bdb-4748-852e-ce996f2474b5.webp	web/tasks/clickup-web-tasks-sweep-07-e369dc1a-8bdb-4748-852e-ce996f2474b5.webp	Task detail panel, tag saved
web/misc/clickup-web-misc-sweep-08-47b397d1-5da3-4613-b44c-5db438e69f7e.webp	web/tasks/clickup-web-tasks-sweep-08-47b397d1-5da3-4613-b44c-5db438e69f7e.webp	Task detail, cover-image reposition
web/misc/clickup-web-misc-sweep-08-d04cea9a-d1ea-4dd2-9a37-98bfd3a128ad.webp	web/collaboration/clickup-web-collaboration-sweep-08-d04cea9a-d1ea-4dd2-9a37-98bfd3a128ad.webp	Team Priorities board (per-member task lists)
web/misc/clickup-web-misc-sweep-08-e25ba316-f412-43be-afc2-964c9eb1adce.webp	web/tasks/clickup-web-tasks-sweep-08-e25ba316-f412-43be-afc2-964c9eb1adce.webp	Task detail "shared to web" banner with Activity panel
web/misc/clickup-web-misc-sweep-09-127f92fb-ef2f-4827-8cc8-11c832c052fc.webp	web/forms/clickup-web-forms-sweep-09-127f92fb-ef2f-4827-8cc8-11c832c052fc.webp	Form builder Create-field panel (Long text)
web/misc/clickup-web-misc-sweep-09-27c5cac0-bf79-409f-8ad7-98dd7131235f.webp	web/forms/clickup-web-forms-sweep-09-27c5cac0-bf79-409f-8ad7-98dd7131235f.webp	Form builder Create-field panel
web/misc/clickup-web-misc-sweep-09-310766cc-f0c1-4076-934e-83fcb2575a2a.webp	web/onboarding/clickup-web-onboarding-sweep-09-310766cc-f0c1-4076-934e-83fcb2575a2a.webp	Workspace naming onboarding step
web/misc/clickup-web-misc-sweep-09-32ea6a08-5b08-4f9c-965a-b8870ecc607a.webp	web/forms/clickup-web-forms-sweep-09-32ea6a08-5b08-4f9c-965a-b8870ecc607a.webp	Form builder question-type picker
web/misc/clickup-web-misc-sweep-09-452f4874-2158-47f1-b923-7ccaa17b2369.webp	web/ai/clickup-web-ai-sweep-09-452f4874-2158-47f1-b923-7ccaa17b2369.webp	"New Prompt" save dialog (ClickUp Brain)
web/misc/clickup-web-misc-sweep-09-5bda21fa-f09c-42a9-ab67-9239788b57bc.webp	web/forms/clickup-web-forms-sweep-09-5bda21fa-f09c-42a9-ab67-9239788b57bc.webp	Form builder Create-field panel (emoji type)
web/misc/clickup-web-misc-sweep-09-7cb425b0-b54f-41fb-9ab3-e143aeefca18.webp	web/forms/clickup-web-forms-sweep-09-7cb425b0-b54f-41fb-9ab3-e143aeefca18.webp	Form builder, "View saved" toast
web/misc/clickup-web-misc-sweep-09-9b96c8c1-c57b-4bc7-a3b8-e81cd966956c.webp	web/forms/clickup-web-forms-sweep-09-9b96c8c1-c57b-4bc7-a3b8-e81cd966956c.webp	Form builder Create-field panel
web/misc/clickup-web-misc-sweep-09-abf66906-6404-4a25-a01c-5aeb2340c496.webp	web/forms/clickup-web-forms-sweep-09-abf66906-6404-4a25-a01c-5aeb2340c496.webp	Form Preview responses with ratings
web/misc/clickup-web-misc-sweep-09-b82f2973-470d-42fe-ba91-075e425170d6.webp	web/forms/clickup-web-forms-sweep-09-b82f2973-470d-42fe-ba91-075e425170d6.webp	Form builder Create-field panel
web/misc/clickup-web-misc-sweep-09-d2a256d8-de56-4a54-9183-e36d3495470b.webp	web/forms/clickup-web-forms-sweep-09-d2a256d8-de56-4a54-9183-e36d3495470b.webp	Form builder Create-field panel (multiple field types)
web/misc/clickup-web-misc-sweep-09-d85d5d21-fc06-41e0-b116-4913510894d8.webp	web/forms/clickup-web-forms-sweep-09-d85d5d21-fc06-41e0-b116-4913510894d8.webp	Form Preview, filled
web/misc/clickup-web-misc-sweep-09-e1e793ee-de84-4fb2-8065-1102c80eca72.webp	web/forms/clickup-web-forms-sweep-09-e1e793ee-de84-4fb2-8065-1102c80eca72.webp	Form builder Create-field panel
web/misc/clickup-web-misc-sweep-09-e386a6c1-59ab-44cf-bada-3c6009756169.webp	web/forms/clickup-web-forms-sweep-09-e386a6c1-59ab-44cf-bada-3c6009756169.webp	Form Build tab, sharing settings dropdown
web/misc/clickup-web-misc-sweep-09-e4652f2d-268b-44f3-99c9-8d06d3176b4a.webp	web/forms/clickup-web-forms-sweep-09-e4652f2d-268b-44f3-99c9-8d06d3176b4a.webp	Form Preview, empty
web/misc/clickup-web-misc-sweep-09-ec790acb-3b76-40b1-9312-ebede0f42662.webp	web/tasks/clickup-web-tasks-sweep-09-ec790acb-3b76-40b1-9312-ebede0f42662.webp	List view with a tags panel
web/misc/clickup-web-misc-sweep-09-f311a25f-5f8b-4b0c-a05b-416d822ed017.webp	web/tasks/clickup-web-tasks-sweep-09-f311a25f-5f8b-4b0c-a05b-416d822ed017.webp	Task description Version History panel
web/misc/clickup-web-misc-sweep-09-f4a2d5b9-dae7-4fc4-8f6d-f72d877b472f.webp	web/forms/clickup-web-forms-sweep-09-f4a2d5b9-dae7-4fc4-8f6d-f72d877b472f.webp	Form builder, required-field checkbox
web/misc/clickup-web-misc-sweep-10-023a568e-09cb-4a5b-99a1-9dd85a3765a3.webp	web/ai/clickup-web-ai-sweep-10-023a568e-09cb-4a5b-99a1-9dd85a3765a3.webp	Dashboard Revamp v2 with an Autopilot Agents panel
web/misc/clickup-web-misc-sweep-10-2ba964db-b10b-4557-a5d9-7cf937d5b60c.webp	web/tasks/clickup-web-tasks-sweep-10-2ba964db-b10b-4557-a5d9-7cf937d5b60c.webp	List view with a Create-type dropdown
web/misc/clickup-web-misc-sweep-10-75509f0b-15fe-46a4-a061-ae6ca5223e39.webp	web/views/clickup-web-views-sweep-10-75509f0b-15fe-46a4-a061-ae6ca5223e39.webp	Rendered List view
web/misc/clickup-web-misc-sweep-10-9f277e5b-d5ac-481c-9077-ddbd073d22f3.webp	web/tasks/clickup-web-tasks-sweep-10-9f277e5b-d5ac-481c-9077-ddbd073d22f3.webp	Task description Version History panel
web/misc/clickup-web-misc-sweep-10-ae7a9277-b5fe-4c6c-a6e1-fe4a41da828f.webp	web/tasks/clickup-web-tasks-sweep-10-ae7a9277-b5fe-4c6c-a6e1-fe4a41da828f.webp	Task Dependencies modal (Blocked by/Blocks/Linked)
web/editors/clickup-web-editors-clip-recording-018f86ba-9a40-4d0a-8a7a-81ee57b3941d.webp	web/extra/clickup-web-extra-clip-recording-018f86ba-9a40-4d0a-8a7a-81ee57b3941d.webp	reclassified by content: clip-recording screen -> extra
web/editors/clickup-web-editors-clip-recording-07424901-5870-49c2-bb9e-4d351f7baefc.webp	web/extra/clickup-web-extra-clip-recording-07424901-5870-49c2-bb9e-4d351f7baefc.webp	reclassified by content: clip-recording screen -> extra
web/editors/clickup-web-editors-clip-recording-08a507a8-ddc8-42e4-a34b-5c3caec6a0be.webp	web/extra/clickup-web-extra-clip-recording-08a507a8-ddc8-42e4-a34b-5c3caec6a0be.webp	reclassified by content: clip-recording screen -> extra
web/editors/clickup-web-editors-clip-recording-26743fe2-0014-4310-9123-19d4c8db9bcc.webp	web/chat/clickup-web-chat-clip-recording-26743fe2-0014-4310-9123-19d4c8db9bcc.webp	reclassified by content: clip-recording screen -> chat
web/editors/clickup-web-editors-clip-recording-271ea1c5-6c26-4a93-ae37-fe431051b35c.webp	web/chat/clickup-web-chat-clip-recording-271ea1c5-6c26-4a93-ae37-fe431051b35c.webp	reclassified by content: clip-recording screen -> chat
web/editors/clickup-web-editors-clip-recording-305171ca-3ad1-4991-8446-c550be1e1127.webp	web/extra/clickup-web-extra-clip-recording-305171ca-3ad1-4991-8446-c550be1e1127.webp	reclassified by content: clip-recording screen -> extra
web/editors/clickup-web-editors-clip-recording-327d34ff-9780-4f07-a309-2c239f367e6d.webp	web/extra/clickup-web-extra-clip-recording-327d34ff-9780-4f07-a309-2c239f367e6d.webp	reclassified by content: clip-recording screen -> extra
web/editors/clickup-web-editors-clip-recording-4bb67a17-74da-443f-bbe5-eaeec3de5cd5.webp	web/extra/clickup-web-extra-clip-recording-4bb67a17-74da-443f-bbe5-eaeec3de5cd5.webp	reclassified by content: clip-recording screen -> extra
web/editors/clickup-web-editors-clip-recording-6b6e90a4-85da-4600-93bb-aecbba67188c.webp	web/onboarding/clickup-web-onboarding-clip-recording-6b6e90a4-85da-4600-93bb-aecbba67188c.webp	reclassified by content: clip-recording screen -> onboarding
web/editors/clickup-web-editors-clip-recording-70d5a880-5a14-41fc-8e1d-793a90981e12.webp	web/ai/clickup-web-ai-clip-recording-70d5a880-5a14-41fc-8e1d-793a90981e12.webp	reclassified by content: clip-recording screen -> ai
web/editors/clickup-web-editors-clip-recording-72a27ca9-f17d-40e6-9b9d-86a7e7b3b751.webp	web/extra/clickup-web-extra-clip-recording-72a27ca9-f17d-40e6-9b9d-86a7e7b3b751.webp	reclassified by content: clip-recording screen -> extra
web/editors/clickup-web-editors-clip-recording-7b75331e-872b-4d19-b099-e9ffd8c63e62.webp	web/chat/clickup-web-chat-clip-recording-7b75331e-872b-4d19-b099-e9ffd8c63e62.webp	reclassified by content: clip-recording screen -> chat
web/editors/clickup-web-editors-clip-recording-7d4c9da7-fee9-41f2-8542-d2e96dab5e5e.webp	web/ai/clickup-web-ai-clip-recording-7d4c9da7-fee9-41f2-8542-d2e96dab5e5e.webp	reclassified by content: clip-recording screen -> ai
web/editors/clickup-web-editors-clip-recording-7f160ef3-73b2-4f56-95c2-da2c5122f0af.webp	web/extra/clickup-web-extra-clip-recording-7f160ef3-73b2-4f56-95c2-da2c5122f0af.webp	reclassified by content: clip-recording screen -> extra
web/editors/clickup-web-editors-clip-recording-8843c475-37c3-473c-94a9-7fe773f98e67.webp	web/onboarding/clickup-web-onboarding-clip-recording-8843c475-37c3-473c-94a9-7fe773f98e67.webp	reclassified by content: clip-recording screen -> onboarding
web/editors/clickup-web-editors-clip-recording-a006e602-e4de-41e9-9ad1-238636633edf.webp	web/extra/clickup-web-extra-clip-recording-a006e602-e4de-41e9-9ad1-238636633edf.webp	reclassified by content: clip-recording screen -> extra
web/editors/clickup-web-editors-clip-recording-a60ad1d7-6682-428b-a295-d4cfa41d7ee9.webp	web/extra/clickup-web-extra-clip-recording-a60ad1d7-6682-428b-a295-d4cfa41d7ee9.webp	reclassified by content: clip-recording screen -> extra
web/editors/clickup-web-editors-clip-recording-bd3d21a9-6275-4865-957b-47af724b5c82.webp	web/extra/clickup-web-extra-clip-recording-bd3d21a9-6275-4865-957b-47af724b5c82.webp	reclassified by content: clip-recording screen -> extra
web/editors/clickup-web-editors-clip-recording-c411bc60-41a8-4309-8c2b-225315b78c01.webp	web/chat/clickup-web-chat-clip-recording-c411bc60-41a8-4309-8c2b-225315b78c01.webp	reclassified by content: clip-recording screen -> chat
web/editors/clickup-web-editors-clip-recording-ccfeaa37-a23f-4cda-9fa3-c4a709fffc83.webp	web/extra/clickup-web-extra-clip-recording-ccfeaa37-a23f-4cda-9fa3-c4a709fffc83.webp	reclassified by content: clip-recording screen -> extra
web/editors/clickup-web-editors-clip-recording-ddf89454-4f29-48cf-be60-52f797af9d3a.webp	web/extra/clickup-web-extra-clip-recording-ddf89454-4f29-48cf-be60-52f797af9d3a.webp	reclassified by content: clip-recording screen -> extra
web/editors/clickup-web-editors-clip-recording-eb7cd901-2f87-40f4-9133-a70200b8648b.webp	web/chat/clickup-web-chat-clip-recording-eb7cd901-2f87-40f4-9133-a70200b8648b.webp	reclassified by content: clip-recording screen -> chat
web/editors/clickup-web-editors-clip-recording-f4461f89-3357-4897-a5f7-a2e92738d49c.webp	web/extra/clickup-web-extra-clip-recording-f4461f89-3357-4897-a5f7-a2e92738d49c.webp	reclassified by content: clip-recording screen -> extra
web/editors/clickup-web-editors-clip-recording-f8ac4303-5069-4a3c-86d8-8355f7f688aa.webp	web/docs/clickup-web-docs-clip-recording-f8ac4303-5069-4a3c-86d8-8355f7f688aa.webp	reclassified by content: clip-recording screen -> docs
web/editors/clickup-web-editors-clip-recording-fbde25a1-43dc-4baa-acb3-a3e3ad9b9985.webp	web/onboarding/clickup-web-onboarding-clip-recording-fbde25a1-43dc-4baa-acb3-a3e3ad9b9985.webp	reclassified by content: clip-recording screen -> onboarding
web/editors/clickup-web-editors-doc-pages-065e6aba-8d4c-465a-aa0f-91f4e97b0a9f.webp	web/ai/clickup-web-ai-doc-pages-065e6aba-8d4c-465a-aa0f-91f4e97b0a9f.webp	reclassified by content: doc-pages screen -> ai
web/editors/clickup-web-editors-doc-pages-1b6cb75c-06e8-4e58-ab6c-86449ba8e40f.webp	web/docs/clickup-web-docs-doc-pages-1b6cb75c-06e8-4e58-ab6c-86449ba8e40f.webp	reclassified by content: doc-pages screen -> docs
web/editors/clickup-web-editors-doc-pages-20dab9ba-6c59-4ca4-9cc7-8b7b528796f4.webp	web/ai/clickup-web-ai-doc-pages-20dab9ba-6c59-4ca4-9cc7-8b7b528796f4.webp	reclassified by content: doc-pages screen -> ai
web/editors/clickup-web-editors-doc-pages-2d3fa052-a772-4751-b078-b776a6d33c5f.webp	web/docs/clickup-web-docs-doc-pages-2d3fa052-a772-4751-b078-b776a6d33c5f.webp	reclassified by content: doc-pages screen -> docs
web/editors/clickup-web-editors-doc-pages-361c70d2-3a41-4211-8c53-09751a20a847.webp	web/dashboards/clickup-web-dashboards-doc-pages-361c70d2-3a41-4211-8c53-09751a20a847.webp	reclassified by content: doc-pages screen -> dashboards
web/editors/clickup-web-editors-doc-pages-3f70fd1b-8346-4eee-94d9-32710d5a109b.webp	web/tasks/clickup-web-tasks-doc-pages-3f70fd1b-8346-4eee-94d9-32710d5a109b.webp	reclassified by content: doc-pages screen -> tasks
web/editors/clickup-web-editors-doc-pages-467656d2-22e1-4c44-ae96-3b105267804a.webp	web/docs/clickup-web-docs-doc-pages-467656d2-22e1-4c44-ae96-3b105267804a.webp	reclassified by content: doc-pages screen -> docs
web/editors/clickup-web-editors-doc-pages-55ed7800-b303-40c5-83bc-041e4c2e972d.webp	web/docs/clickup-web-docs-doc-pages-55ed7800-b303-40c5-83bc-041e4c2e972d.webp	reclassified by content: doc-pages screen -> docs
web/editors/clickup-web-editors-doc-pages-5823c4a4-8dc2-486c-adc4-a4dd0a383d24.webp	web/views/clickup-web-views-doc-pages-5823c4a4-8dc2-486c-adc4-a4dd0a383d24.webp	reclassified by content: doc-pages screen -> views
web/editors/clickup-web-editors-doc-pages-8a054189-8245-43c3-97f9-06a2da5c7519.webp	web/ai/clickup-web-ai-doc-pages-8a054189-8245-43c3-97f9-06a2da5c7519.webp	reclassified by content: doc-pages screen -> ai
web/editors/clickup-web-editors-doc-pages-8ec8b6d4-6371-4a9c-9542-4710e9fd01eb.webp	web/ai/clickup-web-ai-doc-pages-8ec8b6d4-6371-4a9c-9542-4710e9fd01eb.webp	reclassified by content: doc-pages screen -> ai
web/editors/clickup-web-editors-doc-pages-ad4f1f36-d066-4709-9c73-8672f5c91fba.webp	web/docs/clickup-web-docs-doc-pages-ad4f1f36-d066-4709-9c73-8672f5c91fba.webp	reclassified by content: doc-pages screen -> docs
web/editors/clickup-web-editors-doc-pages-cbfe9a71-f5e4-48c4-b9d9-d195b8a41922.webp	web/docs/clickup-web-docs-doc-pages-cbfe9a71-f5e4-48c4-b9d9-d195b8a41922.webp	reclassified by content: doc-pages screen -> docs
web/editors/clickup-web-editors-doc-pages-d50af4d8-6196-4e11-947e-f01c42d94d00.webp	web/views/clickup-web-views-doc-pages-d50af4d8-6196-4e11-947e-f01c42d94d00.webp	reclassified by content: doc-pages screen -> views
web/editors/clickup-web-editors-doc-pages-dad96764-4132-4ba1-a165-2a17eb1cef18.webp	web/views/clickup-web-views-doc-pages-dad96764-4132-4ba1-a165-2a17eb1cef18.webp	reclassified by content: doc-pages screen -> views
web/editors/clickup-web-editors-doc-pages-dc2df0c3-acd1-4bf5-8aab-0502b63e13fb.webp	web/tasks/clickup-web-tasks-doc-pages-dc2df0c3-acd1-4bf5-8aab-0502b63e13fb.webp	reclassified by content: doc-pages screen -> tasks
web/editors/clickup-web-editors-doc-pages-e670b3b0-4a98-4226-8e72-4e07c6958894.webp	web/docs/clickup-web-docs-doc-pages-e670b3b0-4a98-4226-8e72-4e07c6958894.webp	reclassified by content: doc-pages screen -> docs
web/editors/clickup-web-editors-doc-pages-fdca2aa1-77b1-4975-bc13-7cbe41227480.webp	web/tasks/clickup-web-tasks-doc-pages-fdca2aa1-77b1-4975-bc13-7cbe41227480.webp	reclassified by content: doc-pages screen -> tasks
web/editors/clickup-web-editors-doc-pages-fef84392-e573-4374-8b0b-fd020b2d3e20.webp	web/ai/clickup-web-ai-doc-pages-fef84392-e573-4374-8b0b-fd020b2d3e20.webp	reclassified by content: doc-pages screen -> ai
web/editors/clickup-web-editors-doc-toc-17d89c8b-23a7-4b3c-b32d-c33fc606f3bd.webp	web/tasks/clickup-web-tasks-doc-toc-17d89c8b-23a7-4b3c-b32d-c33fc606f3bd.webp	reclassified by content: doc-toc screen -> tasks
web/editors/clickup-web-editors-doc-toc-1b6cb75c-06e8-4e58-ab6c-86449ba8e40f.webp	web/docs/clickup-web-docs-doc-toc-1b6cb75c-06e8-4e58-ab6c-86449ba8e40f.webp	reclassified by content: doc-toc screen -> docs
web/editors/clickup-web-editors-doc-toc-63e61970-c293-4d36-88b3-9552aa6be44c.webp	web/tasks/clickup-web-tasks-doc-toc-63e61970-c293-4d36-88b3-9552aa6be44c.webp	reclassified by content: doc-toc screen -> tasks
web/editors/clickup-web-editors-doc-toc-672206a5-e54e-4b98-b841-f8b0f69f9133.webp	web/docs/clickup-web-docs-doc-toc-672206a5-e54e-4b98-b841-f8b0f69f9133.webp	reclassified by content: doc-toc screen -> docs
web/editors/clickup-web-editors-doc-toc-6c6c7f99-db72-4a1c-b266-1f2711c9e031.webp	web/docs/clickup-web-docs-doc-toc-6c6c7f99-db72-4a1c-b266-1f2711c9e031.webp	reclassified by content: doc-toc screen -> docs
web/editors/clickup-web-editors-doc-toc-6eec32ac-5f1a-4c6e-a9d1-ca7aaaf486fd.webp	web/tasks/clickup-web-tasks-doc-toc-6eec32ac-5f1a-4c6e-a9d1-ca7aaaf486fd.webp	reclassified by content: doc-toc screen -> tasks
web/editors/clickup-web-editors-doc-toc-7c851fc6-9014-412b-ae29-0ed882783e29.webp	web/docs/clickup-web-docs-doc-toc-7c851fc6-9014-412b-ae29-0ed882783e29.webp	reclassified by content: doc-toc screen -> docs
web/editors/clickup-web-editors-doc-toc-a9755df2-ef1a-42ee-b6c4-ce76194e6c81.webp	web/docs/clickup-web-docs-doc-toc-a9755df2-ef1a-42ee-b6c4-ce76194e6c81.webp	reclassified by content: doc-toc screen -> docs
web/editors/clickup-web-editors-doc-toc-aa93fcf4-7100-4b9f-817a-940e443f45d8.webp	web/docs/clickup-web-docs-doc-toc-aa93fcf4-7100-4b9f-817a-940e443f45d8.webp	reclassified by content: doc-toc screen -> docs
web/editors/clickup-web-editors-doc-toc-ee489600-1ec1-491c-9a41-19920ac97ff8.webp	web/tasks/clickup-web-tasks-doc-toc-ee489600-1ec1-491c-9a41-19920ac97ff8.webp	reclassified by content: doc-toc screen -> tasks
web/editors/clickup-web-editors-docs-0a991d47-d25b-44ce-b715-4dddb3956171.webp	web/tasks/clickup-web-tasks-docs-0a991d47-d25b-44ce-b715-4dddb3956171.webp	reclassified by content: docs screen -> tasks
web/editors/clickup-web-editors-docs-17d89c8b-23a7-4b3c-b32d-c33fc606f3bd.webp	web/tasks/clickup-web-tasks-docs-17d89c8b-23a7-4b3c-b32d-c33fc606f3bd.webp	reclassified by content: docs screen -> tasks
web/editors/clickup-web-editors-docs-1b6cb75c-06e8-4e58-ab6c-86449ba8e40f.webp	web/docs/clickup-web-docs-docs-1b6cb75c-06e8-4e58-ab6c-86449ba8e40f.webp	reclassified by content: docs screen -> docs
web/editors/clickup-web-editors-docs-1f47a368-3680-4228-825f-d04b06f0b714.webp	web/tasks/clickup-web-tasks-docs-1f47a368-3680-4228-825f-d04b06f0b714.webp	reclassified by content: docs screen -> tasks
web/editors/clickup-web-editors-docs-2116c9c9-ea54-4914-87d1-3f17d948728c.webp	web/tasks/clickup-web-tasks-docs-2116c9c9-ea54-4914-87d1-3f17d948728c.webp	reclassified by content: docs screen -> tasks
web/editors/clickup-web-editors-docs-2243ef9f-8a69-4e20-9ac7-6e740435af0a.webp	web/tasks/clickup-web-tasks-docs-2243ef9f-8a69-4e20-9ac7-6e740435af0a.webp	reclassified by content: docs screen -> tasks
web/editors/clickup-web-editors-docs-2dabec33-5204-4d9f-b9f1-acc781098d14.webp	web/tasks/clickup-web-tasks-docs-2dabec33-5204-4d9f-b9f1-acc781098d14.webp	reclassified by content: docs screen -> tasks
web/editors/clickup-web-editors-docs-3119cafd-d024-44f1-80d5-6ef91f3ec522.webp	web/tasks/clickup-web-tasks-docs-3119cafd-d024-44f1-80d5-6ef91f3ec522.webp	reclassified by content: docs screen -> tasks
web/editors/clickup-web-editors-docs-323f1615-4c0e-43c0-8c02-f3de5303d6ec.webp	web/tasks/clickup-web-tasks-docs-323f1615-4c0e-43c0-8c02-f3de5303d6ec.webp	reclassified by content: docs screen -> tasks
web/editors/clickup-web-editors-docs-3f9aa482-abbe-4bfc-b7e0-a9c39225bbbf.webp	web/tasks/clickup-web-tasks-docs-3f9aa482-abbe-4bfc-b7e0-a9c39225bbbf.webp	reclassified by content: docs screen -> tasks
web/editors/clickup-web-editors-docs-4089ce00-5c83-41d9-825b-2217d5684c49.webp	web/tasks/clickup-web-tasks-docs-4089ce00-5c83-41d9-825b-2217d5684c49.webp	reclassified by content: docs screen -> tasks
web/editors/clickup-web-editors-docs-55ed7800-b303-40c5-83bc-041e4c2e972d.webp	web/docs/clickup-web-docs-docs-55ed7800-b303-40c5-83bc-041e4c2e972d.webp	reclassified by content: docs screen -> docs
web/editors/clickup-web-editors-docs-5c07077a-261e-4dc2-b036-ed1c33aac94c.webp	web/tasks/clickup-web-tasks-docs-5c07077a-261e-4dc2-b036-ed1c33aac94c.webp	reclassified by content: docs screen -> tasks
web/editors/clickup-web-editors-docs-672206a5-e54e-4b98-b841-f8b0f69f9133.webp	web/docs/clickup-web-docs-docs-672206a5-e54e-4b98-b841-f8b0f69f9133.webp	reclassified by content: docs screen -> docs
web/editors/clickup-web-editors-docs-713ce922-b43f-42ae-b9cd-1ab95f8529fe.webp	web/tasks/clickup-web-tasks-docs-713ce922-b43f-42ae-b9cd-1ab95f8529fe.webp	reclassified by content: docs screen -> tasks
web/editors/clickup-web-editors-docs-7192827a-4687-41e9-8b2f-febf1e7a8170.webp	web/tasks/clickup-web-tasks-docs-7192827a-4687-41e9-8b2f-febf1e7a8170.webp	reclassified by content: docs screen -> tasks
web/editors/clickup-web-editors-docs-76fe5177-efa8-488c-a3d8-1044c4ae10a6.webp	web/tasks/clickup-web-tasks-docs-76fe5177-efa8-488c-a3d8-1044c4ae10a6.webp	reclassified by content: docs screen -> tasks
web/editors/clickup-web-editors-docs-7c5ad630-5c4b-4de3-9a6d-bb1ba5c04cd5.webp	web/tasks/clickup-web-tasks-docs-7c5ad630-5c4b-4de3-9a6d-bb1ba5c04cd5.webp	reclassified by content: docs screen -> tasks
web/editors/clickup-web-editors-docs-9bbc6232-b53d-4de5-b16c-262f355c7601.webp	web/tasks/clickup-web-tasks-docs-9bbc6232-b53d-4de5-b16c-262f355c7601.webp	reclassified by content: docs screen -> tasks
web/editors/clickup-web-editors-docs-aa93fcf4-7100-4b9f-817a-940e443f45d8.webp	web/docs/clickup-web-docs-docs-aa93fcf4-7100-4b9f-817a-940e443f45d8.webp	reclassified by content: docs screen -> docs
web/editors/clickup-web-editors-docs-ad4f1f36-d066-4709-9c73-8672f5c91fba.webp	web/docs/clickup-web-docs-docs-ad4f1f36-d066-4709-9c73-8672f5c91fba.webp	reclassified by content: docs screen -> docs
web/editors/clickup-web-editors-docs-b63b5636-f9d7-4d55-9e64-56f49bcdf868.webp	web/tasks/clickup-web-tasks-docs-b63b5636-f9d7-4d55-9e64-56f49bcdf868.webp	reclassified by content: docs screen -> tasks
web/editors/clickup-web-editors-docs-cb95d50a-b746-4e20-8f4a-46f8336eed05.webp	web/tasks/clickup-web-tasks-docs-cb95d50a-b746-4e20-8f4a-46f8336eed05.webp	reclassified by content: docs screen -> tasks
web/editors/clickup-web-editors-docs-cd6286ce-f988-4a84-b5f7-9e129e2afab1.webp	web/tasks/clickup-web-tasks-docs-cd6286ce-f988-4a84-b5f7-9e129e2afab1.webp	reclassified by content: docs screen -> tasks
web/editors/clickup-web-editors-docs-ce7c872d-4bbd-48f0-b5de-cb96780c5dfe.webp	web/tasks/clickup-web-tasks-docs-ce7c872d-4bbd-48f0-b5de-cb96780c5dfe.webp	reclassified by content: docs screen -> tasks
web/editors/clickup-web-editors-docs-d1912645-bcad-4df2-a7a2-72c754e83edb.webp	web/tasks/clickup-web-tasks-docs-d1912645-bcad-4df2-a7a2-72c754e83edb.webp	reclassified by content: docs screen -> tasks
web/editors/clickup-web-editors-docs-e8f9cb7c-a29f-48a9-93c3-1ed6cddc9134.webp	web/tasks/clickup-web-tasks-docs-e8f9cb7c-a29f-48a9-93c3-1ed6cddc9134.webp	reclassified by content: docs screen -> tasks
web/editors/clickup-web-editors-docs-ee489600-1ec1-491c-9a41-19920ac97ff8.webp	web/tasks/clickup-web-tasks-docs-ee489600-1ec1-491c-9a41-19920ac97ff8.webp	reclassified by content: docs screen -> tasks
web/editors/clickup-web-editors-docs-f25a725b-47d8-4c6e-b82d-639fe00213d8.webp	web/tasks/clickup-web-tasks-docs-f25a725b-47d8-4c6e-b82d-639fe00213d8.webp	reclassified by content: docs screen -> tasks
web/editors/clickup-web-editors-draw-09ed3300-5611-4bd0-9260-cda1e0c483e4.webp	web/whiteboard/clickup-web-whiteboard-draw-09ed3300-5611-4bd0-9260-cda1e0c483e4.webp	reclassified by content: draw screen -> whiteboard
web/editors/clickup-web-editors-draw-18a2e6c4-e1ae-4224-b0e5-89a214429f67.webp	web/whiteboard/clickup-web-whiteboard-draw-18a2e6c4-e1ae-4224-b0e5-89a214429f67.webp	reclassified by content: draw screen -> whiteboard
web/editors/clickup-web-editors-draw-193ce2ec-5ea0-49ee-b687-4dace3bb3560.webp	web/whiteboard/clickup-web-whiteboard-draw-193ce2ec-5ea0-49ee-b687-4dace3bb3560.webp	reclassified by content: draw screen -> whiteboard
web/editors/clickup-web-editors-draw-39e08bc9-9a6f-42b9-ae01-bfca9bcc000b.webp	web/tasks/clickup-web-tasks-draw-39e08bc9-9a6f-42b9-ae01-bfca9bcc000b.webp	reclassified by content: draw screen -> tasks
web/editors/clickup-web-editors-draw-5162a824-03ae-4e37-b7af-140866cb41c0.webp	web/whiteboard/clickup-web-whiteboard-draw-5162a824-03ae-4e37-b7af-140866cb41c0.webp	reclassified by content: draw screen -> whiteboard
web/editors/clickup-web-editors-draw-569bde32-22c9-447e-b9ca-a9c86be310fe.webp	web/whiteboard/clickup-web-whiteboard-draw-569bde32-22c9-447e-b9ca-a9c86be310fe.webp	reclassified by content: draw screen -> whiteboard
web/editors/clickup-web-editors-draw-757b6512-8cd6-42c1-8410-1b2825cf1962.webp	web/whiteboard/clickup-web-whiteboard-draw-757b6512-8cd6-42c1-8410-1b2825cf1962.webp	reclassified by content: draw screen -> whiteboard
web/editors/clickup-web-editors-draw-759e3b6b-9c70-459f-850f-07ea3611ec06.webp	web/whiteboard/clickup-web-whiteboard-draw-759e3b6b-9c70-459f-850f-07ea3611ec06.webp	reclassified by content: draw screen -> whiteboard
web/editors/clickup-web-editors-draw-81513ef1-875a-4baf-bae8-af36683d8687.webp	web/whiteboard/clickup-web-whiteboard-draw-81513ef1-875a-4baf-bae8-af36683d8687.webp	reclassified by content: draw screen -> whiteboard
web/editors/clickup-web-editors-draw-82d4cf2a-d318-449f-8b03-f12b83623092.webp	web/whiteboard/clickup-web-whiteboard-draw-82d4cf2a-d318-449f-8b03-f12b83623092.webp	reclassified by content: draw screen -> whiteboard
web/editors/clickup-web-editors-draw-b041c798-246d-4832-83bb-e8fb5fa239de.webp	web/whiteboard/clickup-web-whiteboard-draw-b041c798-246d-4832-83bb-e8fb5fa239de.webp	reclassified by content: draw screen -> whiteboard
web/editors/clickup-web-editors-draw-b54e4c2e-2f44-4dc8-8ef5-504a08ad337d.webp	web/whiteboard/clickup-web-whiteboard-draw-b54e4c2e-2f44-4dc8-8ef5-504a08ad337d.webp	reclassified by content: draw screen -> whiteboard
web/editors/clickup-web-editors-draw-b603dbce-5c47-417c-9de0-f0dd58ff153d.webp	web/whiteboard/clickup-web-whiteboard-draw-b603dbce-5c47-417c-9de0-f0dd58ff153d.webp	reclassified by content: draw screen -> whiteboard
web/editors/clickup-web-editors-draw-bb527cbb-7b61-4c99-8535-1ddb82157a83.webp	web/whiteboard/clickup-web-whiteboard-draw-bb527cbb-7b61-4c99-8535-1ddb82157a83.webp	reclassified by content: draw screen -> whiteboard
web/editors/clickup-web-editors-draw-bc5804c6-2835-4564-ac1c-60812523948c.webp	web/whiteboard/clickup-web-whiteboard-draw-bc5804c6-2835-4564-ac1c-60812523948c.webp	reclassified by content: draw screen -> whiteboard
web/editors/clickup-web-editors-draw-c3f3d90f-e37f-477d-aac4-e9b69ea7c942.webp	web/whiteboard/clickup-web-whiteboard-draw-c3f3d90f-e37f-477d-aac4-e9b69ea7c942.webp	reclassified by content: draw screen -> whiteboard
web/editors/clickup-web-editors-draw-cdf30358-9fab-41bb-9c38-e33adabc9b8f.webp	web/whiteboard/clickup-web-whiteboard-draw-cdf30358-9fab-41bb-9c38-e33adabc9b8f.webp	reclassified by content: draw screen -> whiteboard
web/editors/clickup-web-editors-draw-d7fbf330-2e27-4791-8c47-65bf0cb88899.webp	web/whiteboard/clickup-web-whiteboard-draw-d7fbf330-2e27-4791-8c47-65bf0cb88899.webp	reclassified by content: draw screen -> whiteboard
web/editors/clickup-web-editors-draw-ff7a22fb-b728-450e-b7dc-bc3cebe1ab0a.webp	web/whiteboard/clickup-web-whiteboard-draw-ff7a22fb-b728-450e-b7dc-bc3cebe1ab0a.webp	reclassified by content: draw screen -> whiteboard
web/editors/clickup-web-editors-email-0ca0b550-c8f4-47eb-8d52-059738f8db48.webp	web/ai/clickup-web-ai-email-0ca0b550-c8f4-47eb-8d52-059738f8db48.webp	reclassified by content: email screen -> ai
web/editors/clickup-web-editors-email-0fe2bd7b-a6f6-4611-9be4-2051a6f6312d.webp	web/automations/clickup-web-automations-email-0fe2bd7b-a6f6-4611-9be4-2051a6f6312d.webp	reclassified by content: email screen -> automations
web/editors/clickup-web-editors-email-1914328f-2465-48c8-be2d-ef2c1c1ba071.webp	web/settings/clickup-web-settings-email-1914328f-2465-48c8-be2d-ef2c1c1ba071.webp	reclassified by content: email screen -> settings
web/editors/clickup-web-editors-email-1c903fb6-5c68-48ac-8a0f-08510bf4efa0.webp	web/tasks/clickup-web-tasks-email-1c903fb6-5c68-48ac-8a0f-08510bf4efa0.webp	reclassified by content: email screen -> tasks
web/editors/clickup-web-editors-email-3119cafd-d024-44f1-80d5-6ef91f3ec522.webp	web/tasks/clickup-web-tasks-email-3119cafd-d024-44f1-80d5-6ef91f3ec522.webp	reclassified by content: email screen -> tasks
web/editors/clickup-web-editors-email-3d1d8c14-c6ae-44c3-a6fb-04a6e896935f.webp	web/automations/clickup-web-automations-email-3d1d8c14-c6ae-44c3-a6fb-04a6e896935f.webp	reclassified by content: email screen -> automations
web/editors/clickup-web-editors-email-4cffa09e-5c07-47bc-9b8e-3cbe54003186.webp	web/tasks/clickup-web-tasks-email-4cffa09e-5c07-47bc-9b8e-3cbe54003186.webp	reclassified by content: email screen -> tasks
web/editors/clickup-web-editors-email-5e023500-6216-42f1-bdcb-13c40562bf52.webp	web/settings/clickup-web-settings-email-5e023500-6216-42f1-bdcb-13c40562bf52.webp	reclassified by content: email screen -> settings
web/editors/clickup-web-editors-email-68c32d59-758f-49e3-b0dd-494ace7574dc.webp	web/automations/clickup-web-automations-email-68c32d59-758f-49e3-b0dd-494ace7574dc.webp	reclassified by content: email screen -> automations
web/editors/clickup-web-editors-email-88da3ba0-5a75-455d-b287-a3d066ec8e87.webp	web/automations/clickup-web-automations-email-88da3ba0-5a75-455d-b287-a3d066ec8e87.webp	reclassified by content: email screen -> automations
web/editors/clickup-web-editors-email-8bcf7475-e172-41e5-99dc-ca1bc273178c.webp	web/tasks/clickup-web-tasks-email-8bcf7475-e172-41e5-99dc-ca1bc273178c.webp	reclassified by content: email screen -> tasks
web/editors/clickup-web-editors-email-93f820a1-16b6-4381-9a92-c7eaad3503fb.webp	web/tasks/clickup-web-tasks-email-93f820a1-16b6-4381-9a92-c7eaad3503fb.webp	reclassified by content: email screen -> tasks
web/editors/clickup-web-editors-email-949dcb96-9436-46aa-85e4-dbe55ef2e9e0.webp	web/automations/clickup-web-automations-email-949dcb96-9436-46aa-85e4-dbe55ef2e9e0.webp	reclassified by content: email screen -> automations
web/editors/clickup-web-editors-email-b76132cb-d42a-4552-af82-2566c9d78f44.webp	web/tasks/clickup-web-tasks-email-b76132cb-d42a-4552-af82-2566c9d78f44.webp	reclassified by content: email screen -> tasks
web/editors/clickup-web-editors-email-cb95d50a-b746-4e20-8f4a-46f8336eed05.webp	web/tasks/clickup-web-tasks-email-cb95d50a-b746-4e20-8f4a-46f8336eed05.webp	reclassified by content: email screen -> tasks
web/editors/clickup-web-editors-email-dc607ab6-d58a-47cb-8c40-7c388bc30b70.webp	web/automations/clickup-web-automations-email-dc607ab6-d58a-47cb-8c40-7c388bc30b70.webp	reclassified by content: email screen -> automations
web/editors/clickup-web-editors-email-e718860c-8ec7-478b-8bc3-13e1051f7c34.webp	web/tasks/clickup-web-tasks-email-e718860c-8ec7-478b-8bc3-13e1051f7c34.webp	reclassified by content: email screen -> tasks
web/editors/clickup-web-editors-email-ee88615b-80bc-44f8-83a1-d261162c7f4e.webp	web/automations/clickup-web-automations-email-ee88615b-80bc-44f8-83a1-d261162c7f4e.webp	reclassified by content: email screen -> automations
web/editors/clickup-web-editors-email-f914e48c-0754-496c-a845-5575bf475168.webp	web/tasks/clickup-web-tasks-email-f914e48c-0754-496c-a845-5575bf475168.webp	reclassified by content: email screen -> tasks
web/editors/clickup-web-editors-form-builder-07168377-a072-4f39-bfd4-c88122ef312c.webp	web/forms/clickup-web-forms-form-builder-07168377-a072-4f39-bfd4-c88122ef312c.webp	reclassified by content: form-builder screen -> forms
web/editors/clickup-web-editors-form-builder-08243684-6ba1-4cee-af17-8d21078d95b0.webp	web/database/clickup-web-database-form-builder-08243684-6ba1-4cee-af17-8d21078d95b0.webp	reclassified by content: form-builder screen -> database
web/editors/clickup-web-editors-form-builder-0cac19da-9b3a-457c-ab62-56ec3f9b1a09.webp	web/forms/clickup-web-forms-form-builder-0cac19da-9b3a-457c-ab62-56ec3f9b1a09.webp	reclassified by content: form-builder screen -> forms
web/editors/clickup-web-editors-form-builder-127f92fb-ef2f-4827-8cc8-11c832c052fc.webp	web/forms/clickup-web-forms-form-builder-127f92fb-ef2f-4827-8cc8-11c832c052fc.webp	reclassified by content: form-builder screen -> forms
web/editors/clickup-web-editors-form-builder-261857db-53ee-47a3-abe4-302fad7d7f71.webp	web/forms/clickup-web-forms-form-builder-261857db-53ee-47a3-abe4-302fad7d7f71.webp	reclassified by content: form-builder screen -> forms
web/editors/clickup-web-editors-form-builder-27c5cac0-bf79-409f-8ad7-98dd7131235f.webp	web/forms/clickup-web-forms-form-builder-27c5cac0-bf79-409f-8ad7-98dd7131235f.webp	reclassified by content: form-builder screen -> forms
web/editors/clickup-web-editors-form-builder-32c793ae-8406-4ba8-adfa-c7a79735ccd7.webp	web/forms/clickup-web-forms-form-builder-32c793ae-8406-4ba8-adfa-c7a79735ccd7.webp	reclassified by content: form-builder screen -> forms
web/editors/clickup-web-editors-form-builder-32ea6a08-5b08-4f9c-965a-b8870ecc607a.webp	web/forms/clickup-web-forms-form-builder-32ea6a08-5b08-4f9c-965a-b8870ecc607a.webp	reclassified by content: form-builder screen -> forms
web/editors/clickup-web-editors-form-builder-3b89830a-97db-4960-9cb0-9e9574699e0c.webp	web/forms/clickup-web-forms-form-builder-3b89830a-97db-4960-9cb0-9e9574699e0c.webp	reclassified by content: form-builder screen -> forms
web/editors/clickup-web-editors-form-builder-410ec85f-3c9b-4124-954b-39663dcb12ac.webp	web/forms/clickup-web-forms-form-builder-410ec85f-3c9b-4124-954b-39663dcb12ac.webp	reclassified by content: form-builder screen -> forms
web/editors/clickup-web-editors-form-builder-5bda21fa-f09c-42a9-ab67-9239788b57bc.webp	web/forms/clickup-web-forms-form-builder-5bda21fa-f09c-42a9-ab67-9239788b57bc.webp	reclassified by content: form-builder screen -> forms
web/editors/clickup-web-editors-form-builder-71a033be-3ec2-46a0-92a7-0d6b9724091f.webp	web/forms/clickup-web-forms-form-builder-71a033be-3ec2-46a0-92a7-0d6b9724091f.webp	reclassified by content: form-builder screen -> forms
web/editors/clickup-web-editors-form-builder-796fc33f-f8e4-4c6d-a0d1-d70b64d69035.webp	web/forms/clickup-web-forms-form-builder-796fc33f-f8e4-4c6d-a0d1-d70b64d69035.webp	reclassified by content: form-builder screen -> forms
web/editors/clickup-web-editors-form-builder-7cb425b0-b54f-41fb-9ab3-e143aeefca18.webp	web/forms/clickup-web-forms-form-builder-7cb425b0-b54f-41fb-9ab3-e143aeefca18.webp	reclassified by content: form-builder screen -> forms
web/editors/clickup-web-editors-form-builder-81946f0d-ff1d-4eed-b43a-c5dfad8a4779.webp	web/forms/clickup-web-forms-form-builder-81946f0d-ff1d-4eed-b43a-c5dfad8a4779.webp	reclassified by content: form-builder screen -> forms
web/editors/clickup-web-editors-form-builder-83c3da5e-4aee-4e9f-ad2a-8a0f27e2bfe8.webp	web/settings/clickup-web-settings-form-builder-83c3da5e-4aee-4e9f-ad2a-8a0f27e2bfe8.webp	reclassified by content: form-builder screen -> settings
web/editors/clickup-web-editors-form-builder-9b96c8c1-c57b-4bc7-a3b8-e81cd966956c.webp	web/forms/clickup-web-forms-form-builder-9b96c8c1-c57b-4bc7-a3b8-e81cd966956c.webp	reclassified by content: form-builder screen -> forms
web/editors/clickup-web-editors-form-builder-9ee1ca5d-9910-4176-9bc4-0aea2b0f37e7.webp	web/tasks/clickup-web-tasks-form-builder-9ee1ca5d-9910-4176-9bc4-0aea2b0f37e7.webp	reclassified by content: form-builder screen -> tasks
web/editors/clickup-web-editors-form-builder-a7237953-e177-4969-8e58-c3e7d91379cd.webp	web/tasks/clickup-web-tasks-form-builder-a7237953-e177-4969-8e58-c3e7d91379cd.webp	reclassified by content: form-builder screen -> tasks
web/editors/clickup-web-editors-form-builder-abf66906-6404-4a25-a01c-5aeb2340c496.webp	web/forms/clickup-web-forms-form-builder-abf66906-6404-4a25-a01c-5aeb2340c496.webp	reclassified by content: form-builder screen -> forms
web/editors/clickup-web-editors-form-builder-b096a075-68b5-450d-9f25-830857445eaf.webp	web/forms/clickup-web-forms-form-builder-b096a075-68b5-450d-9f25-830857445eaf.webp	reclassified by content: form-builder screen -> forms
web/editors/clickup-web-editors-form-builder-b31fa6a1-4ddd-49ba-8b8b-8a2ee9aecaab.webp	web/database/clickup-web-database-form-builder-b31fa6a1-4ddd-49ba-8b8b-8a2ee9aecaab.webp	reclassified by content: form-builder screen -> database
web/editors/clickup-web-editors-form-builder-b50c0675-3e54-4be6-b090-9eafd195bc81.webp	web/forms/clickup-web-forms-form-builder-b50c0675-3e54-4be6-b090-9eafd195bc81.webp	reclassified by content: form-builder screen -> forms
web/editors/clickup-web-editors-form-builder-b82f2973-470d-42fe-ba91-075e425170d6.webp	web/forms/clickup-web-forms-form-builder-b82f2973-470d-42fe-ba91-075e425170d6.webp	reclassified by content: form-builder screen -> forms
web/editors/clickup-web-editors-form-builder-c8931775-29e6-4974-9ecf-bbb9e4f44588.webp	web/forms/clickup-web-forms-form-builder-c8931775-29e6-4974-9ecf-bbb9e4f44588.webp	reclassified by content: form-builder screen -> forms
web/editors/clickup-web-editors-form-builder-cd02ce19-11be-459a-9194-27bc4af4ed0a.webp	web/forms/clickup-web-forms-form-builder-cd02ce19-11be-459a-9194-27bc4af4ed0a.webp	reclassified by content: form-builder screen -> forms
web/editors/clickup-web-editors-form-builder-d2a256d8-de56-4a54-9183-e36d3495470b.webp	web/forms/clickup-web-forms-form-builder-d2a256d8-de56-4a54-9183-e36d3495470b.webp	reclassified by content: form-builder screen -> forms
web/editors/clickup-web-editors-form-builder-d6356f57-678a-4211-85df-4db6430c3a2b.webp	web/forms/clickup-web-forms-form-builder-d6356f57-678a-4211-85df-4db6430c3a2b.webp	reclassified by content: form-builder screen -> forms
web/editors/clickup-web-editors-form-builder-d6f96713-69a3-406d-b45e-7ab24560ab65.webp	web/tasks/clickup-web-tasks-form-builder-d6f96713-69a3-406d-b45e-7ab24560ab65.webp	reclassified by content: form-builder screen -> tasks
web/editors/clickup-web-editors-form-builder-d8e7a9e2-b4ae-4a4f-922a-e11af9b9742f.webp	web/forms/clickup-web-forms-form-builder-d8e7a9e2-b4ae-4a4f-922a-e11af9b9742f.webp	reclassified by content: form-builder screen -> forms
web/editors/clickup-web-editors-form-builder-dd788b40-3426-4280-8a75-8a4cd15450c4.webp	web/forms/clickup-web-forms-form-builder-dd788b40-3426-4280-8a75-8a4cd15450c4.webp	reclassified by content: form-builder screen -> forms
web/editors/clickup-web-editors-form-builder-e13c8b22-6a0e-47e8-b278-8d8d6575aab5.webp	web/forms/clickup-web-forms-form-builder-e13c8b22-6a0e-47e8-b278-8d8d6575aab5.webp	reclassified by content: form-builder screen -> forms
web/editors/clickup-web-editors-form-builder-e1e793ee-de84-4fb2-8065-1102c80eca72.webp	web/forms/clickup-web-forms-form-builder-e1e793ee-de84-4fb2-8065-1102c80eca72.webp	reclassified by content: form-builder screen -> forms
web/editors/clickup-web-editors-form-builder-e4652f2d-268b-44f3-99c9-8d06d3176b4a.webp	web/forms/clickup-web-forms-form-builder-e4652f2d-268b-44f3-99c9-8d06d3176b4a.webp	reclassified by content: form-builder screen -> forms
web/editors/clickup-web-editors-form-builder-ec790acb-3b76-40b1-9312-ebede0f42662.webp	web/tasks/clickup-web-tasks-form-builder-ec790acb-3b76-40b1-9312-ebede0f42662.webp	reclassified by content: form-builder screen -> tasks
web/editors/clickup-web-editors-form-builder-f0afa344-7e90-465e-9ab1-52d441b84129.webp	web/forms/clickup-web-forms-form-builder-f0afa344-7e90-465e-9ab1-52d441b84129.webp	reclassified by content: form-builder screen -> forms
web/editors/clickup-web-editors-form-builder-f311a25f-5f8b-4b0c-a05b-416d822ed017.webp	web/tasks/clickup-web-tasks-form-builder-f311a25f-5f8b-4b0c-a05b-416d822ed017.webp	reclassified by content: form-builder screen -> tasks
web/editors/clickup-web-editors-form-builder-f4a2d5b9-dae7-4fc4-8f6d-f72d877b472f.webp	web/forms/clickup-web-forms-form-builder-f4a2d5b9-dae7-4fc4-8f6d-f72d877b472f.webp	reclassified by content: form-builder screen -> forms
web/editors/clickup-web-editors-form-builder-fb338c7a-2e9c-412b-bcdb-99f26c2073d2.webp	web/database/clickup-web-database-form-builder-fb338c7a-2e9c-412b-bcdb-99f26c2073d2.webp	reclassified by content: form-builder screen -> database
web/editors/clickup-web-editors-format-toolbar-058fd86a-e74d-4ced-87e8-7a1131ef2afa.webp	web/tasks/clickup-web-tasks-format-toolbar-058fd86a-e74d-4ced-87e8-7a1131ef2afa.webp	reclassified by content: format-toolbar screen -> tasks
web/editors/clickup-web-editors-format-toolbar-2116c9c9-ea54-4914-87d1-3f17d948728c.webp	web/tasks/clickup-web-tasks-format-toolbar-2116c9c9-ea54-4914-87d1-3f17d948728c.webp	reclassified by content: format-toolbar screen -> tasks
web/editors/clickup-web-editors-format-toolbar-2dabec33-5204-4d9f-b9f1-acc781098d14.webp	web/tasks/clickup-web-tasks-format-toolbar-2dabec33-5204-4d9f-b9f1-acc781098d14.webp	reclassified by content: format-toolbar screen -> tasks
web/editors/clickup-web-editors-format-toolbar-4089ce00-5c83-41d9-825b-2217d5684c49.webp	web/tasks/clickup-web-tasks-format-toolbar-4089ce00-5c83-41d9-825b-2217d5684c49.webp	reclassified by content: format-toolbar screen -> tasks
web/editors/clickup-web-editors-format-toolbar-5c07077a-261e-4dc2-b036-ed1c33aac94c.webp	web/tasks/clickup-web-tasks-format-toolbar-5c07077a-261e-4dc2-b036-ed1c33aac94c.webp	reclassified by content: format-toolbar screen -> tasks
web/editors/clickup-web-editors-format-toolbar-60bd562d-25b4-4666-bb9b-d8d9fc3feb65.webp	web/docs/clickup-web-docs-format-toolbar-60bd562d-25b4-4666-bb9b-d8d9fc3feb65.webp	reclassified by content: format-toolbar screen -> docs
web/editors/clickup-web-editors-format-toolbar-63e61970-c293-4d36-88b3-9552aa6be44c.webp	web/tasks/clickup-web-tasks-format-toolbar-63e61970-c293-4d36-88b3-9552aa6be44c.webp	reclassified by content: format-toolbar screen -> tasks
web/editors/clickup-web-editors-format-toolbar-672206a5-e54e-4b98-b841-f8b0f69f9133.webp	web/docs/clickup-web-docs-format-toolbar-672206a5-e54e-4b98-b841-f8b0f69f9133.webp	reclassified by content: format-toolbar screen -> docs
web/editors/clickup-web-editors-format-toolbar-6eec32ac-5f1a-4c6e-a9d1-ca7aaaf486fd.webp	web/tasks/clickup-web-tasks-format-toolbar-6eec32ac-5f1a-4c6e-a9d1-ca7aaaf486fd.webp	reclassified by content: format-toolbar screen -> tasks
web/editors/clickup-web-editors-format-toolbar-713ce922-b43f-42ae-b9cd-1ab95f8529fe.webp	web/tasks/clickup-web-tasks-format-toolbar-713ce922-b43f-42ae-b9cd-1ab95f8529fe.webp	reclassified by content: format-toolbar screen -> tasks
web/editors/clickup-web-editors-format-toolbar-76fe5177-efa8-488c-a3d8-1044c4ae10a6.webp	web/tasks/clickup-web-tasks-format-toolbar-76fe5177-efa8-488c-a3d8-1044c4ae10a6.webp	reclassified by content: format-toolbar screen -> tasks
web/editors/clickup-web-editors-format-toolbar-898a06b7-daee-49a9-9a5d-bb41bc708fdd.webp	web/tasks/clickup-web-tasks-format-toolbar-898a06b7-daee-49a9-9a5d-bb41bc708fdd.webp	reclassified by content: format-toolbar screen -> tasks
web/editors/clickup-web-editors-format-toolbar-a9755df2-ef1a-42ee-b6c4-ce76194e6c81.webp	web/docs/clickup-web-docs-format-toolbar-a9755df2-ef1a-42ee-b6c4-ce76194e6c81.webp	reclassified by content: format-toolbar screen -> docs
web/editors/clickup-web-editors-format-toolbar-aa93fcf4-7100-4b9f-817a-940e443f45d8.webp	web/docs/clickup-web-docs-format-toolbar-aa93fcf4-7100-4b9f-817a-940e443f45d8.webp	reclassified by content: format-toolbar screen -> docs
web/editors/clickup-web-editors-format-toolbar-cd6286ce-f988-4a84-b5f7-9e129e2afab1.webp	web/tasks/clickup-web-tasks-format-toolbar-cd6286ce-f988-4a84-b5f7-9e129e2afab1.webp	reclassified by content: format-toolbar screen -> tasks
web/editors/clickup-web-editors-format-toolbar-ce7c872d-4bbd-48f0-b5de-cb96780c5dfe.webp	web/tasks/clickup-web-tasks-format-toolbar-ce7c872d-4bbd-48f0-b5de-cb96780c5dfe.webp	reclassified by content: format-toolbar screen -> tasks
web/editors/clickup-web-editors-format-toolbar-e192c449-ee33-444d-b144-7f193151a036.webp	web/docs/clickup-web-docs-format-toolbar-e192c449-ee33-444d-b144-7f193151a036.webp	reclassified by content: format-toolbar screen -> docs
web/editors/clickup-web-editors-format-toolbar-e8f9cb7c-a29f-48a9-93c3-1ed6cddc9134.webp	web/tasks/clickup-web-tasks-format-toolbar-e8f9cb7c-a29f-48a9-93c3-1ed6cddc9134.webp	reclassified by content: format-toolbar screen -> tasks
web/editors/clickup-web-editors-format-toolbar-f25a725b-47d8-4c6e-b82d-639fe00213d8.webp	web/tasks/clickup-web-tasks-format-toolbar-f25a725b-47d8-4c6e-b82d-639fe00213d8.webp	reclassified by content: format-toolbar screen -> tasks
web/editors/clickup-web-editors-forms-07168377-a072-4f39-bfd4-c88122ef312c.webp	web/forms/clickup-web-forms-forms-07168377-a072-4f39-bfd4-c88122ef312c.webp	reclassified by content: forms screen -> forms
web/editors/clickup-web-editors-forms-0b923a6b-69d2-4ec5-99d0-93b36c313585.webp	web/reports/clickup-web-reports-forms-0b923a6b-69d2-4ec5-99d0-93b36c313585.webp	reclassified by content: forms screen -> reports
web/editors/clickup-web-editors-forms-127f92fb-ef2f-4827-8cc8-11c832c052fc.webp	web/forms/clickup-web-forms-forms-127f92fb-ef2f-4827-8cc8-11c832c052fc.webp	reclassified by content: forms screen -> forms
web/editors/clickup-web-editors-forms-1ea5aadb-05ae-474e-b935-c4d0b19d5a40.webp	web/reports/clickup-web-reports-forms-1ea5aadb-05ae-474e-b935-c4d0b19d5a40.webp	reclassified by content: forms screen -> reports
web/editors/clickup-web-editors-forms-261857db-53ee-47a3-abe4-302fad7d7f71.webp	web/forms/clickup-web-forms-forms-261857db-53ee-47a3-abe4-302fad7d7f71.webp	reclassified by content: forms screen -> forms
web/editors/clickup-web-editors-forms-2626bbc6-4550-4841-9b14-118dcd4cbb5c.webp	web/reports/clickup-web-reports-forms-2626bbc6-4550-4841-9b14-118dcd4cbb5c.webp	reclassified by content: forms screen -> reports
web/editors/clickup-web-editors-forms-27c5cac0-bf79-409f-8ad7-98dd7131235f.webp	web/forms/clickup-web-forms-forms-27c5cac0-bf79-409f-8ad7-98dd7131235f.webp	reclassified by content: forms screen -> forms
web/editors/clickup-web-editors-forms-32c793ae-8406-4ba8-adfa-c7a79735ccd7.webp	web/forms/clickup-web-forms-forms-32c793ae-8406-4ba8-adfa-c7a79735ccd7.webp	reclassified by content: forms screen -> forms
web/editors/clickup-web-editors-forms-32ea6a08-5b08-4f9c-965a-b8870ecc607a.webp	web/forms/clickup-web-forms-forms-32ea6a08-5b08-4f9c-965a-b8870ecc607a.webp	reclassified by content: forms screen -> forms
web/editors/clickup-web-editors-forms-3b89830a-97db-4960-9cb0-9e9574699e0c.webp	web/forms/clickup-web-forms-forms-3b89830a-97db-4960-9cb0-9e9574699e0c.webp	reclassified by content: forms screen -> forms
web/editors/clickup-web-editors-forms-410ec85f-3c9b-4124-954b-39663dcb12ac.webp	web/forms/clickup-web-forms-forms-410ec85f-3c9b-4124-954b-39663dcb12ac.webp	reclassified by content: forms screen -> forms
web/editors/clickup-web-editors-forms-452f4874-2158-47f1-b923-7ccaa17b2369.webp	web/ai/clickup-web-ai-forms-452f4874-2158-47f1-b923-7ccaa17b2369.webp	reclassified by content: forms screen -> ai
web/editors/clickup-web-editors-forms-4d1f6b81-49a8-40d0-b765-47357e304807.webp	web/reports/clickup-web-reports-forms-4d1f6b81-49a8-40d0-b765-47357e304807.webp	reclassified by content: forms screen -> reports
web/editors/clickup-web-editors-forms-5bda21fa-f09c-42a9-ab67-9239788b57bc.webp	web/forms/clickup-web-forms-forms-5bda21fa-f09c-42a9-ab67-9239788b57bc.webp	reclassified by content: forms screen -> forms
web/editors/clickup-web-editors-forms-74ab5f06-4a97-4356-8fd8-c5d6d38bf0dd.webp	web/ai/clickup-web-ai-forms-74ab5f06-4a97-4356-8fd8-c5d6d38bf0dd.webp	reclassified by content: forms screen -> ai
web/editors/clickup-web-editors-forms-796fc33f-f8e4-4c6d-a0d1-d70b64d69035.webp	web/forms/clickup-web-forms-forms-796fc33f-f8e4-4c6d-a0d1-d70b64d69035.webp	reclassified by content: forms screen -> forms
web/editors/clickup-web-editors-forms-7cb425b0-b54f-41fb-9ab3-e143aeefca18.webp	web/forms/clickup-web-forms-forms-7cb425b0-b54f-41fb-9ab3-e143aeefca18.webp	reclassified by content: forms screen -> forms
web/editors/clickup-web-editors-forms-81946f0d-ff1d-4eed-b43a-c5dfad8a4779.webp	web/forms/clickup-web-forms-forms-81946f0d-ff1d-4eed-b43a-c5dfad8a4779.webp	reclassified by content: forms screen -> forms
web/editors/clickup-web-editors-forms-8d6b4426-598c-44bd-9792-d0f32bd88b02.webp	web/settings/clickup-web-settings-forms-8d6b4426-598c-44bd-9792-d0f32bd88b02.webp	reclassified by content: forms screen -> settings
web/editors/clickup-web-editors-forms-93810e6d-6254-45c0-9379-78891f4e110a.webp	web/reports/clickup-web-reports-forms-93810e6d-6254-45c0-9379-78891f4e110a.webp	reclassified by content: forms screen -> reports
web/editors/clickup-web-editors-forms-9b96c8c1-c57b-4bc7-a3b8-e81cd966956c.webp	web/forms/clickup-web-forms-forms-9b96c8c1-c57b-4bc7-a3b8-e81cd966956c.webp	reclassified by content: forms screen -> forms
web/editors/clickup-web-editors-forms-a65199a0-3e9b-40f6-b983-2a4f1da94115.webp	web/settings/clickup-web-settings-forms-a65199a0-3e9b-40f6-b983-2a4f1da94115.webp	reclassified by content: forms screen -> settings
web/editors/clickup-web-editors-forms-abf66906-6404-4a25-a01c-5aeb2340c496.webp	web/forms/clickup-web-forms-forms-abf66906-6404-4a25-a01c-5aeb2340c496.webp	reclassified by content: forms screen -> forms
web/editors/clickup-web-editors-forms-b82f2973-470d-42fe-ba91-075e425170d6.webp	web/forms/clickup-web-forms-forms-b82f2973-470d-42fe-ba91-075e425170d6.webp	reclassified by content: forms screen -> forms
web/editors/clickup-web-editors-forms-ca36bf6c-49b7-463e-8a53-5457816d9bd4.webp	web/reports/clickup-web-reports-forms-ca36bf6c-49b7-463e-8a53-5457816d9bd4.webp	reclassified by content: forms screen -> reports
web/editors/clickup-web-editors-forms-d2a256d8-de56-4a54-9183-e36d3495470b.webp	web/forms/clickup-web-forms-forms-d2a256d8-de56-4a54-9183-e36d3495470b.webp	reclassified by content: forms screen -> forms
web/editors/clickup-web-editors-forms-d85d5d21-fc06-41e0-b116-4913510894d8.webp	web/forms/clickup-web-forms-forms-d85d5d21-fc06-41e0-b116-4913510894d8.webp	reclassified by content: forms screen -> forms
web/editors/clickup-web-editors-forms-d8e7a9e2-b4ae-4a4f-922a-e11af9b9742f.webp	web/forms/clickup-web-forms-forms-d8e7a9e2-b4ae-4a4f-922a-e11af9b9742f.webp	reclassified by content: forms screen -> forms
web/editors/clickup-web-editors-forms-dd788b40-3426-4280-8a75-8a4cd15450c4.webp	web/forms/clickup-web-forms-forms-dd788b40-3426-4280-8a75-8a4cd15450c4.webp	reclassified by content: forms screen -> forms
web/editors/clickup-web-editors-forms-e13c8b22-6a0e-47e8-b278-8d8d6575aab5.webp	web/forms/clickup-web-forms-forms-e13c8b22-6a0e-47e8-b278-8d8d6575aab5.webp	reclassified by content: forms screen -> forms
web/editors/clickup-web-editors-forms-e1e793ee-de84-4fb2-8065-1102c80eca72.webp	web/forms/clickup-web-forms-forms-e1e793ee-de84-4fb2-8065-1102c80eca72.webp	reclassified by content: forms screen -> forms
web/editors/clickup-web-editors-forms-e4652f2d-268b-44f3-99c9-8d06d3176b4a.webp	web/forms/clickup-web-forms-forms-e4652f2d-268b-44f3-99c9-8d06d3176b4a.webp	reclassified by content: forms screen -> forms
web/editors/clickup-web-editors-forms-ec790acb-3b76-40b1-9312-ebede0f42662.webp	web/tasks/clickup-web-tasks-forms-ec790acb-3b76-40b1-9312-ebede0f42662.webp	reclassified by content: forms screen -> tasks
web/editors/clickup-web-editors-forms-f311a25f-5f8b-4b0c-a05b-416d822ed017.webp	web/tasks/clickup-web-tasks-forms-f311a25f-5f8b-4b0c-a05b-416d822ed017.webp	reclassified by content: forms screen -> tasks
web/editors/clickup-web-editors-forms-f4a2d5b9-dae7-4fc4-8f6d-f72d877b472f.webp	web/forms/clickup-web-forms-forms-f4a2d5b9-dae7-4fc4-8f6d-f72d877b472f.webp	reclassified by content: forms screen -> forms
web/editors/clickup-web-editors-notepad-1f3191ee-c555-4d5c-b715-b72339b365d1.webp	web/dashboards/clickup-web-dashboards-notepad-1f3191ee-c555-4d5c-b715-b72339b365d1.webp	reclassified by content: notepad screen -> dashboards
web/editors/clickup-web-editors-publish-1b6cb75c-06e8-4e58-ab6c-86449ba8e40f.webp	web/docs/clickup-web-docs-publish-1b6cb75c-06e8-4e58-ab6c-86449ba8e40f.webp	reclassified by content: publish screen -> docs
web/editors/clickup-web-editors-publish-261857db-53ee-47a3-abe4-302fad7d7f71.webp	web/forms/clickup-web-forms-publish-261857db-53ee-47a3-abe4-302fad7d7f71.webp	reclassified by content: publish screen -> forms
web/editors/clickup-web-editors-publish-3b89830a-97db-4960-9cb0-9e9574699e0c.webp	web/forms/clickup-web-forms-publish-3b89830a-97db-4960-9cb0-9e9574699e0c.webp	reclassified by content: publish screen -> forms
web/editors/clickup-web-editors-publish-452f4874-2158-47f1-b923-7ccaa17b2369.webp	web/ai/clickup-web-ai-publish-452f4874-2158-47f1-b923-7ccaa17b2369.webp	reclassified by content: publish screen -> ai
web/editors/clickup-web-editors-publish-9138bd2a-3d12-4907-b626-908c26c450cc.webp	web/docs/clickup-web-docs-publish-9138bd2a-3d12-4907-b626-908c26c450cc.webp	reclassified by content: publish screen -> docs
web/editors/clickup-web-editors-publish-a9755df2-ef1a-42ee-b6c4-ce76194e6c81.webp	web/docs/clickup-web-docs-publish-a9755df2-ef1a-42ee-b6c4-ce76194e6c81.webp	reclassified by content: publish screen -> docs
web/editors/clickup-web-editors-publish-c5cbaf62-cf7b-4b75-9d9b-97d496469fb3.webp	web/docs/clickup-web-docs-publish-c5cbaf62-cf7b-4b75-9d9b-97d496469fb3.webp	reclassified by content: publish screen -> docs
web/editors/clickup-web-editors-publish-c80d4f6f-e962-4a3a-8e61-bb6be9cb08cd.webp	web/docs/clickup-web-docs-publish-c80d4f6f-e962-4a3a-8e61-bb6be9cb08cd.webp	reclassified by content: publish screen -> docs
web/editors/clickup-web-editors-publish-f311a25f-5f8b-4b0c-a05b-416d822ed017.webp	web/tasks/clickup-web-tasks-publish-f311a25f-5f8b-4b0c-a05b-416d822ed017.webp	reclassified by content: publish screen -> tasks
web/editors/clickup-web-editors-slash-menu-127f92fb-ef2f-4827-8cc8-11c832c052fc.webp	web/forms/clickup-web-forms-slash-menu-127f92fb-ef2f-4827-8cc8-11c832c052fc.webp	reclassified by content: slash-menu screen -> forms
web/editors/clickup-web-editors-slash-menu-13ed16fa-4223-44b0-a71e-ba5e15a58c7b.webp	web/chat/clickup-web-chat-slash-menu-13ed16fa-4223-44b0-a71e-ba5e15a58c7b.webp	reclassified by content: slash-menu screen -> chat
web/editors/clickup-web-editors-slash-menu-17264b62-ae09-4fb4-a72a-a55a4003a2f5.webp	web/ai/clickup-web-ai-slash-menu-17264b62-ae09-4fb4-a72a-a55a4003a2f5.webp	reclassified by content: slash-menu screen -> ai
web/editors/clickup-web-editors-slash-menu-17d89c8b-23a7-4b3c-b32d-c33fc606f3bd.webp	web/tasks/clickup-web-tasks-slash-menu-17d89c8b-23a7-4b3c-b32d-c33fc606f3bd.webp	reclassified by content: slash-menu screen -> tasks
web/editors/clickup-web-editors-slash-menu-1c9d05ff-c4fd-4ae1-a2c3-7b4225b3f68b.webp	web/tasks/clickup-web-tasks-slash-menu-1c9d05ff-c4fd-4ae1-a2c3-7b4225b3f68b.webp	reclassified by content: slash-menu screen -> tasks
web/editors/clickup-web-editors-slash-menu-1f47a368-3680-4228-825f-d04b06f0b714.webp	web/tasks/clickup-web-tasks-slash-menu-1f47a368-3680-4228-825f-d04b06f0b714.webp	reclassified by content: slash-menu screen -> tasks
web/editors/clickup-web-editors-slash-menu-3bff7165-d87a-4f59-b08e-530da331b68e.webp	web/docs/clickup-web-docs-slash-menu-3bff7165-d87a-4f59-b08e-530da331b68e.webp	reclassified by content: slash-menu screen -> docs
web/editors/clickup-web-editors-slash-menu-43697679-5964-4f85-99d5-fbac885fe25a.webp	web/chat/clickup-web-chat-slash-menu-43697679-5964-4f85-99d5-fbac885fe25a.webp	reclassified by content: slash-menu screen -> chat
web/editors/clickup-web-editors-slash-menu-4661f758-1337-49d3-a7eb-8059c8332db9.webp	web/settings/clickup-web-settings-slash-menu-4661f758-1337-49d3-a7eb-8059c8332db9.webp	reclassified by content: slash-menu screen -> settings
web/editors/clickup-web-editors-slash-menu-67e3ce27-e9dd-4330-bd4a-e62c9a8adc88.webp	web/ai/clickup-web-ai-slash-menu-67e3ce27-e9dd-4330-bd4a-e62c9a8adc88.webp	reclassified by content: slash-menu screen -> ai
web/editors/clickup-web-editors-slash-menu-7c5ad630-5c4b-4de3-9a6d-bb1ba5c04cd5.webp	web/tasks/clickup-web-tasks-slash-menu-7c5ad630-5c4b-4de3-9a6d-bb1ba5c04cd5.webp	reclassified by content: slash-menu screen -> tasks
web/editors/clickup-web-editors-slash-menu-816f0bf0-70eb-4992-9aa1-143af65f2016.webp	web/settings/clickup-web-settings-slash-menu-816f0bf0-70eb-4992-9aa1-143af65f2016.webp	reclassified by content: slash-menu screen -> settings
web/editors/clickup-web-editors-slash-menu-976fedf7-a4b8-48b8-8188-107392be95d3.webp	web/docs/clickup-web-docs-slash-menu-976fedf7-a4b8-48b8-8188-107392be95d3.webp	reclassified by content: slash-menu screen -> docs
web/editors/clickup-web-editors-slash-menu-97ad1971-a89b-43cd-8502-b926219d3727.webp	web/ai/clickup-web-ai-slash-menu-97ad1971-a89b-43cd-8502-b926219d3727.webp	reclassified by content: slash-menu screen -> ai
web/editors/clickup-web-editors-slash-menu-a5284460-72ed-4c36-8079-c0e2fde7f4db.webp	web/whiteboard/clickup-web-whiteboard-slash-menu-a5284460-72ed-4c36-8079-c0e2fde7f4db.webp	reclassified by content: slash-menu screen -> whiteboard
web/editors/clickup-web-editors-slash-menu-b63b5636-f9d7-4d55-9e64-56f49bcdf868.webp	web/tasks/clickup-web-tasks-slash-menu-b63b5636-f9d7-4d55-9e64-56f49bcdf868.webp	reclassified by content: slash-menu screen -> tasks
web/editors/clickup-web-editors-slash-menu-cf265dc7-3ad9-4bfc-b583-8d09a7476566.webp	web/ai/clickup-web-ai-slash-menu-cf265dc7-3ad9-4bfc-b583-8d09a7476566.webp	reclassified by content: slash-menu screen -> ai
web/editors/clickup-web-editors-slash-menu-e09c2958-609d-4b67-a466-a08fbab6e290.webp	web/navigation/clickup-web-navigation-slash-menu-e09c2958-609d-4b67-a466-a08fbab6e290.webp	reclassified by content: slash-menu screen -> navigation
web/editors/clickup-web-editors-slash-menu-e6b9b052-f143-40d5-bdef-8aef3df56a0c.webp	web/ai/clickup-web-ai-slash-menu-e6b9b052-f143-40d5-bdef-8aef3df56a0c.webp	reclassified by content: slash-menu screen -> ai
web/editors/clickup-web-editors-slash-menu-ee489600-1ec1-491c-9a41-19920ac97ff8.webp	web/tasks/clickup-web-tasks-slash-menu-ee489600-1ec1-491c-9a41-19920ac97ff8.webp	reclassified by content: slash-menu screen -> tasks
web/editors/clickup-web-editors-upload-058fd86a-e74d-4ced-87e8-7a1131ef2afa.webp	web/tasks/clickup-web-tasks-upload-058fd86a-e74d-4ced-87e8-7a1131ef2afa.webp	reclassified by content: upload screen -> tasks
web/editors/clickup-web-editors-upload-07168377-a072-4f39-bfd4-c88122ef312c.webp	web/forms/clickup-web-forms-upload-07168377-a072-4f39-bfd4-c88122ef312c.webp	reclassified by content: upload screen -> forms
web/editors/clickup-web-editors-upload-0cac19da-9b3a-457c-ab62-56ec3f9b1a09.webp	web/forms/clickup-web-forms-upload-0cac19da-9b3a-457c-ab62-56ec3f9b1a09.webp	reclassified by content: upload screen -> forms
web/editors/clickup-web-editors-upload-10db4af3-29b6-4ac5-98d5-4a922ff169df.webp	web/whiteboard/clickup-web-whiteboard-upload-10db4af3-29b6-4ac5-98d5-4a922ff169df.webp	reclassified by content: upload screen -> whiteboard
web/editors/clickup-web-editors-upload-127f92fb-ef2f-4827-8cc8-11c832c052fc.webp	web/forms/clickup-web-forms-upload-127f92fb-ef2f-4827-8cc8-11c832c052fc.webp	reclassified by content: upload screen -> forms
web/editors/clickup-web-editors-upload-13a01ef9-841f-42cd-bbfe-7f12eb514623.webp	web/tasks/clickup-web-tasks-upload-13a01ef9-841f-42cd-bbfe-7f12eb514623.webp	reclassified by content: upload screen -> tasks
web/editors/clickup-web-editors-upload-16a61538-b287-4deb-8850-d513b7a7260a.webp	web/ai/clickup-web-ai-upload-16a61538-b287-4deb-8850-d513b7a7260a.webp	reclassified by content: upload screen -> ai
web/editors/clickup-web-editors-upload-239434a4-0aab-47b6-9b30-b7c84e504b36.webp	web/tasks/clickup-web-tasks-upload-239434a4-0aab-47b6-9b30-b7c84e504b36.webp	reclassified by content: upload screen -> tasks
web/editors/clickup-web-editors-upload-26f9c20d-2e83-4021-a779-6633f8346f9e.webp	web/tasks/clickup-web-tasks-upload-26f9c20d-2e83-4021-a779-6633f8346f9e.webp	reclassified by content: upload screen -> tasks
web/editors/clickup-web-editors-upload-2beaf769-f769-4474-a7ba-c21a319b8745.webp	web/reports/clickup-web-reports-upload-2beaf769-f769-4474-a7ba-c21a319b8745.webp	reclassified by content: upload screen -> reports
web/editors/clickup-web-editors-upload-3242ec34-fd90-4fbe-b22a-436722367955.webp	web/ai/clickup-web-ai-upload-3242ec34-fd90-4fbe-b22a-436722367955.webp	reclassified by content: upload screen -> ai
web/editors/clickup-web-editors-upload-32ea6a08-5b08-4f9c-965a-b8870ecc607a.webp	web/forms/clickup-web-forms-upload-32ea6a08-5b08-4f9c-965a-b8870ecc607a.webp	reclassified by content: upload screen -> forms
web/editors/clickup-web-editors-upload-38540d45-5eeb-4ce3-98af-850db68eb2fd.webp	web/tasks/clickup-web-tasks-upload-38540d45-5eeb-4ce3-98af-850db68eb2fd.webp	reclassified by content: upload screen -> tasks
web/editors/clickup-web-editors-upload-410ec85f-3c9b-4124-954b-39663dcb12ac.webp	web/forms/clickup-web-forms-upload-410ec85f-3c9b-4124-954b-39663dcb12ac.webp	reclassified by content: upload screen -> forms
web/editors/clickup-web-editors-upload-47b397d1-5da3-4613-b44c-5db438e69f7e.webp	web/tasks/clickup-web-tasks-upload-47b397d1-5da3-4613-b44c-5db438e69f7e.webp	reclassified by content: upload screen -> tasks
web/editors/clickup-web-editors-upload-4a06754a-2a70-47b2-9792-081218245ec7.webp	web/tasks/clickup-web-tasks-upload-4a06754a-2a70-47b2-9792-081218245ec7.webp	reclassified by content: upload screen -> tasks
web/editors/clickup-web-editors-upload-4b6c0450-3293-44e2-ad9d-8b46fba592c2.webp	web/tasks/clickup-web-tasks-upload-4b6c0450-3293-44e2-ad9d-8b46fba592c2.webp	reclassified by content: upload screen -> tasks
web/editors/clickup-web-editors-upload-5059281b-aadf-4533-84da-6c7c399aeea5.webp	web/ai/clickup-web-ai-upload-5059281b-aadf-4533-84da-6c7c399aeea5.webp	reclassified by content: upload screen -> ai
web/editors/clickup-web-editors-upload-52b2f142-aed2-4e12-9259-b6f99eda2dd9.webp	web/tasks/clickup-web-tasks-upload-52b2f142-aed2-4e12-9259-b6f99eda2dd9.webp	reclassified by content: upload screen -> tasks
web/editors/clickup-web-editors-upload-5f4eeea2-2fdf-49cb-965d-66556a561dc7.webp	web/settings/clickup-web-settings-upload-5f4eeea2-2fdf-49cb-965d-66556a561dc7.webp	reclassified by content: upload screen -> settings
web/editors/clickup-web-editors-upload-5f818b9c-e766-44e2-8646-528e2b81c7fa.webp	web/settings/clickup-web-settings-upload-5f818b9c-e766-44e2-8646-528e2b81c7fa.webp	reclassified by content: upload screen -> settings
web/editors/clickup-web-editors-upload-62b85bbe-ff6b-472a-b673-b6140dbe895f.webp	web/tasks/clickup-web-tasks-upload-62b85bbe-ff6b-472a-b673-b6140dbe895f.webp	reclassified by content: upload screen -> tasks
web/editors/clickup-web-editors-upload-64582ed0-451a-4432-bb3c-2317bc289e14.webp	web/settings/clickup-web-settings-upload-64582ed0-451a-4432-bb3c-2317bc289e14.webp	reclassified by content: upload screen -> settings
web/editors/clickup-web-editors-upload-6f35a0f4-4c20-4ef5-af4e-69eb0ddd0754.webp	web/tasks/clickup-web-tasks-upload-6f35a0f4-4c20-4ef5-af4e-69eb0ddd0754.webp	reclassified by content: upload screen -> tasks
web/editors/clickup-web-editors-upload-70fe1922-616f-46ac-ac7e-a2d50cd22bc0.webp	web/onboarding/clickup-web-onboarding-upload-70fe1922-616f-46ac-ac7e-a2d50cd22bc0.webp	reclassified by content: upload screen -> onboarding
web/editors/clickup-web-editors-upload-76fe5177-efa8-488c-a3d8-1044c4ae10a6.webp	web/tasks/clickup-web-tasks-upload-76fe5177-efa8-488c-a3d8-1044c4ae10a6.webp	reclassified by content: upload screen -> tasks
web/editors/clickup-web-editors-upload-7cc3d281-57c3-4ecd-923b-aff2b71b3f66.webp	web/tasks/clickup-web-tasks-upload-7cc3d281-57c3-4ecd-923b-aff2b71b3f66.webp	reclassified by content: upload screen -> tasks
web/editors/clickup-web-editors-upload-829a255f-036b-4182-bf68-094a99a46807.webp	web/tasks/clickup-web-tasks-upload-829a255f-036b-4182-bf68-094a99a46807.webp	reclassified by content: upload screen -> tasks
web/editors/clickup-web-editors-upload-857d1c1c-f536-4b75-bd53-6c14a8e41613.webp	web/whiteboard/clickup-web-whiteboard-upload-857d1c1c-f536-4b75-bd53-6c14a8e41613.webp	reclassified by content: upload screen -> whiteboard
web/editors/clickup-web-editors-upload-8af1437b-71a4-4b50-b7e1-3964b5d19dab.webp	web/ai/clickup-web-ai-upload-8af1437b-71a4-4b50-b7e1-3964b5d19dab.webp	reclassified by content: upload screen -> ai
web/editors/clickup-web-editors-upload-b096a075-68b5-450d-9f25-830857445eaf.webp	web/forms/clickup-web-forms-upload-b096a075-68b5-450d-9f25-830857445eaf.webp	reclassified by content: upload screen -> forms
web/editors/clickup-web-editors-upload-b23015c0-fdb9-4ee7-944a-4098127c1c6d.webp	web/whiteboard/clickup-web-whiteboard-upload-b23015c0-fdb9-4ee7-944a-4098127c1c6d.webp	reclassified by content: upload screen -> whiteboard
web/editors/clickup-web-editors-upload-b3c3af1a-4139-4c06-85e0-80f229cce60a.webp	web/tasks/clickup-web-tasks-upload-b3c3af1a-4139-4c06-85e0-80f229cce60a.webp	reclassified by content: upload screen -> tasks
web/editors/clickup-web-editors-upload-b76132cb-d42a-4552-af82-2566c9d78f44.webp	web/tasks/clickup-web-tasks-upload-b76132cb-d42a-4552-af82-2566c9d78f44.webp	reclassified by content: upload screen -> tasks
web/editors/clickup-web-editors-upload-bee0cabd-f6c7-4a06-866e-1c09eba62379.webp	web/tasks/clickup-web-tasks-upload-bee0cabd-f6c7-4a06-866e-1c09eba62379.webp	reclassified by content: upload screen -> tasks
web/editors/clickup-web-editors-upload-cb95d50a-b746-4e20-8f4a-46f8336eed05.webp	web/tasks/clickup-web-tasks-upload-cb95d50a-b746-4e20-8f4a-46f8336eed05.webp	reclassified by content: upload screen -> tasks
web/editors/clickup-web-editors-upload-ce7c872d-4bbd-48f0-b5de-cb96780c5dfe.webp	web/tasks/clickup-web-tasks-upload-ce7c872d-4bbd-48f0-b5de-cb96780c5dfe.webp	reclassified by content: upload screen -> tasks
web/editors/clickup-web-editors-upload-cf9b8234-1131-4d5d-bd27-659ecb5530c3.webp	web/settings/clickup-web-settings-upload-cf9b8234-1131-4d5d-bd27-659ecb5530c3.webp	reclassified by content: upload screen -> settings
web/editors/clickup-web-editors-upload-d00dc77f-7b5d-4acb-b8e9-fa82f35779b1.webp	web/tasks/clickup-web-tasks-upload-d00dc77f-7b5d-4acb-b8e9-fa82f35779b1.webp	reclassified by content: upload screen -> tasks
web/editors/clickup-web-editors-upload-d0c81936-c473-405f-948c-b6626e769534.webp	web/onboarding/clickup-web-onboarding-upload-d0c81936-c473-405f-948c-b6626e769534.webp	reclassified by content: upload screen -> onboarding
web/editors/clickup-web-editors-upload-d1c2e7c0-3ee9-4195-9093-dc6abe0ff8ac.webp	web/tasks/clickup-web-tasks-upload-d1c2e7c0-3ee9-4195-9093-dc6abe0ff8ac.webp	reclassified by content: upload screen -> tasks
web/editors/clickup-web-editors-upload-defd3c04-fec1-404c-8705-e21333757d7a.webp	web/whiteboard/clickup-web-whiteboard-upload-defd3c04-fec1-404c-8705-e21333757d7a.webp	reclassified by content: upload screen -> whiteboard
web/editors/clickup-web-editors-upload-ee60ac43-6456-4368-816b-9d6463ef4cd7.webp	web/tasks/clickup-web-tasks-upload-ee60ac43-6456-4368-816b-9d6463ef4cd7.webp	reclassified by content: upload screen -> tasks
web/editors/clickup-web-editors-upload-f01ac3cb-2517-43d1-a194-c99d4bef3117.webp	web/whiteboard/clickup-web-whiteboard-upload-f01ac3cb-2517-43d1-a194-c99d4bef3117.webp	reclassified by content: upload screen -> whiteboard
web/editors/clickup-web-editors-whiteboard-08f3aaee-62fb-4a6f-be14-8dd53dec03a1.webp	web/whiteboard/clickup-web-whiteboard-whiteboard-08f3aaee-62fb-4a6f-be14-8dd53dec03a1.webp	reclassified by content: whiteboard screen -> whiteboard
web/editors/clickup-web-editors-whiteboard-09ed3300-5611-4bd0-9260-cda1e0c483e4.webp	web/whiteboard/clickup-web-whiteboard-whiteboard-09ed3300-5611-4bd0-9260-cda1e0c483e4.webp	reclassified by content: whiteboard screen -> whiteboard
web/editors/clickup-web-editors-whiteboard-18a2e6c4-e1ae-4224-b0e5-89a214429f67.webp	web/whiteboard/clickup-web-whiteboard-whiteboard-18a2e6c4-e1ae-4224-b0e5-89a214429f67.webp	reclassified by content: whiteboard screen -> whiteboard
web/editors/clickup-web-editors-whiteboard-1da84fc1-8d83-4f0c-96b5-2d55c9ca8dd0.webp	web/tasks/clickup-web-tasks-whiteboard-1da84fc1-8d83-4f0c-96b5-2d55c9ca8dd0.webp	reclassified by content: whiteboard screen -> tasks
web/editors/clickup-web-editors-whiteboard-5162a824-03ae-4e37-b7af-140866cb41c0.webp	web/whiteboard/clickup-web-whiteboard-whiteboard-5162a824-03ae-4e37-b7af-140866cb41c0.webp	reclassified by content: whiteboard screen -> whiteboard
web/editors/clickup-web-editors-whiteboard-51af440d-6982-42e6-ab8d-2f9996e36948.webp	web/whiteboard/clickup-web-whiteboard-whiteboard-51af440d-6982-42e6-ab8d-2f9996e36948.webp	reclassified by content: whiteboard screen -> whiteboard
web/editors/clickup-web-editors-whiteboard-569bde32-22c9-447e-b9ca-a9c86be310fe.webp	web/whiteboard/clickup-web-whiteboard-whiteboard-569bde32-22c9-447e-b9ca-a9c86be310fe.webp	reclassified by content: whiteboard screen -> whiteboard
web/editors/clickup-web-editors-whiteboard-757b6512-8cd6-42c1-8410-1b2825cf1962.webp	web/whiteboard/clickup-web-whiteboard-whiteboard-757b6512-8cd6-42c1-8410-1b2825cf1962.webp	reclassified by content: whiteboard screen -> whiteboard
web/editors/clickup-web-editors-whiteboard-759e3b6b-9c70-459f-850f-07ea3611ec06.webp	web/whiteboard/clickup-web-whiteboard-whiteboard-759e3b6b-9c70-459f-850f-07ea3611ec06.webp	reclassified by content: whiteboard screen -> whiteboard
web/editors/clickup-web-editors-whiteboard-79be57f4-2eb3-4dec-b647-6f197aca39b2.webp	web/whiteboard/clickup-web-whiteboard-whiteboard-79be57f4-2eb3-4dec-b647-6f197aca39b2.webp	reclassified by content: whiteboard screen -> whiteboard
web/editors/clickup-web-editors-whiteboard-81513ef1-875a-4baf-bae8-af36683d8687.webp	web/whiteboard/clickup-web-whiteboard-whiteboard-81513ef1-875a-4baf-bae8-af36683d8687.webp	reclassified by content: whiteboard screen -> whiteboard
web/editors/clickup-web-editors-whiteboard-82d4cf2a-d318-449f-8b03-f12b83623092.webp	web/whiteboard/clickup-web-whiteboard-whiteboard-82d4cf2a-d318-449f-8b03-f12b83623092.webp	reclassified by content: whiteboard screen -> whiteboard
web/editors/clickup-web-editors-whiteboard-accdeea8-3024-4380-8b53-64301ef76a30.webp	web/whiteboard/clickup-web-whiteboard-whiteboard-accdeea8-3024-4380-8b53-64301ef76a30.webp	reclassified by content: whiteboard screen -> whiteboard
web/editors/clickup-web-editors-whiteboard-b041c798-246d-4832-83bb-e8fb5fa239de.webp	web/whiteboard/clickup-web-whiteboard-whiteboard-b041c798-246d-4832-83bb-e8fb5fa239de.webp	reclassified by content: whiteboard screen -> whiteboard
web/editors/clickup-web-editors-whiteboard-b54e4c2e-2f44-4dc8-8ef5-504a08ad337d.webp	web/whiteboard/clickup-web-whiteboard-whiteboard-b54e4c2e-2f44-4dc8-8ef5-504a08ad337d.webp	reclassified by content: whiteboard screen -> whiteboard
web/editors/clickup-web-editors-whiteboard-b603dbce-5c47-417c-9de0-f0dd58ff153d.webp	web/whiteboard/clickup-web-whiteboard-whiteboard-b603dbce-5c47-417c-9de0-f0dd58ff153d.webp	reclassified by content: whiteboard screen -> whiteboard
web/editors/clickup-web-editors-whiteboard-bb527cbb-7b61-4c99-8535-1ddb82157a83.webp	web/whiteboard/clickup-web-whiteboard-whiteboard-bb527cbb-7b61-4c99-8535-1ddb82157a83.webp	reclassified by content: whiteboard screen -> whiteboard
web/editors/clickup-web-editors-whiteboard-c3f3d90f-e37f-477d-aac4-e9b69ea7c942.webp	web/whiteboard/clickup-web-whiteboard-whiteboard-c3f3d90f-e37f-477d-aac4-e9b69ea7c942.webp	reclassified by content: whiteboard screen -> whiteboard
web/editors/clickup-web-editors-whiteboard-cdf30358-9fab-41bb-9c38-e33adabc9b8f.webp	web/whiteboard/clickup-web-whiteboard-whiteboard-cdf30358-9fab-41bb-9c38-e33adabc9b8f.webp	reclassified by content: whiteboard screen -> whiteboard
web/editors/clickup-web-editors-whiteboard-d6e14ae1-0d4c-40f9-941b-e9768e5e431f.webp	web/whiteboard/clickup-web-whiteboard-whiteboard-d6e14ae1-0d4c-40f9-941b-e9768e5e431f.webp	reclassified by content: whiteboard screen -> whiteboard
web/editors/clickup-web-editors-whiteboard-d7fbf330-2e27-4791-8c47-65bf0cb88899.webp	web/whiteboard/clickup-web-whiteboard-whiteboard-d7fbf330-2e27-4791-8c47-65bf0cb88899.webp	reclassified by content: whiteboard screen -> whiteboard
web/editors/clickup-web-editors-whiteboard-e401e49a-76a6-4e66-acaa-38534a997cbc.webp	web/whiteboard/clickup-web-whiteboard-whiteboard-e401e49a-76a6-4e66-acaa-38534a997cbc.webp	reclassified by content: whiteboard screen -> whiteboard
web/editors/clickup-web-editors-whiteboard-objects-08f3aaee-62fb-4a6f-be14-8dd53dec03a1.webp	web/whiteboard/clickup-web-whiteboard-whiteboard-objects-08f3aaee-62fb-4a6f-be14-8dd53dec03a1.webp	reclassified by content: whiteboard-objects screen -> whiteboard
web/editors/clickup-web-editors-whiteboard-objects-09ed3300-5611-4bd0-9260-cda1e0c483e4.webp	web/whiteboard/clickup-web-whiteboard-whiteboard-objects-09ed3300-5611-4bd0-9260-cda1e0c483e4.webp	reclassified by content: whiteboard-objects screen -> whiteboard
web/editors/clickup-web-editors-whiteboard-objects-0c287f59-753c-4e28-92ad-9dff95fcde36.webp	web/views/clickup-web-views-whiteboard-objects-0c287f59-753c-4e28-92ad-9dff95fcde36.webp	reclassified by content: whiteboard-objects screen -> views
web/editors/clickup-web-editors-whiteboard-objects-18a2e6c4-e1ae-4224-b0e5-89a214429f67.webp	web/whiteboard/clickup-web-whiteboard-whiteboard-objects-18a2e6c4-e1ae-4224-b0e5-89a214429f67.webp	reclassified by content: whiteboard-objects screen -> whiteboard
web/editors/clickup-web-editors-whiteboard-objects-1da84fc1-8d83-4f0c-96b5-2d55c9ca8dd0.webp	web/tasks/clickup-web-tasks-whiteboard-objects-1da84fc1-8d83-4f0c-96b5-2d55c9ca8dd0.webp	reclassified by content: whiteboard-objects screen -> tasks
web/editors/clickup-web-editors-whiteboard-objects-39e08bc9-9a6f-42b9-ae01-bfca9bcc000b.webp	web/tasks/clickup-web-tasks-whiteboard-objects-39e08bc9-9a6f-42b9-ae01-bfca9bcc000b.webp	reclassified by content: whiteboard-objects screen -> tasks
web/editors/clickup-web-editors-whiteboard-objects-5162a824-03ae-4e37-b7af-140866cb41c0.webp	web/whiteboard/clickup-web-whiteboard-whiteboard-objects-5162a824-03ae-4e37-b7af-140866cb41c0.webp	reclassified by content: whiteboard-objects screen -> whiteboard
web/editors/clickup-web-editors-whiteboard-objects-51af440d-6982-42e6-ab8d-2f9996e36948.webp	web/whiteboard/clickup-web-whiteboard-whiteboard-objects-51af440d-6982-42e6-ab8d-2f9996e36948.webp	reclassified by content: whiteboard-objects screen -> whiteboard
web/editors/clickup-web-editors-whiteboard-objects-5689ff0d-43db-4e4c-a2e9-0842c558caa6.webp	web/whiteboard/clickup-web-whiteboard-whiteboard-objects-5689ff0d-43db-4e4c-a2e9-0842c558caa6.webp	reclassified by content: whiteboard-objects screen -> whiteboard
web/editors/clickup-web-editors-whiteboard-objects-569bde32-22c9-447e-b9ca-a9c86be310fe.webp	web/whiteboard/clickup-web-whiteboard-whiteboard-objects-569bde32-22c9-447e-b9ca-a9c86be310fe.webp	reclassified by content: whiteboard-objects screen -> whiteboard
web/editors/clickup-web-editors-whiteboard-objects-757b6512-8cd6-42c1-8410-1b2825cf1962.webp	web/whiteboard/clickup-web-whiteboard-whiteboard-objects-757b6512-8cd6-42c1-8410-1b2825cf1962.webp	reclassified by content: whiteboard-objects screen -> whiteboard
web/editors/clickup-web-editors-whiteboard-objects-759e3b6b-9c70-459f-850f-07ea3611ec06.webp	web/whiteboard/clickup-web-whiteboard-whiteboard-objects-759e3b6b-9c70-459f-850f-07ea3611ec06.webp	reclassified by content: whiteboard-objects screen -> whiteboard
web/editors/clickup-web-editors-whiteboard-objects-79be57f4-2eb3-4dec-b647-6f197aca39b2.webp	web/whiteboard/clickup-web-whiteboard-whiteboard-objects-79be57f4-2eb3-4dec-b647-6f197aca39b2.webp	reclassified by content: whiteboard-objects screen -> whiteboard
web/editors/clickup-web-editors-whiteboard-objects-81513ef1-875a-4baf-bae8-af36683d8687.webp	web/whiteboard/clickup-web-whiteboard-whiteboard-objects-81513ef1-875a-4baf-bae8-af36683d8687.webp	reclassified by content: whiteboard-objects screen -> whiteboard
web/editors/clickup-web-editors-whiteboard-objects-82d4cf2a-d318-449f-8b03-f12b83623092.webp	web/whiteboard/clickup-web-whiteboard-whiteboard-objects-82d4cf2a-d318-449f-8b03-f12b83623092.webp	reclassified by content: whiteboard-objects screen -> whiteboard
web/editors/clickup-web-editors-whiteboard-objects-b041c798-246d-4832-83bb-e8fb5fa239de.webp	web/whiteboard/clickup-web-whiteboard-whiteboard-objects-b041c798-246d-4832-83bb-e8fb5fa239de.webp	reclassified by content: whiteboard-objects screen -> whiteboard
web/editors/clickup-web-editors-whiteboard-objects-b54e4c2e-2f44-4dc8-8ef5-504a08ad337d.webp	web/whiteboard/clickup-web-whiteboard-whiteboard-objects-b54e4c2e-2f44-4dc8-8ef5-504a08ad337d.webp	reclassified by content: whiteboard-objects screen -> whiteboard
web/editors/clickup-web-editors-whiteboard-objects-b603dbce-5c47-417c-9de0-f0dd58ff153d.webp	web/whiteboard/clickup-web-whiteboard-whiteboard-objects-b603dbce-5c47-417c-9de0-f0dd58ff153d.webp	reclassified by content: whiteboard-objects screen -> whiteboard
web/editors/clickup-web-editors-whiteboard-objects-bb527cbb-7b61-4c99-8535-1ddb82157a83.webp	web/whiteboard/clickup-web-whiteboard-whiteboard-objects-bb527cbb-7b61-4c99-8535-1ddb82157a83.webp	reclassified by content: whiteboard-objects screen -> whiteboard
web/editors/clickup-web-editors-whiteboard-objects-c3f3d90f-e37f-477d-aac4-e9b69ea7c942.webp	web/whiteboard/clickup-web-whiteboard-whiteboard-objects-c3f3d90f-e37f-477d-aac4-e9b69ea7c942.webp	reclassified by content: whiteboard-objects screen -> whiteboard
web/editors/clickup-web-editors-whiteboard-objects-cdf30358-9fab-41bb-9c38-e33adabc9b8f.webp	web/whiteboard/clickup-web-whiteboard-whiteboard-objects-cdf30358-9fab-41bb-9c38-e33adabc9b8f.webp	reclassified by content: whiteboard-objects screen -> whiteboard
web/editors/clickup-web-editors-whiteboard-objects-d6e14ae1-0d4c-40f9-941b-e9768e5e431f.webp	web/whiteboard/clickup-web-whiteboard-whiteboard-objects-d6e14ae1-0d4c-40f9-941b-e9768e5e431f.webp	reclassified by content: whiteboard-objects screen -> whiteboard
web/tasks/clickup-web-tasks-activity-473c3701-c880-4169-87bb-86954531b441.webp	web/collaboration/clickup-web-collaboration-activity-473c3701-c880-4169-87bb-86954531b441.webp	reclassified by content: activity screen -> collaboration
web/tasks/clickup-web-tasks-assignee-picker-068aa2e8-7270-48c9-a531-a9a788547f06.webp	web/time-tracking/clickup-web-time-tracking-assignee-picker-068aa2e8-7270-48c9-a531-a9a788547f06.webp	reclassified by content: assignee-picker screen -> time-tracking
web/tasks/clickup-web-tasks-assignee-picker-33fb3324-8c44-4f07-80b1-bd7f77e944b2.webp	web/time-tracking/clickup-web-time-tracking-assignee-picker-33fb3324-8c44-4f07-80b1-bd7f77e944b2.webp	reclassified by content: assignee-picker screen -> time-tracking
web/tasks/clickup-web-tasks-assignee-picker-6218cd77-5d64-4d19-bcf0-4995181c976d.webp	web/reports/clickup-web-reports-assignee-picker-6218cd77-5d64-4d19-bcf0-4995181c976d.webp	reclassified by content: assignee-picker screen -> reports
web/tasks/clickup-web-tasks-assignee-picker-6cca7e1b-17ae-421a-a8b6-29ec78dce247.webp	web/collaboration/clickup-web-collaboration-assignee-picker-6cca7e1b-17ae-421a-a8b6-29ec78dce247.webp	reclassified by content: assignee-picker screen -> collaboration
web/tasks/clickup-web-tasks-assignee-picker-706ea792-d02e-48f9-8ded-ac107ad8d0d0.webp	web/ai/clickup-web-ai-assignee-picker-706ea792-d02e-48f9-8ded-ac107ad8d0d0.webp	reclassified by content: assignee-picker screen -> ai
web/tasks/clickup-web-tasks-assignee-picker-d4c1b331-4f8d-4bd7-af0e-76fb1a0b8fb6.webp	web/reports/clickup-web-reports-assignee-picker-d4c1b331-4f8d-4bd7-af0e-76fb1a0b8fb6.webp	reclassified by content: assignee-picker screen -> reports
web/tasks/clickup-web-tasks-bulk-complete-9d4a64a6-a3a4-4628-8ca6-0511b3fff2fd.webp	web/ai/clickup-web-ai-bulk-complete-9d4a64a6-a3a4-4628-8ca6-0511b3fff2fd.webp	reclassified by content: bulk-complete screen -> ai
web/tasks/clickup-web-tasks-bulk-complete-fc8a346b-6a8f-46c5-9f46-856389eec373.webp	web/views/clickup-web-views-bulk-complete-fc8a346b-6a8f-46c5-9f46-856389eec373.webp	reclassified by content: bulk-complete screen -> views
web/tasks/clickup-web-tasks-checklist-assigned-1e5b6f93-1dae-491d-ad87-b8f53b4a117e.webp	web/collaboration/clickup-web-collaboration-checklist-assigned-1e5b6f93-1dae-491d-ad87-b8f53b4a117e.webp	reclassified by content: checklist-assigned screen -> collaboration
web/tasks/clickup-web-tasks-checklist-assigned-3b76865e-6486-49cc-a506-1f623cfae1e1.webp	web/dashboards/clickup-web-dashboards-checklist-assigned-3b76865e-6486-49cc-a506-1f623cfae1e1.webp	reclassified by content: checklist-assigned screen -> dashboards
web/tasks/clickup-web-tasks-checklist-assigned-3fde8302-c073-4b10-8857-73613555af70.webp	web/menus/clickup-web-menus-checklist-assigned-3fde8302-c073-4b10-8857-73613555af70.webp	reclassified by content: checklist-assigned screen -> menus
web/tasks/clickup-web-tasks-checklist-assigned-5823c4a4-8dc2-486c-adc4-a4dd0a383d24.webp	web/views/clickup-web-views-checklist-assigned-5823c4a4-8dc2-486c-adc4-a4dd0a383d24.webp	reclassified by content: checklist-assigned screen -> views
web/tasks/clickup-web-tasks-checklist-assigned-691752ba-6eaa-40d6-a2c8-86cf1e4794fd.webp	web/views/clickup-web-views-checklist-assigned-691752ba-6eaa-40d6-a2c8-86cf1e4794fd.webp	reclassified by content: checklist-assigned screen -> views
web/tasks/clickup-web-tasks-checklist-assigned-6cca7e1b-17ae-421a-a8b6-29ec78dce247.webp	web/collaboration/clickup-web-collaboration-checklist-assigned-6cca7e1b-17ae-421a-a8b6-29ec78dce247.webp	reclassified by content: checklist-assigned screen -> collaboration
web/tasks/clickup-web-tasks-checklist-assigned-c49470e5-9283-4b46-bee6-81ad7074832e.webp	web/chat/clickup-web-chat-checklist-assigned-c49470e5-9283-4b46-bee6-81ad7074832e.webp	reclassified by content: checklist-assigned screen -> chat
web/tasks/clickup-web-tasks-checklist-assigned-cbbf234a-9399-4b50-802b-5759f60efeae.webp	web/views/clickup-web-views-checklist-assigned-cbbf234a-9399-4b50-802b-5759f60efeae.webp	reclassified by content: checklist-assigned screen -> views
web/tasks/clickup-web-tasks-checklist-assigned-cbcd3104-a720-4b99-8515-604294b6b40c.webp	web/views/clickup-web-views-checklist-assigned-cbcd3104-a720-4b99-8515-604294b6b40c.webp	reclassified by content: checklist-assigned screen -> views
web/tasks/clickup-web-tasks-create-task-08243684-6ba1-4cee-af17-8d21078d95b0.webp	web/database/clickup-web-database-create-task-08243684-6ba1-4cee-af17-8d21078d95b0.webp	reclassified by content: create-task screen -> database
web/tasks/clickup-web-tasks-create-task-332f4a17-76d8-4dae-9179-227f08296e21.webp	web/settings/clickup-web-settings-create-task-332f4a17-76d8-4dae-9179-227f08296e21.webp	reclassified by content: create-task screen -> settings
web/tasks/clickup-web-tasks-create-task-b50c0675-3e54-4be6-b090-9eafd195bc81.webp	web/forms/clickup-web-forms-create-task-b50c0675-3e54-4be6-b090-9eafd195bc81.webp	reclassified by content: create-task screen -> forms
web/tasks/clickup-web-tasks-create-task-c523e9bc-0eca-41d1-96e3-f0af66f2db3f.webp	web/database/clickup-web-database-create-task-c523e9bc-0eca-41d1-96e3-f0af66f2db3f.webp	reclassified by content: create-task screen -> database
web/tasks/clickup-web-tasks-create-task-c8931775-29e6-4974-9ecf-bbb9e4f44588.webp	web/forms/clickup-web-forms-create-task-c8931775-29e6-4974-9ecf-bbb9e4f44588.webp	reclassified by content: create-task screen -> forms
web/tasks/clickup-web-tasks-custom-fields-4d289437-9d5b-469a-b68c-b8b0a9a68000.webp	web/settings/clickup-web-settings-custom-fields-4d289437-9d5b-469a-b68c-b8b0a9a68000.webp	reclassified by content: custom-fields screen -> settings
web/tasks/clickup-web-tasks-custom-fields-67624540-96b2-48d6-b884-d43546e106f0.webp	web/database/clickup-web-database-custom-fields-67624540-96b2-48d6-b884-d43546e106f0.webp	reclassified by content: custom-fields screen -> database
web/tasks/clickup-web-tasks-custom-fields-b31fa6a1-4ddd-49ba-8b8b-8a2ee9aecaab.webp	web/database/clickup-web-database-custom-fields-b31fa6a1-4ddd-49ba-8b8b-8a2ee9aecaab.webp	reclassified by content: custom-fields screen -> database
web/tasks/clickup-web-tasks-custom-fields-f01ac3cb-2517-43d1-a194-c99d4bef3117.webp	web/whiteboard/clickup-web-whiteboard-custom-fields-f01ac3cb-2517-43d1-a194-c99d4bef3117.webp	reclassified by content: custom-fields screen -> whiteboard
web/tasks/clickup-web-tasks-custom-fields-fb338c7a-2e9c-412b-bcdb-99f26c2073d2.webp	web/database/clickup-web-database-custom-fields-fb338c7a-2e9c-412b-bcdb-99f26c2073d2.webp	reclassified by content: custom-fields screen -> database
web/tasks/clickup-web-tasks-dependencies-08f3aaee-62fb-4a6f-be14-8dd53dec03a1.webp	web/whiteboard/clickup-web-whiteboard-dependencies-08f3aaee-62fb-4a6f-be14-8dd53dec03a1.webp	reclassified by content: dependencies screen -> whiteboard
web/tasks/clickup-web-tasks-dependencies-18a2e6c4-e1ae-4224-b0e5-89a214429f67.webp	web/whiteboard/clickup-web-whiteboard-dependencies-18a2e6c4-e1ae-4224-b0e5-89a214429f67.webp	reclassified by content: dependencies screen -> whiteboard
web/tasks/clickup-web-tasks-dependencies-2beaf769-f769-4474-a7ba-c21a319b8745.webp	web/reports/clickup-web-reports-dependencies-2beaf769-f769-4474-a7ba-c21a319b8745.webp	reclassified by content: dependencies screen -> reports
web/tasks/clickup-web-tasks-dependencies-3fde8302-c073-4b10-8857-73613555af70.webp	web/menus/clickup-web-menus-dependencies-3fde8302-c073-4b10-8857-73613555af70.webp	reclassified by content: dependencies screen -> menus
web/tasks/clickup-web-tasks-dependencies-5162a824-03ae-4e37-b7af-140866cb41c0.webp	web/whiteboard/clickup-web-whiteboard-dependencies-5162a824-03ae-4e37-b7af-140866cb41c0.webp	reclassified by content: dependencies screen -> whiteboard
web/tasks/clickup-web-tasks-dependencies-b603dbce-5c47-417c-9de0-f0dd58ff153d.webp	web/whiteboard/clickup-web-whiteboard-dependencies-b603dbce-5c47-417c-9de0-f0dd58ff153d.webp	reclassified by content: dependencies screen -> whiteboard
web/tasks/clickup-web-tasks-recurring-00adc630-6113-4757-8ded-522f323f4426.webp	web/dashboards/clickup-web-dashboards-recurring-00adc630-6113-4757-8ded-522f323f4426.webp	reclassified by content: recurring screen -> dashboards
web/tasks/clickup-web-tasks-recurring-0fe2bd7b-a6f6-4611-9be4-2051a6f6312d.webp	web/automations/clickup-web-automations-recurring-0fe2bd7b-a6f6-4611-9be4-2051a6f6312d.webp	reclassified by content: recurring screen -> automations
web/tasks/clickup-web-tasks-recurring-3c66567f-4dd7-406e-9571-7fbfaac8d705.webp	web/time-tracking/clickup-web-time-tracking-recurring-3c66567f-4dd7-406e-9571-7fbfaac8d705.webp	reclassified by content: recurring screen -> time-tracking
web/tasks/clickup-web-tasks-recurring-3d1d8c14-c6ae-44c3-a6fb-04a6e896935f.webp	web/automations/clickup-web-automations-recurring-3d1d8c14-c6ae-44c3-a6fb-04a6e896935f.webp	reclassified by content: recurring screen -> automations
web/tasks/clickup-web-tasks-recurring-68c32d59-758f-49e3-b0dd-494ace7574dc.webp	web/automations/clickup-web-automations-recurring-68c32d59-758f-49e3-b0dd-494ace7574dc.webp	reclassified by content: recurring screen -> automations
web/tasks/clickup-web-tasks-recurring-88da3ba0-5a75-455d-b287-a3d066ec8e87.webp	web/automations/clickup-web-automations-recurring-88da3ba0-5a75-455d-b287-a3d066ec8e87.webp	reclassified by content: recurring screen -> automations
web/tasks/clickup-web-tasks-recurring-949dcb96-9436-46aa-85e4-dbe55ef2e9e0.webp	web/automations/clickup-web-automations-recurring-949dcb96-9436-46aa-85e4-dbe55ef2e9e0.webp	reclassified by content: recurring screen -> automations
web/tasks/clickup-web-tasks-recurring-ee88615b-80bc-44f8-83a1-d261162c7f4e.webp	web/automations/clickup-web-automations-recurring-ee88615b-80bc-44f8-83a1-d261162c7f4e.webp	reclassified by content: recurring screen -> automations
web/tasks/clickup-web-tasks-recurring-f67622ef-b2d6-46f6-8136-8188d82a090b.webp	web/time-tracking/clickup-web-time-tracking-recurring-f67622ef-b2d6-46f6-8136-8188d82a090b.webp	reclassified by content: recurring screen -> time-tracking
web/tasks/clickup-web-tasks-relationships-33217516-b014-4be6-bbe4-5ebcd4ff13f9.webp	web/settings/clickup-web-settings-relationships-33217516-b014-4be6-bbe4-5ebcd4ff13f9.webp	reclassified by content: relationships screen -> settings
web/tasks/clickup-web-tasks-relationships-467656d2-22e1-4c44-ae96-3b105267804a.webp	web/docs/clickup-web-docs-relationships-467656d2-22e1-4c44-ae96-3b105267804a.webp	reclassified by content: relationships screen -> docs
web/tasks/clickup-web-tasks-relationships-6692b9cc-c3ba-4ffb-a8c9-cf000f421077.webp	web/chat/clickup-web-chat-relationships-6692b9cc-c3ba-4ffb-a8c9-cf000f421077.webp	reclassified by content: relationships screen -> chat
web/tasks/clickup-web-tasks-relationships-976fedf7-a4b8-48b8-8188-107392be95d3.webp	web/docs/clickup-web-docs-relationships-976fedf7-a4b8-48b8-8188-107392be95d3.webp	reclassified by content: relationships screen -> docs
web/tasks/clickup-web-tasks-relationships-ad4f1f36-d066-4709-9c73-8672f5c91fba.webp	web/docs/clickup-web-docs-relationships-ad4f1f36-d066-4709-9c73-8672f5c91fba.webp	reclassified by content: relationships screen -> docs
web/tasks/clickup-web-tasks-relationships-e670b3b0-4a98-4226-8e72-4e07c6958894.webp	web/docs/clickup-web-docs-relationships-e670b3b0-4a98-4226-8e72-4e07c6958894.webp	reclassified by content: relationships screen -> docs
web/tasks/clickup-web-tasks-relationships-f7640282-07f7-4c6c-a901-7bc9df06ea18.webp	web/database/clickup-web-database-relationships-f7640282-07f7-4c6c-a901-7bc9df06ea18.webp	reclassified by content: relationships screen -> database
web/tasks/clickup-web-tasks-schedule-00adc630-6113-4757-8ded-522f323f4426.webp	web/dashboards/clickup-web-dashboards-schedule-00adc630-6113-4757-8ded-522f323f4426.webp	reclassified by content: schedule screen -> dashboards
web/tasks/clickup-web-tasks-schedule-0fe2bd7b-a6f6-4611-9be4-2051a6f6312d.webp	web/automations/clickup-web-automations-schedule-0fe2bd7b-a6f6-4611-9be4-2051a6f6312d.webp	reclassified by content: schedule screen -> automations
web/tasks/clickup-web-tasks-schedule-11a8c326-4192-453c-8f4f-9ef603d25429.webp	web/ai/clickup-web-ai-schedule-11a8c326-4192-453c-8f4f-9ef603d25429.webp	reclassified by content: schedule screen -> ai
web/tasks/clickup-web-tasks-schedule-25f50c34-3980-4f56-a180-8950b74db77b.webp	web/ai/clickup-web-ai-schedule-25f50c34-3980-4f56-a180-8950b74db77b.webp	reclassified by content: schedule screen -> ai
web/tasks/clickup-web-tasks-schedule-3d1d8c14-c6ae-44c3-a6fb-04a6e896935f.webp	web/automations/clickup-web-automations-schedule-3d1d8c14-c6ae-44c3-a6fb-04a6e896935f.webp	reclassified by content: schedule screen -> automations
web/tasks/clickup-web-tasks-schedule-4d6380fa-fec0-426a-b5f7-7cf55a1a31ac.webp	web/ai/clickup-web-ai-schedule-4d6380fa-fec0-426a-b5f7-7cf55a1a31ac.webp	reclassified by content: schedule screen -> ai
web/tasks/clickup-web-tasks-schedule-68c32d59-758f-49e3-b0dd-494ace7574dc.webp	web/automations/clickup-web-automations-schedule-68c32d59-758f-49e3-b0dd-494ace7574dc.webp	reclassified by content: schedule screen -> automations
web/tasks/clickup-web-tasks-schedule-6a0d62cb-9e16-46d1-9e20-8c83bed8b400.webp	web/ai/clickup-web-ai-schedule-6a0d62cb-9e16-46d1-9e20-8c83bed8b400.webp	reclassified by content: schedule screen -> ai
web/tasks/clickup-web-tasks-schedule-949dcb96-9436-46aa-85e4-dbe55ef2e9e0.webp	web/automations/clickup-web-automations-schedule-949dcb96-9436-46aa-85e4-dbe55ef2e9e0.webp	reclassified by content: schedule screen -> automations
web/tasks/clickup-web-tasks-schedule-b84d2a2c-07f2-4598-a18e-735f71eb1a5e.webp	web/ai/clickup-web-ai-schedule-b84d2a2c-07f2-4598-a18e-735f71eb1a5e.webp	reclassified by content: schedule screen -> ai
web/tasks/clickup-web-tasks-schedule-dc607ab6-d58a-47cb-8c40-7c388bc30b70.webp	web/automations/clickup-web-automations-schedule-dc607ab6-d58a-47cb-8c40-7c388bc30b70.webp	reclassified by content: schedule screen -> automations
web/tasks/clickup-web-tasks-schedule-ee88615b-80bc-44f8-83a1-d261162c7f4e.webp	web/automations/clickup-web-automations-schedule-ee88615b-80bc-44f8-83a1-d261162c7f4e.webp	reclassified by content: schedule screen -> automations
web/tasks/clickup-web-tasks-status-picker-018c4c40-5899-4ba2-bbc7-860ab1c8628c.webp	web/settings/clickup-web-settings-status-picker-018c4c40-5899-4ba2-bbc7-860ab1c8628c.webp	reclassified by content: status-picker screen -> settings
web/tasks/clickup-web-tasks-status-picker-4b7b43a9-f7cb-4e44-a458-45ba7b721d65.webp	web/database/clickup-web-database-status-picker-4b7b43a9-f7cb-4e44-a458-45ba7b721d65.webp	reclassified by content: status-picker screen -> database
web/tasks/clickup-web-tasks-status-picker-51e94e56-60f6-41ec-b381-928196f33927.webp	web/settings/clickup-web-settings-status-picker-51e94e56-60f6-41ec-b381-928196f33927.webp	reclassified by content: status-picker screen -> settings
web/tasks/clickup-web-tasks-status-picker-5c42acc9-93a6-4255-982d-f927a1ec6da8.webp	web/dashboards/clickup-web-dashboards-status-picker-5c42acc9-93a6-4255-982d-f927a1ec6da8.webp	reclassified by content: status-picker screen -> dashboards
web/tasks/clickup-web-tasks-status-picker-7339030f-2aba-4f8a-b67f-0f076f9e0ebe.webp	web/navigation/clickup-web-navigation-status-picker-7339030f-2aba-4f8a-b67f-0f076f9e0ebe.webp	reclassified by content: status-picker screen -> navigation
web/tasks/clickup-web-tasks-status-picker-75f602a6-93c0-44e1-a4d2-67d05d9a3e7a.webp	web/navigation/clickup-web-navigation-status-picker-75f602a6-93c0-44e1-a4d2-67d05d9a3e7a.webp	reclassified by content: status-picker screen -> navigation
web/tasks/clickup-web-tasks-status-picker-80ac3bdf-9706-4239-8191-f6befce4e86c.webp	web/dashboards/clickup-web-dashboards-status-picker-80ac3bdf-9706-4239-8191-f6befce4e86c.webp	reclassified by content: status-picker screen -> dashboards
web/tasks/clickup-web-tasks-status-picker-8a714ab4-93a1-4c57-8cfd-fff72cb02f75.webp	web/database/clickup-web-database-status-picker-8a714ab4-93a1-4c57-8cfd-fff72cb02f75.webp	reclassified by content: status-picker screen -> database
web/tasks/clickup-web-tasks-status-picker-bab1508c-6abf-42fb-8d0c-8abd13056f8d.webp	web/settings/clickup-web-settings-status-picker-bab1508c-6abf-42fb-8d0c-8abd13056f8d.webp	reclassified by content: status-picker screen -> settings
web/tasks/clickup-web-tasks-status-picker-bf85aa7d-003b-4727-9e34-ea8e8979d9bf.webp	web/navigation/clickup-web-navigation-status-picker-bf85aa7d-003b-4727-9e34-ea8e8979d9bf.webp	reclassified by content: status-picker screen -> navigation
web/tasks/clickup-web-tasks-subtasks-checklists-752d9d53-f9ea-47c6-9d66-2e04e9189a27.webp	web/settings/clickup-web-settings-subtasks-checklists-752d9d53-f9ea-47c6-9d66-2e04e9189a27.webp	reclassified by content: subtasks-checklists screen -> settings
web/tasks/clickup-web-tasks-subtasks-checklists-d0c81936-c473-405f-948c-b6626e769534.webp	web/onboarding/clickup-web-onboarding-subtasks-checklists-d0c81936-c473-405f-948c-b6626e769534.webp	reclassified by content: subtasks-checklists screen -> onboarding
web/tasks/clickup-web-tasks-subtasks-checklists-f01ac3cb-2517-43d1-a194-c99d4bef3117.webp	web/whiteboard/clickup-web-whiteboard-subtasks-checklists-f01ac3cb-2517-43d1-a194-c99d4bef3117.webp	reclassified by content: subtasks-checklists screen -> whiteboard
web/tasks/clickup-web-tasks-tags-342d30e9-8082-4c31-8c3c-5bdd56e5023a.webp	web/views/clickup-web-views-tags-342d30e9-8082-4c31-8c3c-5bdd56e5023a.webp	reclassified by content: tags screen -> views
web/tasks/clickup-web-tasks-task-cover-4d289437-9d5b-469a-b68c-b8b0a9a68000.webp	web/settings/clickup-web-settings-task-cover-4d289437-9d5b-469a-b68c-b8b0a9a68000.webp	reclassified by content: task-cover screen -> settings
web/tasks/clickup-web-tasks-task-detail-2beaf769-f769-4474-a7ba-c21a319b8745.webp	web/reports/clickup-web-reports-task-detail-2beaf769-f769-4474-a7ba-c21a319b8745.webp	reclassified by content: task-detail screen -> reports
web/tasks/clickup-web-tasks-task-detail-4d289437-9d5b-469a-b68c-b8b0a9a68000.webp	web/settings/clickup-web-settings-task-detail-4d289437-9d5b-469a-b68c-b8b0a9a68000.webp	reclassified by content: task-detail screen -> settings
web/tasks/clickup-web-tasks-task-detail-67624540-96b2-48d6-b884-d43546e106f0.webp	web/database/clickup-web-database-task-detail-67624540-96b2-48d6-b884-d43546e106f0.webp	reclassified by content: task-detail screen -> database
web/tasks/clickup-web-tasks-task-detail-b31fa6a1-4ddd-49ba-8b8b-8a2ee9aecaab.webp	web/database/clickup-web-database-task-detail-b31fa6a1-4ddd-49ba-8b8b-8a2ee9aecaab.webp	reclassified by content: task-detail screen -> database
web/tasks/clickup-web-tasks-task-detail-b50c0675-3e54-4be6-b090-9eafd195bc81.webp	web/forms/clickup-web-forms-task-detail-b50c0675-3e54-4be6-b090-9eafd195bc81.webp	reclassified by content: task-detail screen -> forms
web/tasks/clickup-web-tasks-task-modal-513023bc-fd07-46aa-acdd-9512a44afe4b.webp	web/dashboards/clickup-web-dashboards-task-modal-513023bc-fd07-46aa-acdd-9512a44afe4b.webp	reclassified by content: task-modal screen -> dashboards
web/tasks/clickup-web-tasks-task-modal-67624540-96b2-48d6-b884-d43546e106f0.webp	web/database/clickup-web-database-task-modal-67624540-96b2-48d6-b884-d43546e106f0.webp	reclassified by content: task-modal screen -> database
web/tasks/clickup-web-tasks-task-modal-d0c81936-c473-405f-948c-b6626e769534.webp	web/onboarding/clickup-web-onboarding-task-modal-d0c81936-c473-405f-948c-b6626e769534.webp	reclassified by content: task-modal screen -> onboarding
web/tasks/clickup-web-tasks-time-tracking-17264b62-ae09-4fb4-a72a-a55a4003a2f5.webp	web/ai/clickup-web-ai-time-tracking-17264b62-ae09-4fb4-a72a-a55a4003a2f5.webp	reclassified by content: time-tracking screen -> ai
web/tasks/clickup-web-tasks-time-tracking-640d7777-23f1-4a63-9b51-71f6e7008935.webp	web/time-tracking/clickup-web-time-tracking-time-tracking-640d7777-23f1-4a63-9b51-71f6e7008935.webp	reclassified by content: time-tracking screen -> time-tracking
web/settings/clickup-web-settings-appearance-3a27221c-19ac-45f1-9f52-ad844afe7b5f.webp	web/navigation/clickup-web-navigation-appearance-3a27221c-19ac-45f1-9f52-ad844afe7b5f.webp	reclassified by content: appearance screen -> navigation
web/settings/clickup-web-settings-appearance-af2721ba-840a-45de-8dbb-bc9df4c34b35.webp	web/navigation/clickup-web-navigation-appearance-af2721ba-840a-45de-8dbb-bc9df4c34b35.webp	reclassified by content: appearance screen -> navigation
web/settings/clickup-web-settings-appearance-ced681aa-8474-496f-9ab0-924ee52a00ee.webp	web/navigation/clickup-web-navigation-appearance-ced681aa-8474-496f-9ab0-924ee52a00ee.webp	reclassified by content: appearance screen -> navigation
web/settings/clickup-web-settings-archive-2b31b650-507e-4a92-9c4f-d72428104a7f.webp	web/menus/clickup-web-menus-archive-2b31b650-507e-4a92-9c4f-d72428104a7f.webp	reclassified by content: archive screen -> menus
web/settings/clickup-web-settings-archive-4652acbf-48cd-4d01-a776-85cb30e0dba6.webp	web/menus/clickup-web-menus-archive-4652acbf-48cd-4d01-a776-85cb30e0dba6.webp	reclassified by content: archive screen -> menus
web/settings/clickup-web-settings-archive-48776cc6-9631-49ca-a614-2e58ce73cc52.webp	web/tasks/clickup-web-tasks-archive-48776cc6-9631-49ca-a614-2e58ce73cc52.webp	reclassified by content: archive screen -> tasks
web/settings/clickup-web-settings-archive-50dc1863-5b8f-4c19-b7b9-74bad9dc3a61.webp	web/dashboards/clickup-web-dashboards-archive-50dc1863-5b8f-4c19-b7b9-74bad9dc3a61.webp	reclassified by content: archive screen -> dashboards
web/settings/clickup-web-settings-archive-5e65f2f8-de04-4b6a-a5c5-dddb990e878f.webp	web/tasks/clickup-web-tasks-archive-5e65f2f8-de04-4b6a-a5c5-dddb990e878f.webp	reclassified by content: archive screen -> tasks
web/settings/clickup-web-settings-archive-7266b502-d0a5-40bc-b4e9-a1bb81015ec1.webp	web/dialogs/clickup-web-dialogs-archive-7266b502-d0a5-40bc-b4e9-a1bb81015ec1.webp	reclassified by content: archive screen -> dialogs
web/settings/clickup-web-settings-archive-9eeb568a-a106-4829-b4a5-d9678708d41e.webp	web/dialogs/clickup-web-dialogs-archive-9eeb568a-a106-4829-b4a5-d9678708d41e.webp	reclassified by content: archive screen -> dialogs
web/settings/clickup-web-settings-archive-caff93fc-a78d-413a-bd6b-01c82845b482.webp	web/menus/clickup-web-menus-archive-caff93fc-a78d-413a-bd6b-01c82845b482.webp	reclassified by content: archive screen -> menus
web/settings/clickup-web-settings-archive-cd13cd94-378a-4421-800f-462b79571473.webp	web/extra/clickup-web-extra-archive-cd13cd94-378a-4421-800f-462b79571473.webp	reclassified by content: archive screen -> extra
web/settings/clickup-web-settings-automations-0fe2bd7b-a6f6-4611-9be4-2051a6f6312d.webp	web/automations/clickup-web-automations-automations-0fe2bd7b-a6f6-4611-9be4-2051a6f6312d.webp	reclassified by content: automations screen -> automations
web/settings/clickup-web-settings-automations-1021a77d-4fff-4282-b053-442fe4c88893.webp	web/automations/clickup-web-automations-automations-1021a77d-4fff-4282-b053-442fe4c88893.webp	reclassified by content: automations screen -> automations
web/settings/clickup-web-settings-automations-11a8c326-4192-453c-8f4f-9ef603d25429.webp	web/ai/clickup-web-ai-automations-11a8c326-4192-453c-8f4f-9ef603d25429.webp	reclassified by content: automations screen -> ai
web/settings/clickup-web-settings-automations-1f656587-efac-47af-a366-cd2fbbabf72b.webp	web/automations/clickup-web-automations-automations-1f656587-efac-47af-a366-cd2fbbabf72b.webp	reclassified by content: automations screen -> automations
web/settings/clickup-web-settings-automations-25f50c34-3980-4f56-a180-8950b74db77b.webp	web/ai/clickup-web-ai-automations-25f50c34-3980-4f56-a180-8950b74db77b.webp	reclassified by content: automations screen -> ai
web/settings/clickup-web-settings-automations-39710fad-619a-4366-8bbb-f1e57b27625b.webp	web/automations/clickup-web-automations-automations-39710fad-619a-4366-8bbb-f1e57b27625b.webp	reclassified by content: automations screen -> automations
web/settings/clickup-web-settings-automations-3b76865e-6486-49cc-a506-1f623cfae1e1.webp	web/dashboards/clickup-web-dashboards-automations-3b76865e-6486-49cc-a506-1f623cfae1e1.webp	reclassified by content: automations screen -> dashboards
web/settings/clickup-web-settings-automations-3d1d8c14-c6ae-44c3-a6fb-04a6e896935f.webp	web/automations/clickup-web-automations-automations-3d1d8c14-c6ae-44c3-a6fb-04a6e896935f.webp	reclassified by content: automations screen -> automations
web/settings/clickup-web-settings-automations-3f70b74f-2e7b-42a4-81f7-f9750a39722c.webp	web/automations/clickup-web-automations-automations-3f70b74f-2e7b-42a4-81f7-f9750a39722c.webp	reclassified by content: automations screen -> automations
web/settings/clickup-web-settings-automations-45f020cf-80c6-4d5e-9f4e-2974f661c0dd.webp	web/automations/clickup-web-automations-automations-45f020cf-80c6-4d5e-9f4e-2974f661c0dd.webp	reclassified by content: automations screen -> automations
web/settings/clickup-web-settings-automations-4d6380fa-fec0-426a-b5f7-7cf55a1a31ac.webp	web/ai/clickup-web-ai-automations-4d6380fa-fec0-426a-b5f7-7cf55a1a31ac.webp	reclassified by content: automations screen -> ai
web/settings/clickup-web-settings-automations-55da0926-64ca-41c6-afa7-a2c02f00c541.webp	web/tasks/clickup-web-tasks-automations-55da0926-64ca-41c6-afa7-a2c02f00c541.webp	reclassified by content: automations screen -> tasks
web/settings/clickup-web-settings-automations-5c131ec2-b561-4d01-9d4e-42ef661cc48a.webp	web/ai/clickup-web-ai-automations-5c131ec2-b561-4d01-9d4e-42ef661cc48a.webp	reclassified by content: automations screen -> ai
web/settings/clickup-web-settings-automations-68c32d59-758f-49e3-b0dd-494ace7574dc.webp	web/automations/clickup-web-automations-automations-68c32d59-758f-49e3-b0dd-494ace7574dc.webp	reclassified by content: automations screen -> automations
web/settings/clickup-web-settings-automations-6a0d62cb-9e16-46d1-9e20-8c83bed8b400.webp	web/ai/clickup-web-ai-automations-6a0d62cb-9e16-46d1-9e20-8c83bed8b400.webp	reclassified by content: automations screen -> ai
web/settings/clickup-web-settings-automations-70d5a880-5a14-41fc-8e1d-793a90981e12.webp	web/ai/clickup-web-ai-automations-70d5a880-5a14-41fc-8e1d-793a90981e12.webp	reclassified by content: automations screen -> ai
web/settings/clickup-web-settings-automations-7ceffea0-7489-4926-b5c1-99e411343af0.webp	web/ai/clickup-web-ai-automations-7ceffea0-7489-4926-b5c1-99e411343af0.webp	reclassified by content: automations screen -> ai
web/settings/clickup-web-settings-automations-88da3ba0-5a75-455d-b287-a3d066ec8e87.webp	web/automations/clickup-web-automations-automations-88da3ba0-5a75-455d-b287-a3d066ec8e87.webp	reclassified by content: automations screen -> automations
web/settings/clickup-web-settings-automations-92226a0f-a8de-466c-a995-fb5c238060a4.webp	web/marketing/clickup-web-marketing-automations-92226a0f-a8de-466c-a995-fb5c238060a4.webp	reclassified by content: automations screen -> marketing
web/settings/clickup-web-settings-automations-92b59974-0c99-47af-a55f-2739690a67ec.webp	web/automations/clickup-web-automations-automations-92b59974-0c99-47af-a55f-2739690a67ec.webp	reclassified by content: automations screen -> automations
web/settings/clickup-web-settings-automations-949dcb96-9436-46aa-85e4-dbe55ef2e9e0.webp	web/automations/clickup-web-automations-automations-949dcb96-9436-46aa-85e4-dbe55ef2e9e0.webp	reclassified by content: automations screen -> automations
web/settings/clickup-web-settings-automations-a33570e2-4678-4ec4-ba92-431683678c53.webp	web/automations/clickup-web-automations-automations-a33570e2-4678-4ec4-ba92-431683678c53.webp	reclassified by content: automations screen -> automations
web/settings/clickup-web-settings-automations-a46d689b-a3fc-46fc-bba6-652fde9bdbe6.webp	web/automations/clickup-web-automations-automations-a46d689b-a3fc-46fc-bba6-652fde9bdbe6.webp	reclassified by content: automations screen -> automations
web/settings/clickup-web-settings-automations-a7237953-e177-4969-8e58-c3e7d91379cd.webp	web/tasks/clickup-web-tasks-automations-a7237953-e177-4969-8e58-c3e7d91379cd.webp	reclassified by content: automations screen -> tasks
web/settings/clickup-web-settings-automations-a81d5823-cfdb-4258-b943-d02e88a60e32.webp	web/automations/clickup-web-automations-automations-a81d5823-cfdb-4258-b943-d02e88a60e32.webp	reclassified by content: automations screen -> automations
web/settings/clickup-web-settings-automations-ae953626-33be-4894-a047-232cc8e4b871.webp	web/automations/clickup-web-automations-automations-ae953626-33be-4894-a047-232cc8e4b871.webp	reclassified by content: automations screen -> automations
web/settings/clickup-web-settings-automations-b31fa6a1-4ddd-49ba-8b8b-8a2ee9aecaab.webp	web/database/clickup-web-database-automations-b31fa6a1-4ddd-49ba-8b8b-8a2ee9aecaab.webp	reclassified by content: automations screen -> database
web/settings/clickup-web-settings-automations-b84d2a2c-07f2-4598-a18e-735f71eb1a5e.webp	web/ai/clickup-web-ai-automations-b84d2a2c-07f2-4598-a18e-735f71eb1a5e.webp	reclassified by content: automations screen -> ai
web/settings/clickup-web-settings-automations-c7c6bac2-ff3d-407b-8bd6-6c2596af0a8f.webp	web/automations/clickup-web-automations-automations-c7c6bac2-ff3d-407b-8bd6-6c2596af0a8f.webp	reclassified by content: automations screen -> automations
web/settings/clickup-web-settings-automations-c7fd932a-9a76-46b8-92fd-5af1cf84b247.webp	web/automations/clickup-web-automations-automations-c7fd932a-9a76-46b8-92fd-5af1cf84b247.webp	reclassified by content: automations screen -> automations
web/settings/clickup-web-settings-automations-d9e5cd66-b250-481f-b582-72e95f678b92.webp	web/database/clickup-web-database-automations-d9e5cd66-b250-481f-b582-72e95f678b92.webp	reclassified by content: automations screen -> database
web/settings/clickup-web-settings-automations-dc607ab6-d58a-47cb-8c40-7c388bc30b70.webp	web/automations/clickup-web-automations-automations-dc607ab6-d58a-47cb-8c40-7c388bc30b70.webp	reclassified by content: automations screen -> automations
web/settings/clickup-web-settings-automations-de77b8ae-65ae-44eb-a6d6-8124f81bde91.webp	web/ai/clickup-web-ai-automations-de77b8ae-65ae-44eb-a6d6-8124f81bde91.webp	reclassified by content: automations screen -> ai
web/settings/clickup-web-settings-automations-dface2d7-6dd1-4530-a0b7-069df5aca6df.webp	web/automations/clickup-web-automations-automations-dface2d7-6dd1-4530-a0b7-069df5aca6df.webp	reclassified by content: automations screen -> automations
web/settings/clickup-web-settings-automations-e97dc953-7425-4e32-a143-42a77f55e25f.webp	web/automations/clickup-web-automations-automations-e97dc953-7425-4e32-a143-42a77f55e25f.webp	reclassified by content: automations screen -> automations
web/settings/clickup-web-settings-automations-ee88615b-80bc-44f8-83a1-d261162c7f4e.webp	web/automations/clickup-web-automations-automations-ee88615b-80bc-44f8-83a1-d261162c7f4e.webp	reclassified by content: automations screen -> automations
web/settings/clickup-web-settings-automations-f08ec96d-d7ef-4a96-bc72-4e2bd25c8ddc.webp	web/database/clickup-web-database-automations-f08ec96d-d7ef-4a96-bc72-4e2bd25c8ddc.webp	reclassified by content: automations screen -> database
web/settings/clickup-web-settings-automations-f59c1b42-1458-4883-83e3-3e97bd3e4e34.webp	web/database/clickup-web-database-automations-f59c1b42-1458-4883-83e3-3e97bd3e4e34.webp	reclassified by content: automations screen -> database
web/settings/clickup-web-settings-automations-fb338c7a-2e9c-412b-bcdb-99f26c2073d2.webp	web/database/clickup-web-database-automations-fb338c7a-2e9c-412b-bcdb-99f26c2073d2.webp	reclassified by content: automations screen -> database
web/settings/clickup-web-settings-clickapps-2b31b650-507e-4a92-9c4f-d72428104a7f.webp	web/menus/clickup-web-menus-clickapps-2b31b650-507e-4a92-9c4f-d72428104a7f.webp	reclassified by content: clickapps screen -> menus
web/settings/clickup-web-settings-clickapps-3a27221c-19ac-45f1-9f52-ad844afe7b5f.webp	web/navigation/clickup-web-navigation-clickapps-3a27221c-19ac-45f1-9f52-ad844afe7b5f.webp	reclassified by content: clickapps screen -> navigation
web/settings/clickup-web-settings-clickapps-545104d5-ed18-4aac-8e44-902f43b5b14e.webp	web/dashboards/clickup-web-dashboards-clickapps-545104d5-ed18-4aac-8e44-902f43b5b14e.webp	reclassified by content: clickapps screen -> dashboards
web/settings/clickup-web-settings-clickapps-b390800f-2078-41fb-81f6-22ec2770beab.webp	web/database/clickup-web-database-clickapps-b390800f-2078-41fb-81f6-22ec2770beab.webp	reclassified by content: clickapps screen -> database
web/settings/clickup-web-settings-clickapps-ced681aa-8474-496f-9ab0-924ee52a00ee.webp	web/navigation/clickup-web-navigation-clickapps-ced681aa-8474-496f-9ab0-924ee52a00ee.webp	reclassified by content: clickapps screen -> navigation
web/settings/clickup-web-settings-clickapps-f08ec96d-d7ef-4a96-bc72-4e2bd25c8ddc.webp	web/database/clickup-web-database-clickapps-f08ec96d-d7ef-4a96-bc72-4e2bd25c8ddc.webp	reclassified by content: clickapps screen -> database
web/settings/clickup-web-settings-connect-app-13ed16fa-4223-44b0-a71e-ba5e15a58c7b.webp	web/chat/clickup-web-chat-connect-app-13ed16fa-4223-44b0-a71e-ba5e15a58c7b.webp	reclassified by content: connect-app screen -> chat
web/settings/clickup-web-settings-connect-app-2282cb40-a12f-4636-9704-5f3533e0de72.webp	web/ai/clickup-web-ai-connect-app-2282cb40-a12f-4636-9704-5f3533e0de72.webp	reclassified by content: connect-app screen -> ai
web/settings/clickup-web-settings-connect-app-3cd06dda-79d0-419b-89e1-913e6d129aa8.webp	web/onboarding/clickup-web-onboarding-connect-app-3cd06dda-79d0-419b-89e1-913e6d129aa8.webp	reclassified by content: connect-app screen -> onboarding
web/settings/clickup-web-settings-connect-app-500fb680-2d55-4665-b009-ce33f0f3dad0.webp	web/onboarding/clickup-web-onboarding-connect-app-500fb680-2d55-4665-b009-ce33f0f3dad0.webp	reclassified by content: connect-app screen -> onboarding
web/settings/clickup-web-settings-connect-app-57f09ccb-0688-4555-9730-159851019907.webp	web/onboarding/clickup-web-onboarding-connect-app-57f09ccb-0688-4555-9730-159851019907.webp	reclassified by content: connect-app screen -> onboarding
web/settings/clickup-web-settings-connect-app-5aa858a2-5d36-402c-add8-346247fc2eb4.webp	web/ai/clickup-web-ai-connect-app-5aa858a2-5d36-402c-add8-346247fc2eb4.webp	reclassified by content: connect-app screen -> ai
web/settings/clickup-web-settings-connect-app-7f83c61b-a654-42d8-b74f-663fda621ef3.webp	web/ai/clickup-web-ai-connect-app-7f83c61b-a654-42d8-b74f-663fda621ef3.webp	reclassified by content: connect-app screen -> ai
web/settings/clickup-web-settings-connect-app-92226a0f-a8de-466c-a995-fb5c238060a4.webp	web/marketing/clickup-web-marketing-connect-app-92226a0f-a8de-466c-a995-fb5c238060a4.webp	reclassified by content: connect-app screen -> marketing
web/settings/clickup-web-settings-connect-app-b78f52e6-749c-48cd-a667-2a68e3310286.webp	web/marketing/clickup-web-marketing-connect-app-b78f52e6-749c-48cd-a667-2a68e3310286.webp	reclassified by content: connect-app screen -> marketing
web/settings/clickup-web-settings-connect-app-c8484ba2-fdac-4bdd-9f35-a1857c2a0d71.webp	web/onboarding/clickup-web-onboarding-connect-app-c8484ba2-fdac-4bdd-9f35-a1857c2a0d71.webp	reclassified by content: connect-app screen -> onboarding
web/settings/clickup-web-settings-connect-app-d3c54985-e743-4bc8-9bee-fa19a253fd70.webp	web/onboarding/clickup-web-onboarding-connect-app-d3c54985-e743-4bc8-9bee-fa19a253fd70.webp	reclassified by content: connect-app screen -> onboarding
web/settings/clickup-web-settings-export-00adc630-6113-4757-8ded-522f323f4426.webp	web/dashboards/clickup-web-dashboards-export-00adc630-6113-4757-8ded-522f323f4426.webp	reclassified by content: export screen -> dashboards
web/settings/clickup-web-settings-export-41783e65-4e7e-41f7-968f-ab187287076f.webp	web/collaboration/clickup-web-collaboration-export-41783e65-4e7e-41f7-968f-ab187287076f.webp	reclassified by content: export screen -> collaboration
web/settings/clickup-web-settings-export-4c32bb93-7436-4aa7-b59a-01a12f89bf20.webp	web/collaboration/clickup-web-collaboration-export-4c32bb93-7436-4aa7-b59a-01a12f89bf20.webp	reclassified by content: export screen -> collaboration
web/settings/clickup-web-settings-export-51ef8c0b-9150-40d5-ab8e-3765d126cf69.webp	web/tasks/clickup-web-tasks-export-51ef8c0b-9150-40d5-ab8e-3765d126cf69.webp	reclassified by content: export screen -> tasks
web/settings/clickup-web-settings-export-6f429054-91b4-4fc4-bb7c-c013dd7f26e5.webp	web/collaboration/clickup-web-collaboration-export-6f429054-91b4-4fc4-bb7c-c013dd7f26e5.webp	reclassified by content: export screen -> collaboration
web/settings/clickup-web-settings-import-13ed16fa-4223-44b0-a71e-ba5e15a58c7b.webp	web/chat/clickup-web-chat-import-13ed16fa-4223-44b0-a71e-ba5e15a58c7b.webp	reclassified by content: import screen -> chat
web/settings/clickup-web-settings-import-15526a57-5058-4a4c-ac7c-cc91dc10951b.webp	web/database/clickup-web-database-import-15526a57-5058-4a4c-ac7c-cc91dc10951b.webp	reclassified by content: import screen -> database
web/settings/clickup-web-settings-import-422c8f8c-51a4-4bc6-9b4c-86a4ea0a7c65.webp	web/chat/clickup-web-chat-import-422c8f8c-51a4-4bc6-9b4c-86a4ea0a7c65.webp	reclassified by content: import screen -> chat
web/settings/clickup-web-settings-import-43697679-5964-4f85-99d5-fbac885fe25a.webp	web/chat/clickup-web-chat-import-43697679-5964-4f85-99d5-fbac885fe25a.webp	reclassified by content: import screen -> chat
web/settings/clickup-web-settings-import-4b6c0450-3293-44e2-ad9d-8b46fba592c2.webp	web/tasks/clickup-web-tasks-import-4b6c0450-3293-44e2-ad9d-8b46fba592c2.webp	reclassified by content: import screen -> tasks
web/settings/clickup-web-settings-import-500fb680-2d55-4665-b009-ce33f0f3dad0.webp	web/onboarding/clickup-web-onboarding-import-500fb680-2d55-4665-b009-ce33f0f3dad0.webp	reclassified by content: import screen -> onboarding
web/settings/clickup-web-settings-import-5aa858a2-5d36-402c-add8-346247fc2eb4.webp	web/ai/clickup-web-ai-import-5aa858a2-5d36-402c-add8-346247fc2eb4.webp	reclassified by content: import screen -> ai
web/settings/clickup-web-settings-import-6692b9cc-c3ba-4ffb-a8c9-cf000f421077.webp	web/chat/clickup-web-chat-import-6692b9cc-c3ba-4ffb-a8c9-cf000f421077.webp	reclassified by content: import screen -> chat
web/settings/clickup-web-settings-import-7f83c61b-a654-42d8-b74f-663fda621ef3.webp	web/ai/clickup-web-ai-import-7f83c61b-a654-42d8-b74f-663fda621ef3.webp	reclassified by content: import screen -> ai
web/settings/clickup-web-settings-import-90c40832-868e-4102-9fc2-e804a327f468.webp	web/chat/clickup-web-chat-import-90c40832-868e-4102-9fc2-e804a327f468.webp	reclassified by content: import screen -> chat
web/settings/clickup-web-settings-import-92226a0f-a8de-466c-a995-fb5c238060a4.webp	web/marketing/clickup-web-marketing-import-92226a0f-a8de-466c-a995-fb5c238060a4.webp	reclassified by content: import screen -> marketing
web/settings/clickup-web-settings-import-b78f52e6-749c-48cd-a667-2a68e3310286.webp	web/marketing/clickup-web-marketing-import-b78f52e6-749c-48cd-a667-2a68e3310286.webp	reclassified by content: import screen -> marketing
web/settings/clickup-web-settings-import-c8484ba2-fdac-4bdd-9f35-a1857c2a0d71.webp	web/onboarding/clickup-web-onboarding-import-c8484ba2-fdac-4bdd-9f35-a1857c2a0d71.webp	reclassified by content: import screen -> onboarding
web/settings/clickup-web-settings-import-e09c2958-609d-4b67-a466-a08fbab6e290.webp	web/navigation/clickup-web-navigation-import-e09c2958-609d-4b67-a466-a08fbab6e290.webp	reclassified by content: import screen -> navigation
web/settings/clickup-web-settings-import-e782583a-ec24-40f0-89b5-eb42bffb8e9c.webp	web/chat/clickup-web-chat-import-e782583a-ec24-40f0-89b5-eb42bffb8e9c.webp	reclassified by content: import screen -> chat
web/settings/clickup-web-settings-import-f7640282-07f7-4c6c-a901-7bc9df06ea18.webp	web/database/clickup-web-database-import-f7640282-07f7-4c6c-a901-7bc9df06ea18.webp	reclassified by content: import screen -> database
web/settings/clickup-web-settings-integrations-2282cb40-a12f-4636-9704-5f3533e0de72.webp	web/ai/clickup-web-ai-integrations-2282cb40-a12f-4636-9704-5f3533e0de72.webp	reclassified by content: integrations screen -> ai
web/settings/clickup-web-settings-integrations-500fb680-2d55-4665-b009-ce33f0f3dad0.webp	web/onboarding/clickup-web-onboarding-integrations-500fb680-2d55-4665-b009-ce33f0f3dad0.webp	reclassified by content: integrations screen -> onboarding
web/settings/clickup-web-settings-integrations-5aa858a2-5d36-402c-add8-346247fc2eb4.webp	web/ai/clickup-web-ai-integrations-5aa858a2-5d36-402c-add8-346247fc2eb4.webp	reclassified by content: integrations screen -> ai
web/settings/clickup-web-settings-integrations-92226a0f-a8de-466c-a995-fb5c238060a4.webp	web/marketing/clickup-web-marketing-integrations-92226a0f-a8de-466c-a995-fb5c238060a4.webp	reclassified by content: integrations screen -> marketing
web/settings/clickup-web-settings-integrations-b78f52e6-749c-48cd-a667-2a68e3310286.webp	web/marketing/clickup-web-marketing-integrations-b78f52e6-749c-48cd-a667-2a68e3310286.webp	reclassified by content: integrations screen -> marketing
web/settings/clickup-web-settings-integrations-c8484ba2-fdac-4bdd-9f35-a1857c2a0d71.webp	web/onboarding/clickup-web-onboarding-integrations-c8484ba2-fdac-4bdd-9f35-a1857c2a0d71.webp	reclassified by content: integrations screen -> onboarding
web/settings/clickup-web-settings-integrations-e09c2958-609d-4b67-a466-a08fbab6e290.webp	web/navigation/clickup-web-navigation-integrations-e09c2958-609d-4b67-a466-a08fbab6e290.webp	reclassified by content: integrations screen -> navigation
web/settings/clickup-web-settings-leave-workspace-2b31b650-507e-4a92-9c4f-d72428104a7f.webp	web/menus/clickup-web-menus-leave-workspace-2b31b650-507e-4a92-9c4f-d72428104a7f.webp	reclassified by content: leave-workspace screen -> menus
web/settings/clickup-web-settings-leave-workspace-2c0a04df-cbd8-4633-8f20-da19fc6e724c.webp	web/onboarding/clickup-web-onboarding-leave-workspace-2c0a04df-cbd8-4633-8f20-da19fc6e724c.webp	reclassified by content: leave-workspace screen -> onboarding
web/settings/clickup-web-settings-leave-workspace-7266b502-d0a5-40bc-b4e9-a1bb81015ec1.webp	web/dialogs/clickup-web-dialogs-leave-workspace-7266b502-d0a5-40bc-b4e9-a1bb81015ec1.webp	reclassified by content: leave-workspace screen -> dialogs
web/settings/clickup-web-settings-leave-workspace-77eddab4-7546-48bd-8284-601dd4910934.webp	web/onboarding/clickup-web-onboarding-leave-workspace-77eddab4-7546-48bd-8284-601dd4910934.webp	reclassified by content: leave-workspace screen -> onboarding
web/settings/clickup-web-settings-leave-workspace-834d8724-4cd8-45d4-b289-f8757a754e89.webp	web/onboarding/clickup-web-onboarding-leave-workspace-834d8724-4cd8-45d4-b289-f8757a754e89.webp	reclassified by content: leave-workspace screen -> onboarding
web/settings/clickup-web-settings-leave-workspace-d3da6d6c-1f3c-4456-ac15-1571796f0e09.webp	web/onboarding/clickup-web-onboarding-leave-workspace-d3da6d6c-1f3c-4456-ac15-1571796f0e09.webp	reclassified by content: leave-workspace screen -> onboarding
web/settings/clickup-web-settings-leave-workspace-e38381a9-8c53-4cd6-8525-4e0aa57d94c2.webp	web/onboarding/clickup-web-onboarding-leave-workspace-e38381a9-8c53-4cd6-8525-4e0aa57d94c2.webp	reclassified by content: leave-workspace screen -> onboarding
web/settings/clickup-web-settings-members-2eb08959-de33-42e3-8873-69508b9d89b3.webp	web/chat/clickup-web-chat-members-2eb08959-de33-42e3-8873-69508b9d89b3.webp	reclassified by content: members screen -> chat
web/settings/clickup-web-settings-members-33fb3324-8c44-4f07-80b1-bd7f77e944b2.webp	web/time-tracking/clickup-web-time-tracking-members-33fb3324-8c44-4f07-80b1-bd7f77e944b2.webp	reclassified by content: members screen -> time-tracking
web/settings/clickup-web-settings-members-41783e65-4e7e-41f7-968f-ab187287076f.webp	web/collaboration/clickup-web-collaboration-members-41783e65-4e7e-41f7-968f-ab187287076f.webp	reclassified by content: members screen -> collaboration
web/settings/clickup-web-settings-members-4c32bb93-7436-4aa7-b59a-01a12f89bf20.webp	web/collaboration/clickup-web-collaboration-members-4c32bb93-7436-4aa7-b59a-01a12f89bf20.webp	reclassified by content: members screen -> collaboration
web/settings/clickup-web-settings-members-58394d8a-db89-4a3d-bd39-7d413ea1b057.webp	web/collaboration/clickup-web-collaboration-members-58394d8a-db89-4a3d-bd39-7d413ea1b057.webp	reclassified by content: members screen -> collaboration
web/settings/clickup-web-settings-members-6f429054-91b4-4fc4-bb7c-c013dd7f26e5.webp	web/collaboration/clickup-web-collaboration-members-6f429054-91b4-4fc4-bb7c-c013dd7f26e5.webp	reclassified by content: members screen -> collaboration
web/settings/clickup-web-settings-members-9d1d666b-c4c8-4809-a0ee-b52729b0a7f1.webp	web/docs/clickup-web-docs-members-9d1d666b-c4c8-4809-a0ee-b52729b0a7f1.webp	reclassified by content: members screen -> docs
web/settings/clickup-web-settings-members-9deaa859-74b6-48cb-94f0-b5c00c275871.webp	web/docs/clickup-web-docs-members-9deaa859-74b6-48cb-94f0-b5c00c275871.webp	reclassified by content: members screen -> docs
web/settings/clickup-web-settings-members-af523b2b-703b-4713-8a30-d84cd7c5d726.webp	web/docs/clickup-web-docs-members-af523b2b-703b-4713-8a30-d84cd7c5d726.webp	reclassified by content: members screen -> docs
web/settings/clickup-web-settings-members-b069524b-4102-4b10-ad6e-7c03fbc6f969.webp	web/reports/clickup-web-reports-members-b069524b-4102-4b10-ad6e-7c03fbc6f969.webp	reclassified by content: members screen -> reports
web/settings/clickup-web-settings-members-c08e386c-1544-43db-8173-14172f5db35f.webp	web/docs/clickup-web-docs-members-c08e386c-1544-43db-8173-14172f5db35f.webp	reclassified by content: members screen -> docs
web/settings/clickup-web-settings-members-d04cea9a-d1ea-4dd2-9a37-98bfd3a128ad.webp	web/collaboration/clickup-web-collaboration-members-d04cea9a-d1ea-4dd2-9a37-98bfd3a128ad.webp	reclassified by content: members screen -> collaboration
web/settings/clickup-web-settings-members-d970fad6-a860-4d61-8dd1-7a4e7f5e7a81.webp	web/docs/clickup-web-docs-members-d970fad6-a860-4d61-8dd1-7a4e7f5e7a81.webp	reclassified by content: members screen -> docs
web/settings/clickup-web-settings-members-db72972b-5f9e-4aed-88f7-d24c9c51e84a.webp	web/docs/clickup-web-docs-members-db72972b-5f9e-4aed-88f7-d24c9c51e84a.webp	reclassified by content: members screen -> docs
web/settings/clickup-web-settings-members-e5e04195-421d-440d-93d9-f858ca07785c.webp	web/docs/clickup-web-docs-members-e5e04195-421d-440d-93d9-f858ca07785c.webp	reclassified by content: members screen -> docs
web/settings/clickup-web-settings-members-e68be92c-13f7-4c93-94b0-90a1758c7199.webp	web/docs/clickup-web-docs-members-e68be92c-13f7-4c93-94b0-90a1758c7199.webp	reclassified by content: members screen -> docs
web/settings/clickup-web-settings-members-fa032fe3-9c60-4aec-b355-dede495fcc34.webp	web/collaboration/clickup-web-collaboration-members-fa032fe3-9c60-4aec-b355-dede495fcc34.webp	reclassified by content: members screen -> collaboration
web/settings/clickup-web-settings-members-fbc78c43-2736-4581-9bc2-a97ee8b9b674.webp	web/docs/clickup-web-docs-members-fbc78c43-2736-4581-9bc2-a97ee8b9b674.webp	reclassified by content: members screen -> docs
web/settings/clickup-web-settings-members-fedc6ea1-15df-45c2-abae-2e1a9290c2ff.webp	web/docs/clickup-web-docs-members-fedc6ea1-15df-45c2-abae-2e1a9290c2ff.webp	reclassified by content: members screen -> docs
web/settings/clickup-web-settings-notification-settings-f67622ef-b2d6-46f6-8136-8188d82a090b.webp	web/time-tracking/clickup-web-time-tracking-notification-settings-f67622ef-b2d6-46f6-8136-8188d82a090b.webp	reclassified by content: notification-settings screen -> time-tracking
web/settings/clickup-web-settings-profile-75f602a6-93c0-44e1-a4d2-67d05d9a3e7a.webp	web/navigation/clickup-web-navigation-profile-75f602a6-93c0-44e1-a4d2-67d05d9a3e7a.webp	reclassified by content: profile screen -> navigation
web/settings/clickup-web-settings-profile-ae864c61-5f63-4b0c-bcb0-274a9106e789.webp	web/collaboration/clickup-web-collaboration-profile-ae864c61-5f63-4b0c-bcb0-274a9106e789.webp	reclassified by content: profile screen -> collaboration
web/settings/clickup-web-settings-profile-card-021ad17f-d555-4614-a6fd-e7eb834b91a5.webp	web/chat/clickup-web-chat-profile-card-021ad17f-d555-4614-a6fd-e7eb834b91a5.webp	reclassified by content: profile-card screen -> chat
web/settings/clickup-web-settings-profile-card-2eb08959-de33-42e3-8873-69508b9d89b3.webp	web/chat/clickup-web-chat-profile-card-2eb08959-de33-42e3-8873-69508b9d89b3.webp	reclassified by content: profile-card screen -> chat
web/settings/clickup-web-settings-profile-card-36758b9b-f6a3-4a8b-b4d2-91c373742924.webp	web/tasks/clickup-web-tasks-profile-card-36758b9b-f6a3-4a8b-b4d2-91c373742924.webp	reclassified by content: profile-card screen -> tasks
web/settings/clickup-web-settings-profile-card-4c32bb93-7436-4aa7-b59a-01a12f89bf20.webp	web/collaboration/clickup-web-collaboration-profile-card-4c32bb93-7436-4aa7-b59a-01a12f89bf20.webp	reclassified by content: profile-card screen -> collaboration
web/settings/clickup-web-settings-profile-card-555a5ea9-8661-4b93-afb8-bc5bf7d08ae1.webp	web/time-tracking/clickup-web-time-tracking-profile-card-555a5ea9-8661-4b93-afb8-bc5bf7d08ae1.webp	reclassified by content: profile-card screen -> time-tracking
web/settings/clickup-web-settings-profile-card-67e3ce27-e9dd-4330-bd4a-e62c9a8adc88.webp	web/ai/clickup-web-ai-profile-card-67e3ce27-e9dd-4330-bd4a-e62c9a8adc88.webp	reclassified by content: profile-card screen -> ai
web/settings/clickup-web-settings-profile-card-d04cea9a-d1ea-4dd2-9a37-98bfd3a128ad.webp	web/collaboration/clickup-web-collaboration-profile-card-d04cea9a-d1ea-4dd2-9a37-98bfd3a128ad.webp	reclassified by content: profile-card screen -> collaboration
web/settings/clickup-web-settings-profile-card-e68be92c-13f7-4c93-94b0-90a1758c7199.webp	web/docs/clickup-web-docs-profile-card-e68be92c-13f7-4c93-94b0-90a1758c7199.webp	reclassified by content: profile-card screen -> docs
web/settings/clickup-web-settings-settings-262cc2b1-3c69-409e-a5ed-0ff61b268e0c.webp	web/database/clickup-web-database-settings-262cc2b1-3c69-409e-a5ed-0ff61b268e0c.webp	reclassified by content: settings screen -> database
web/settings/clickup-web-settings-settings-3a27221c-19ac-45f1-9f52-ad844afe7b5f.webp	web/navigation/clickup-web-navigation-settings-3a27221c-19ac-45f1-9f52-ad844afe7b5f.webp	reclassified by content: settings screen -> navigation
web/settings/clickup-web-settings-settings-70d5a880-5a14-41fc-8e1d-793a90981e12.webp	web/ai/clickup-web-ai-settings-70d5a880-5a14-41fc-8e1d-793a90981e12.webp	reclassified by content: settings screen -> ai
web/settings/clickup-web-settings-settings-8b931845-d40f-4e53-9811-474cb6386be7.webp	web/collaboration/clickup-web-collaboration-settings-8b931845-d40f-4e53-9811-474cb6386be7.webp	reclassified by content: settings screen -> collaboration
web/settings/clickup-web-settings-settings-b390800f-2078-41fb-81f6-22ec2770beab.webp	web/database/clickup-web-database-settings-b390800f-2078-41fb-81f6-22ec2770beab.webp	reclassified by content: settings screen -> database
web/settings/clickup-web-settings-settings-f08ec96d-d7ef-4a96-bc72-4e2bd25c8ddc.webp	web/database/clickup-web-database-settings-f08ec96d-d7ef-4a96-bc72-4e2bd25c8ddc.webp	reclassified by content: settings screen -> database
web/settings/clickup-web-settings-settings-layout-70d5a880-5a14-41fc-8e1d-793a90981e12.webp	web/ai/clickup-web-ai-settings-layout-70d5a880-5a14-41fc-8e1d-793a90981e12.webp	reclassified by content: settings-layout screen -> ai
web/settings/clickup-web-settings-settings-layout-8b931845-d40f-4e53-9811-474cb6386be7.webp	web/collaboration/clickup-web-collaboration-settings-layout-8b931845-d40f-4e53-9811-474cb6386be7.webp	reclassified by content: settings-layout screen -> collaboration
web/settings/clickup-web-settings-sharing-068aa2e8-7270-48c9-a531-a9a788547f06.webp	web/time-tracking/clickup-web-time-tracking-sharing-068aa2e8-7270-48c9-a531-a9a788547f06.webp	reclassified by content: sharing screen -> time-tracking
web/settings/clickup-web-settings-sharing-18c9f97b-571f-4e87-820a-235acea943d8.webp	web/time-tracking/clickup-web-time-tracking-sharing-18c9f97b-571f-4e87-820a-235acea943d8.webp	reclassified by content: sharing screen -> time-tracking
web/settings/clickup-web-settings-sharing-33fb3324-8c44-4f07-80b1-bd7f77e944b2.webp	web/time-tracking/clickup-web-time-tracking-sharing-33fb3324-8c44-4f07-80b1-bd7f77e944b2.webp	reclassified by content: sharing screen -> time-tracking
web/settings/clickup-web-settings-sharing-59bc03be-ce82-40a9-b08a-0338fbae1af0.webp	web/onboarding/clickup-web-onboarding-sharing-59bc03be-ce82-40a9-b08a-0338fbae1af0.webp	reclassified by content: sharing screen -> onboarding
web/settings/clickup-web-settings-sharing-6c8a0e64-3892-434e-98d5-ca494db2e334.webp	web/chat/clickup-web-chat-sharing-6c8a0e64-3892-434e-98d5-ca494db2e334.webp	reclassified by content: sharing screen -> chat
web/settings/clickup-web-settings-sharing-74ab5f06-4a97-4356-8fd8-c5d6d38bf0dd.webp	web/ai/clickup-web-ai-sharing-74ab5f06-4a97-4356-8fd8-c5d6d38bf0dd.webp	reclassified by content: sharing screen -> ai
web/settings/clickup-web-settings-sharing-90c40832-868e-4102-9fc2-e804a327f468.webp	web/chat/clickup-web-chat-sharing-90c40832-868e-4102-9fc2-e804a327f468.webp	reclassified by content: sharing screen -> chat
web/settings/clickup-web-settings-sharing-b1a52c15-1e00-4e37-9438-956a076025e6.webp	web/chat/clickup-web-chat-sharing-b1a52c15-1e00-4e37-9438-956a076025e6.webp	reclassified by content: sharing screen -> chat
web/settings/clickup-web-settings-sharing-d4c1b331-4f8d-4bd7-af0e-76fb1a0b8fb6.webp	web/reports/clickup-web-reports-sharing-d4c1b331-4f8d-4bd7-af0e-76fb1a0b8fb6.webp	reclassified by content: sharing screen -> reports
web/settings/clickup-web-settings-sharing-d652c7a8-4fca-405b-9384-6c29693244e3.webp	web/time-tracking/clickup-web-time-tracking-sharing-d652c7a8-4fca-405b-9384-6c29693244e3.webp	reclassified by content: sharing screen -> time-tracking
web/settings/clickup-web-settings-sharing-e386a6c1-59ab-44cf-bada-3c6009756169.webp	web/forms/clickup-web-forms-sharing-e386a6c1-59ab-44cf-bada-3c6009756169.webp	reclassified by content: sharing screen -> forms
web/settings/clickup-web-settings-sharing-f97d74be-f883-4672-8f84-b89a581ee635.webp	web/chat/clickup-web-chat-sharing-f97d74be-f883-4672-8f84-b89a581ee635.webp	reclassified by content: sharing screen -> chat
web/settings/clickup-web-settings-statuses-1f656587-efac-47af-a366-cd2fbbabf72b.webp	web/automations/clickup-web-automations-statuses-1f656587-efac-47af-a366-cd2fbbabf72b.webp	reclassified by content: statuses screen -> automations
web/settings/clickup-web-settings-statuses-4b7b43a9-f7cb-4e44-a458-45ba7b721d65.webp	web/database/clickup-web-database-statuses-4b7b43a9-f7cb-4e44-a458-45ba7b721d65.webp	reclassified by content: statuses screen -> database
web/settings/clickup-web-settings-statuses-7339030f-2aba-4f8a-b67f-0f076f9e0ebe.webp	web/navigation/clickup-web-navigation-statuses-7339030f-2aba-4f8a-b67f-0f076f9e0ebe.webp	reclassified by content: statuses screen -> navigation
web/settings/clickup-web-settings-statuses-8a714ab4-93a1-4c57-8cfd-fff72cb02f75.webp	web/database/clickup-web-database-statuses-8a714ab4-93a1-4c57-8cfd-fff72cb02f75.webp	reclassified by content: statuses screen -> database
web/settings/clickup-web-settings-statuses-a81d5823-cfdb-4258-b943-d02e88a60e32.webp	web/automations/clickup-web-automations-statuses-a81d5823-cfdb-4258-b943-d02e88a60e32.webp	reclassified by content: statuses screen -> automations
web/settings/clickup-web-settings-statuses-ae953626-33be-4894-a047-232cc8e4b871.webp	web/automations/clickup-web-automations-statuses-ae953626-33be-4894-a047-232cc8e4b871.webp	reclassified by content: statuses screen -> automations
web/settings/clickup-web-settings-statuses-bf85aa7d-003b-4727-9e34-ea8e8979d9bf.webp	web/navigation/clickup-web-navigation-statuses-bf85aa7d-003b-4727-9e34-ea8e8979d9bf.webp	reclassified by content: statuses screen -> navigation
web/settings/clickup-web-settings-statuses-d45535fd-d0ee-4300-9073-ce81d702df09.webp	web/database/clickup-web-database-statuses-d45535fd-d0ee-4300-9073-ce81d702df09.webp	reclassified by content: statuses screen -> database
web/settings/clickup-web-settings-switch-account-3af0ca36-9e7d-4b6c-91d2-fb75ceb04316.webp	web/database/clickup-web-database-switch-account-3af0ca36-9e7d-4b6c-91d2-fb75ceb04316.webp	reclassified by content: switch-account screen -> database
web/settings/clickup-web-settings-task-types-07168377-a072-4f39-bfd4-c88122ef312c.webp	web/forms/clickup-web-forms-task-types-07168377-a072-4f39-bfd4-c88122ef312c.webp	reclassified by content: task-types screen -> forms
web/settings/clickup-web-settings-task-types-08243684-6ba1-4cee-af17-8d21078d95b0.webp	web/database/clickup-web-database-task-types-08243684-6ba1-4cee-af17-8d21078d95b0.webp	reclassified by content: task-types screen -> database
web/settings/clickup-web-settings-task-types-26f9c20d-2e83-4021-a779-6633f8346f9e.webp	web/tasks/clickup-web-tasks-task-types-26f9c20d-2e83-4021-a779-6633f8346f9e.webp	reclassified by content: task-types screen -> tasks
web/settings/clickup-web-settings-task-types-3f70b74f-2e7b-42a4-81f7-f9750a39722c.webp	web/automations/clickup-web-automations-task-types-3f70b74f-2e7b-42a4-81f7-f9750a39722c.webp	reclassified by content: task-types screen -> automations
web/settings/clickup-web-settings-task-types-56454495-0460-4c08-a529-b6cc12ef16b5.webp	web/database/clickup-web-database-task-types-56454495-0460-4c08-a529-b6cc12ef16b5.webp	reclassified by content: task-types screen -> database
web/settings/clickup-web-settings-task-types-56eefc2b-41e7-4751-8e0c-3e1a98dbde5d.webp	web/tasks/clickup-web-tasks-task-types-56eefc2b-41e7-4751-8e0c-3e1a98dbde5d.webp	reclassified by content: task-types screen -> tasks
web/settings/clickup-web-settings-task-types-67624540-96b2-48d6-b884-d43546e106f0.webp	web/database/clickup-web-database-task-types-67624540-96b2-48d6-b884-d43546e106f0.webp	reclassified by content: task-types screen -> database
web/settings/clickup-web-settings-task-types-7003f12b-2409-4aa6-bc88-81b3db85cc43.webp	web/database/clickup-web-database-task-types-7003f12b-2409-4aa6-bc88-81b3db85cc43.webp	reclassified by content: task-types screen -> database
web/settings/clickup-web-settings-task-types-9f991f9b-c345-4995-b096-3d68d072de40.webp	web/database/clickup-web-database-task-types-9f991f9b-c345-4995-b096-3d68d072de40.webp	reclassified by content: task-types screen -> database
web/settings/clickup-web-settings-task-types-a46d689b-a3fc-46fc-bba6-652fde9bdbe6.webp	web/automations/clickup-web-automations-task-types-a46d689b-a3fc-46fc-bba6-652fde9bdbe6.webp	reclassified by content: task-types screen -> automations
web/settings/clickup-web-settings-task-types-a7237953-e177-4969-8e58-c3e7d91379cd.webp	web/tasks/clickup-web-tasks-task-types-a7237953-e177-4969-8e58-c3e7d91379cd.webp	reclassified by content: task-types screen -> tasks
web/settings/clickup-web-settings-task-types-b31fa6a1-4ddd-49ba-8b8b-8a2ee9aecaab.webp	web/database/clickup-web-database-task-types-b31fa6a1-4ddd-49ba-8b8b-8a2ee9aecaab.webp	reclassified by content: task-types screen -> database
web/settings/clickup-web-settings-task-types-b50c0675-3e54-4be6-b090-9eafd195bc81.webp	web/forms/clickup-web-forms-task-types-b50c0675-3e54-4be6-b090-9eafd195bc81.webp	reclassified by content: task-types screen -> forms
web/settings/clickup-web-settings-task-types-c523e9bc-0eca-41d1-96e3-f0af66f2db3f.webp	web/database/clickup-web-database-task-types-c523e9bc-0eca-41d1-96e3-f0af66f2db3f.webp	reclassified by content: task-types screen -> database
web/settings/clickup-web-settings-task-types-caff93fc-a78d-413a-bd6b-01c82845b482.webp	web/menus/clickup-web-menus-task-types-caff93fc-a78d-413a-bd6b-01c82845b482.webp	reclassified by content: task-types screen -> menus
web/settings/clickup-web-settings-task-types-d6f96713-69a3-406d-b45e-7ab24560ab65.webp	web/tasks/clickup-web-tasks-task-types-d6f96713-69a3-406d-b45e-7ab24560ab65.webp	reclassified by content: task-types screen -> tasks
web/settings/clickup-web-settings-task-types-d9e5cd66-b250-481f-b582-72e95f678b92.webp	web/database/clickup-web-database-task-types-d9e5cd66-b250-481f-b582-72e95f678b92.webp	reclassified by content: task-types screen -> database
web/settings/clickup-web-settings-task-types-fb338c7a-2e9c-412b-bcdb-99f26c2073d2.webp	web/database/clickup-web-database-task-types-fb338c7a-2e9c-412b-bcdb-99f26c2073d2.webp	reclassified by content: task-types screen -> database
web/settings/clickup-web-settings-trash-2b31b650-507e-4a92-9c4f-d72428104a7f.webp	web/menus/clickup-web-menus-trash-2b31b650-507e-4a92-9c4f-d72428104a7f.webp	reclassified by content: trash screen -> menus
web/settings/clickup-web-settings-trash-7266b502-d0a5-40bc-b4e9-a1bb81015ec1.webp	web/dialogs/clickup-web-dialogs-trash-7266b502-d0a5-40bc-b4e9-a1bb81015ec1.webp	reclassified by content: trash screen -> dialogs
web/settings/clickup-web-settings-trash-9eeb568a-a106-4829-b4a5-d9678708d41e.webp	web/dialogs/clickup-web-dialogs-trash-9eeb568a-a106-4829-b4a5-d9678708d41e.webp	reclassified by content: trash screen -> dialogs
web/settings/clickup-web-settings-trash-fcd7d80b-ab9c-4d07-8429-1bd6d77fbc83.webp	web/views/clickup-web-views-trash-fcd7d80b-ab9c-4d07-8429-1bd6d77fbc83.webp	reclassified by content: trash screen -> views
web/settings/clickup-web-settings-workspace-ced681aa-8474-496f-9ab0-924ee52a00ee.webp	web/navigation/clickup-web-navigation-workspace-ced681aa-8474-496f-9ab0-924ee52a00ee.webp	reclassified by content: workspace screen -> navigation
web/settings/clickup-web-settings-workspace-d9e5cd66-b250-481f-b582-72e95f678b92.webp	web/database/clickup-web-database-workspace-d9e5cd66-b250-481f-b582-72e95f678b92.webp	reclassified by content: workspace screen -> database
